"Supplier's Part Number","Manufacturer's Part Number","Product Name","Quantity in Stock","Buy Price","Manufacturer's Name","When in Stock","Item Barcode"
"30907","045400","HID FARGO 045400 C50 EZ YMCKO Cartridge -Cleaning Roller",11,"78.49","Fargo","Now",""
"30908","051400","HID FARGO 051400 DTC1500 Base Model Single-Sided Printer",1,"2,882.40","Fargo","Now",""
"30910","051000","HID FARGO 051000 DTC1250e Printer - Base Model",6,"2,339.47","Fargo","Now",""
"30916","045500","HID FARGO 045500 DTC1250e-YMCKO Colour Ribbon",19,"159.39","Fargo","Now",""
"30917","045510","HID FARGO  045510 DTC1250e-YMCKOK Colour  Ribbon",4,"176.92","Fargo","Now",""
"30920","052000","HID FARGO DTC4250e Card Printer Base Model",0,"3,762.93","Fargo","Call",""
"30923","052108","HID FARGO DTC4250e Card Printer DS Model",0,"6,332.47","Fargo","Call",""
"30926","045100","HID FARGO 045100 DTC4250e EZ - YMCKO Cartridge",6,"176.92","Fargo","Now",""
"30927","045114","HID FARGO 045114 DTC4250e EZ YMCKO Half Cartridge",0,"163.78","Fargo","Call",""
"30928","045110","HID FARGO 045110 DTC4250e EZYMCKOK Cartridge-Cleaning Roller",0,"185.70","Fargo","Call",""
"30930","055008","HID FARGO DTC4500e Card Printer Base Model+Ethernet -Encoder",0,"5,391.73","Fargo","Call",""
"30933","055108","HID FARGO DTC4500e Card Printer DS Model + Ethernet -Encoder",0,"6,708.76","Fargo","Call",""
"30936","045200","HID FARGO 045200 DTC4500e EZ - YMCKO Cartridge",0,"298.29","Fargo","9/02/2026",""
"30937","045214","HID FARGO 045214 DTC4500e EZ YMCKO Half Cartridge",0,"391.86","Fargo","Call",""
"30938","045210","HID FARGO 045210 DTC4500e EZYMCKOK Cartridge-Cleaning Roller",1,"394.78","Fargo","Now",""
"30940","089600","HID FARGO 089600 HDP5000 Printer - Base Model",0,"5,692.77","Fargo","Call",""
"30943","089657","HID FARGO 089657 HDP5000 Printer - DS Model",0,"9,756.72","Fargo","Call",""
"30947","084053","HID FARGO 084053 Clear HDP5000 HDP Film – 1500 images",1,"283.66","Fargo","Now",""
"30950","088935","HID FARGO 088935 - HDP5000 Single-Side Lamination Module",0,"3,564.03","Fargo","Call",""
"30951","089001","HID FARGO 089001 - HDP5000 Dual-Side Printing Module",0,"1,496.57","Fargo","Call",""
"30952","089202","HID FARGO 089202 - HDP5000 -5121 Encoder",0,"1,371.88","Fargo","Call",""
"30953","089203","HID FARGO 089203 - HDP5000 -5121 Encoder",1,"1,371.88","Fargo","Now",""
"30954","089277","HID FARGO 089277 - HDP5000 -5127 Encoder",1,"1,426.69","Fargo","Now",""
"30955","084511","HID FARGO 084511 RBN H5600 YMCK -500 images",3,"403.56","Fargo","Now",""
"30956","084500","HID FARGO 084500 RBN HDP5600 INTM – 1500 images",0,"283.66","Fargo","Call",""
"30971","045101","HID FARGO 045101 EZ Premium Black  – 1000 Images",4,"89.21","Fargo","Now",""
"30972","045102","HID FARGO 045102 EZ Standard Black  – 1000 Images",3,"51.55","Fargo","Now",""
"30973","045103","HID FARGO 045103 EZ Blue with Cleaning Roller – 1000 Images",0,"87.75","Fargo","Call",""
"30975","045105","HID FARGO 045105 EZ Red with Cleaning Roller – 1000 Images",0,"87.75","Fargo","Call",""
"30976","045106","HID FARGO 045106 EZ White with Cleaning Roller – 1000 Images",1,"95.03","Fargo","Now",""
"30979","045130","HID FARGO 0451130 EZ Gold Metallic  – 500 Images",0,"97.96","Fargo","Call",""
"30983","082266","HID FARGO 082266 CR80 adhesive paper-backed cards(Box 500)",1,"370.68","Fargo","Now",""
"30986","044202","HID FARGO 044202 Std Black Cartridge with Cleaning Roller",0,"76.04","Fargo","Call",""
"30990","081754","HID FARGO 081754 Blank PVC Cards - Pack of 500",9,"143.77","Fargo","Now",""
"30991","086177","HID FARGO 086177 Cleaning Kit - 4  Swabs -10  Cards",6,"121.88","Fargo","Now",""
"30992","086131","HID FARGO 086131 Double Sided Cleaning Cards - 50 Count",5,"117.13","Fargo","Now",""
"30993","089200","HID FARGO 089200 Cleaning Kit – for HDP5000",8,"137.71","Fargo","Now",""
"30994","044260","HID FARGO 044260 Cleaning Rollers - 3 pack",0,"57.79","Fargo","Call",""
"30995","086004","HID FARGO 086004 Cleaning Rollers - 10 pack for HDP5000",7,"104.86","Fargo","Now",""
"30996","082133","HID FARGO 082133 Cleaning Cards-ISO-Propyl Alcohol - 10 Pack",0,"94.97","Fargo","Call",""
"30998","082136","HID FARGO 082136 CR80 Composite Card",0,"329.11","Fargo","Call",""
"30999","082618","HID FARGO 082618 Thermal Transfer Overlaminate",0,"272.64","Fargo","Call",""
"32200","086511","HID FARGO 086511 Asure ID Solo",6,"427.31","Fargo","Now",""
"32200-01","086415","HID FARGO 086415 Asure ID 7 Solo to Express Upgrade",0,"1,025.82","Fargo","Call",""
"32200-02","086416","HID FARGO 086416 AsureID7 Solo - AsureID7 Enterprise Upgrade",0,"2,562.35","Fargo","Call",""
"32200-03","086417","HID FARGO 086417 Asure ID7 Solo to AsureID7 Exchange Upgrade",0,"4,441.30","Fargo","Call",""
"32201","086512","HID FARGO 086512 Asure ID 7 Express",0,"1,453.12","Fargo","13/01/2026",""
"32201-01","086418","HID FARGO 086418 Asure ID7 Express to ID7 Enterprise Upgrade",0,"1,536.53","Fargo","Call",""
"32201-02","086419","HID FARGO 086419 AsureID7 Express- AsureID7 Exchange Upgrade",0,"3,415.48","Fargo","Call",""
"32202","086513","HID FARGO 086513 Asure ID 7 Enterprise",0,"2,989.65","Fargo","Call",""
"32203","086514","HID FARGO 086514 Asure ID 7 Exchange",0,"4,872.99","Fargo","Call",""
"AL-TEMPORIS380","TEMPORIS 380","Alcatel Temporis 380 Business Telephone with Speakerphone",51,"44.52","Alcatel","Now","3700601414677"
"BSE-10HPQ-POE","10HPQ-POE","Adapt-IQV 10.1in Digital Signage Tablet",0,"1,134.17","Bose","Call",""
"BSE-28337","28337","Bose Panaray CB-MA12 Coupling Bracket Black",0,"84.37","Bose","Call",""
"BSE-28338","28338","Bose Panaray CB-MA12 Coupling Bracket White",0,"84.37","Bose","Call",""
"BSE-29229","29229","Bose Panaray PSA-12 MA-12 Stand Adapter",0,"127.60","Bose","Call",""
"BSE-29854","29854","Bose FreeSpace 3 Flush-Mount Acoustimass Module Tile Bridge",3,"238.99","Bose","Now",""
"BSE-29855","29855","Bose FreeSpace 3 Flush-Mount Acoustimass Module Rough-In Pan",2,"113.09","Bose","Now",""
"BSE-315338-0100","315338-0100","Bose Panaray CVT-MA12EX Transformer 70V/100V Black",0,"393.78","Bose","Call",""
"BSE-315338-0200","315338-0200","Bose Panaray CVT-MA12EX Transformer 70V/100V White",0,"393.78","Bose","Call",""
"BSE-317088-0100","317088-0100","Bose Panaray CB-MA12EX Coupling Bracket Black",0,"95.80","Bose","Call",""
"BSE-317088-0200","317088-0200","Bose Panaray CB-MA12EX Coupling Bracket White",0,"95.80","Bose","Call",""
"BSE-317302-0100","317302-0100","Bose Panaray MA12EX Loudspeaker Black",0,"1,743.41","Bose","Call",""
"BSE-317302-0200","317302-0200","Bose Panaray MA12EX Loudspeaker White",0,"1,743.41","Bose","Call",""
"BSE-318337-0100","318337-0100","Bose Panaray WMB2-MA12/MA12EX Pitch Lock Upper Bracket Black",0,"121.16","Bose","Call",""
"BSE-318337-0200","318337-0200","Bose Panaray WMB2-MA12/MA12EX Pitch Lock Upper Bracket White",0,"121.16","Bose","Call",""
"BSE-318338-0100","318338-0100","Bose Panaray WMB-MA12/MA12EX Bi-Pivot Bracket Black",0,"189.84","Bose","Call",""
"BSE-318338-0200","318338-0200","Bose Panaray WMB-MA12/MA12EX Bi-Pivot Bracket White",0,"189.84","Bose","Call",""
"BSE-318418-0100","318418-0100","Bose Panaray WMB-MA12/MA12EX Pitch Only Bracket Black",2,"95.00","Bose","Now",""
"BSE-318418-0200","318418-0200","Bose Panaray WMB-MA12/MA12EX Pitch Only Bracket White",0,"95.00","Bose","Call",""
"BSE-343546-2110","343546-2110","Bose PowerMatch PM8500N Config Pro Amp AU",0,"4,407.56","Bose","Call",""
"BSE-344871-5430","344871-5430","Bose FreeSpace IZA 190-HZ DM+FS EQ 240V AU",3,"589.14","Bose","Now",""
"BSE-344871-5440","344871-5440","Bose FreeSpace IZA 250-LZ DM+FS EQ 240V AU",5,"477.20","Bose","Now",""
"BSE-359844-0020","359844-0020","Bose PowerMatchDante Network Card",1,"701.34","Bose","Now",""
"BSE-371407-0010","371407-0010","Bose ControlSpace CC-PS1 Universal Power Supply",4,"79.65","Bose","Now",""
"BSE-40143","40143","Bose FreeSpace 3 Satellites White ROHS",4,"197.00","Bose","Now",""
"BSE-40144","40144","Bose FreeSpace 3 Satellites Black ROHS",2,"197.00","Bose","Now",""
"BSE-40145","40145","Bose FreeSpace 3 Bass Module White RoHS",0,"571.00","Bose","Call",""
"BSE-40146","40146","Bose FreeSpace 3 Bass Module Black RoHS",0,"571.00","Bose","Call",""
"BSE-40188","40188","Bose Panaray MA12 Loudspeaker White RoHS",0,"1,105.86","Bose","Call",""
"BSE-40189","40189","Bose MA12 LDSPKR Black RoHS",4,"1,105.86","Bose","Now",""
"BSE-40190","40190","Bose Panaray CVT-12 MA12 Transformer Kit Black RoHS",0,"223.30","Bose","Call",""
"BSE-40191","40191","Bose Panaray CVT-12 MA12 Transformer Kit White RoHS",0,"223.30","Bose","Call",""
"BSE-41760","41760","Bose ControlSpace CC-64 CTRL CTR ROHS",6,"1,170.33","Bose","Now",""
"BSE-41761","41761","Bose ControlSpace CC16 Zone Controller RoHS",6,"408.47","Bose","Now",""
"BSE-719782-5430","719782-5430","Bose FreeSpace IZA 2120-HZ DM+FS EQ 240V AU",3,"1,025.23","Bose","Now",""
"BSE-719782-5440","719782-5440","Bose FreeSpace IZA 2120-LZ DM+FS EQ 240V AU",0,"939.99","Bose","Call",""
"BSE-730999-5540","730999-5540","Bose ShowMatch SM5 DeltaQ Array Loudspeaker",0,"999,999.00","Bose","Call",""
"BSE-730999-8850","730999-8850","Bose ShowMatch SM10 DeltaQ Array Loudspeaker",0,"999,999.00","Bose","Call",""
"BSE-730999-8860","730999-8860","Bose ShowMatch SM20 DeltaQ Array Loudspeaker",0,"999,999.00","Bose","Call",""
"BSE-731419-5110","731419-5110","Bose F1 Model 812 Flex Array Loudspeaker 240V AU",1,"1,509.00","Bose","Now",""
"BSE-731444-5110","731444-5110","Bose F1 Subwoofer Powered 240V AU",2,"1,509.00","Bose","Now",""
"BSE-734302-0110","734302-0110","Bose ShowMatch SMS118 DeltaQ Array Subwoofer",0,"999,999.00","Bose","Call",""
"BSE-738453-0110","738453-0110","Bose RoomMatchUtility Pan & Tilt Bracket Black",5,"229.10","Bose","Now",""
"BSE-738453-0120","738453-0120","Bose DesignMax WBPWR-50B Pan & Tilt Bracket Oudoor Black",5,"277.82","Bose","Now",""
"BSE-738453-0210","738453-0210","Bose RoomMatchUtility Pan & Tilt Bracket White",5,"229.10","Bose","Now",""
"BSE-738453-0220","738453-0220","Bose DesignMax WBPWR-50B Pan & Tilt Bracket Oudoor White",5,"277.82","Bose","Now",""
"BSE-751863-0010","751863-0010","Bose F1 Model 812 Travel Bag",3,"186.81","Bose","Now",""
"BSE-751863-0010","751863-0010","Bose F1 Model 812 Travel Bag",3,"186.81","Bose","Now",""
"BSE-751864-0010","751864-0010","Bose F1 Subwoofer Travel Bag",3,"186.81","Bose","Now",""
"BSE-766712-2410","766712-2410","Bose ShowMatch SM5WG55 Waveguide for SM5",0,"999,999.00","Bose","Call",""
"BSE-766713-9610","766713-9610","Bose ShowMatch SM20WG12 Waveguide for SM20",0,"999,999.00","Bose","Call",""
"BSE-768928-0010","768928-0010","Bose ControlCenter CV41 4 to 1 Converter",0,"137.92","Bose","Call",""
"BSE-768932-2110","768932-2110","Bose ControlCenter CC-1 Zone Controller EU Black",4,"96.54","Bose","Now",""
"BSE-768932-2210","768932-2210","Bose ControlCenter CC-1 Zone Controller EU White",8,"96.54","Bose","Now",""
"BSE-768938-2110","768938-2110","Bose ControlCenter CC-2 Zone Controller EU Black",4,"110.33","Bose","Now",""
"BSE-768938-2210","768938-2210","Bose ControlCenter CC-2 Zone Controller EU White",4,"110.33","Bose","Now",""
"BSE-768941-2110","768941-2110","Bose ControlCenter CC-3 Zone Controller EU Black",4,"110.33","Bose","Now",""
"BSE-768941-2210","768941-2210","Bose ControlCenter CC-3 Zone Controller EU White",4,"110.33","Bose","Now",""
"BSE-770299-0110","770299-0110","Bose ShowMatch T-Bar Array Frame",0,"999,999.00","Bose","Call",""
"BSE-770300-0110","770300-0110","Bose ShowMatch Array Frame",0,"999,999.00","Bose","Call",""
"BSE-770302-0110","770302-0110","Bose ShowMatch Array Pullback Bracket",0,"999,999.00","Bose","Call",""
"BSE-770304-0010","770304-0010","Bose ShowMatch Short Quick Pin Kit",0,"999,999.00","Bose","Call",""
"BSE-771783-0110","771783-0110","Bose ControlSpace EX 4-CH MIC/GPIO Dante UTB",0,"968.78","Bose","Call",""
"BSE-771784-0110","771784-0110","Bose ControlSpace EX USB/Headset Dante UTB",0,"784.14","Bose","Call",""
"BSE-772045-0110","772045-0110","Bose ControlSpace EX 8-CH MIC/GPIO Dante UTB",0,"1,726.83","Bose","Call",""
"BSE-772234-5110","772234-5110","Bose ControlSpace EX-1280C Processor 230V AU",1,"4,235.62","Bose","Now",""
"BSE-772238-0110","772238-0110","Bose PowerMatchAmpLink Card 24-Channel",0,"169.91","Bose","Call",""
"BSE-776255-0110","776255-0110","Bose ShowMatch Sub-Module Transition Kit",0,"999,999.00","Bose","Call",""
"BSE-777189-0220","777189-0220","Bose EdgeMax EM180 In Ceiling Loudspeaker White",2,"966.75","Bose","Now",""
"BSE-778844-0220","778844-0220","Bose EdgeMax EM90 In Ceiling Loudspeaker White",2,"966.75","Bose","Now",""
"BSE-785403-0110","785403-0110","Bose ToneMatch T4S Mixer",0,"754.17","Bose","29/01/2026",""
"BSE-785491-0110","785491-0110","Bose ToneMatch T8S Mixer",0,"1,229.85","Bose","29/01/2026",""
"BSE-787856-5110","787856-5110","Bose Panaray MSA12X Loudspeaker Black 230V AU",0,"4,385.00","Bose","Call",""
"BSE-787856-5210","787856-5210","Bose Panaray MSA12X Loudspeaker White 230V AU",2,"4,385.00","Bose","Now",""
"BSE-788330-0110","788330-0110","Bose EdgeMax EM90-180 Black Grille Single",0,"128.00","Bose","1/01/2026",""
"BSE-789175-0010","789175-0010","Bose S1 Pro Battery Pack",3,"165.93","Bose","Now",""
"BSE-789175-0010","789175-0010","Bose S1 Pro Battery Pack",3,"165.93","Bose","Now",""
"BSE-790054-0010","790054-0010","Bose EdgeMax EM90-180 Rough-in Pan Pair",2,"115.00","Bose","Now",""
"BSE-790080-0110","790080-0110","Bose ControlSpace EX Mounting Bracket",0,"56.87","Bose","Call",""
"BSE-790081-0010","790081-0010","Bose ControlSpace EX Microphone Extension Cable",0,"75.00","Bose","Call",""
"BSE-794042-3350","794042-3350","Bose ArenaMatch AM10/60 Outdoor Loudspeaker 60x10",0,"999,999.00","Bose","Call",""
"BSE-794042-3360","794042-3360","Bose ArenaMatch AM20/60 Outdoor Loudspeaker 60x20",0,"999,999.00","Bose","Call",""
"BSE-794042-3380","794042-3380","Bose ArenaMatch AM40/60 Outdoor Loudspeaker 60x40",0,"999,999.00","Bose","Call",""
"BSE-794042-6650","794042-6650","Bose ArenaMatch AM10/80 Outdoor Loudspeaker 80x10",0,"999,999.00","Bose","Call",""
"BSE-794042-6660","794042-6660","Bose ArenaMatch AM20/80 Outdoor Loudspeaker 80x20",0,"999,999.00","Bose","Call",""
"BSE-794042-6680","794042-6680","Bose ArenaMatch AM40/80 Outdoor Loudspeaker 80x40",0,"999,999.00","Bose","Call",""
"BSE-794042-8850","794042-8850","Bose ArenaMatch AM10/100 Outdoor Loudspeaker 100x10",0,"999,999.00","Bose","Call",""
"BSE-794042-8860","794042-8860","Bose ArenaMatch AM20/100 Outdoor Loudspeaker 100x20",0,"999,999.00","Bose","Call",""
"BSE-794042-8880","794042-8880","Bose ArenaMatch AM40/100 Outdoor Loudspeaker 100x40",0,"999,999.00","Bose","Call",""
"BSE-799376-0110","799376-0110","Bose DesignMax Pan & Tilt Bracket Small Black",5,"124.70","Bose","Now",""
"BSE-799376-0210","799376-0210","Bose DesignMax Pan & Tilt Bracket Small White",5,"124.70","Bose","Now",""
"BSE-801332-0110","892116-0100","Bose DesignMax DM8S Single Loudspeaker Black.X",1,"882.41","Bose","Now",""
"BSE-801332-0210","801332-0210","Bose DesignMax DM8S Single Loudspeaker White",0,"882.41","Bose","Call",""
"BSE-802080-0110","802080-0110","Bose DesignMax DM8C Single Black",1,"781.96","Bose","Now",""
"BSE-802080-0210","802080-0210","Bose DesignMax DM8C Single White",1,"781.96","Bose","Now",""
"BSE-803286-5110","803286-5110","Bose PowerSpace P2600A Amplifier 230V AU",3,"1,890.49","Bose","Now",""
"BSE-803287-5110","803287-5110","Bose PowerSpace P21000A Amplifier 230V AU",2,"2,157.00","Bose","Now",""
"BSE-803288-5110","803288-5110","Bose PowerSpace P4300A Amplifier 230V AU",0,"2,236.00","Bose","Call",""
"BSE-803289-5110","803289-5110","Bose PowerSpace P4300+ Amplifier 230V AU",1,"3,255.98","Bose","Now",""
"BSE-806720-0110","806720-0110","Bose ArenaMatch AMUBRKT U-Bracket Kit",0,"999,999.00","Bose","Call",""
"BSE-807140-0110","807140-0110","Bose ArenaMatch AMMCPLAT Module Connect Plate",0,"999,999.00","Bose","Call",""
"BSE-807141-0110","807141-0110","Bose ArenaMatch AMAPSHRT Array Plates Short Kit",0,"999,999.00","Bose","Call",""
"BSE-807142-0110","807142-0110","Bose ArenaMatch AMPULL Array Pullback Bracket",0,"999,999.00","Bose","Call",""
"BSE-808304-0110","808304-0110","Bose ArenaMatch AMPALONG Array Plates Long Kit",0,"999,999.00","Bose","Call",""
"BSE-808453-5110","808453-5110","Bose CSP-428 Processor 230V AU",2,"1,409.70","Bose","Now",""
"BSE-808456-5110","808456-5110","Bose CSP-1248 Processor 230V AU",0,"2,066.59","Bose","9/02/2026",""
"BSE-808461-2110","808461-2110","Bose ControlCenter CC-1D Digital Zone Controller EU Black",5,"232.46","Bose","Now",""
"BSE-808461-2210","808461-2210","Bose ControlCenter CC-1D Digital Zone Controller EU White",7,"232.46","Bose","Now",""
"BSE-808650-8510","808650-8510","Bose ArenaMatch AMWG1010 AM10 Waveguide 10",0,"999,999.00","Bose","Call",""
"BSE-808650-8610","808650-8610","Bose ArenaMatch AMWG2010 AM20 Waveguide 10",0,"999,999.00","Bose","Call",""
"BSE-808650-8810","808650-8810","Bose ArenaMatch AMWG4010 AM40 Waveguide 10",0,"999,999.00","Bose","Call",""
"BSE-808658-6510","808658-6510","Bose ArenaMatch AMWG1080 AM10 Waveguide 80",0,"999,999.00","Bose","Call",""
"BSE-808658-6610","808658-6610","Bose ArenaMatch AMWG2080 AM20 Waveguide 80",0,"999,999.00","Bose","Call",""
"BSE-808658-6810","808658-6810","Bose ArenaMatch AMWG4080 AM40 Waveguide 80",0,"999,999.00","Bose","Call",""
"BSE-808667-3510","808667-3510","Bose ArenaMatch AMWG1060 AM10 Waveguide 60",0,"999,999.00","Bose","Call",""
"BSE-808667-3610","808667-3610","Bose ArenaMatch AMWG2060 AM20 Waveguide 60",0,"999,999.00","Bose","Call",""
"BSE-808667-3810","808667-3810","Bose ArenaMatch AMWG4060 AM40 Waveguide 60",0,"999,999.00","Bose","Call",""
"BSE-808928-2110","808928-2110","Bose ControlCenter CC-2D Digital Zone Controller EU Black",5,"282.10","Bose","Now",""
"BSE-808928-2210","808928-2210","Bose ControlCenter CC-2D EU White",3,"282.10","Bose","Now",""
"BSE-808930-2110","808930-2110","Bose ControlCenter CC-3D Digital Zone Controller EU Black",5,"352.24","Bose","Now",""
"BSE-808930-2210","808930-2210","Bose ControlCenter CC-3D Digital Zone Controller EU White",4,"352.24","Bose","Now",""
"BSE-808932-0210","808932-0210","Bose ControlCenter AVM-1 Sense Microphone White",0,"241.35","Bose","Call",""
"BSE-809510-0010","809510-0010","Bose ToneMatch Aux Power Supply 115V/230V",2,"63.91","Bose","Now",""
"BSE-809781-0010","809781-0010","Bose S1 Pro System BackPack",14,"188.09","Bose","Now",""
"BSE-810460-0110","810460-0110","Bose ArenaMatch AMAPSPRD Array Spreader Bar",0,"999,999.00","Bose","Call",""
"BSE-810613-0010","810613-0010","Bose DesignMax DM8C Rough-In Kit- 6-Pack",1,"154.00","Bose","Now",""
"BSE-810965-5110","810965-5110","Bose PowerSpace P4150+ Amplifier 230V AU",1,"2,615.00","Bose","Now",""
"BSE-811432-0110","811432-0110","Bose MB210WR Outdoor Subwoofer Loudspeaker Black",5,"1,287.94","Bose","Now",""
"BSE-811432-0210","811432-0210","Bose MB210WR Outdoor Subwoofer Loudspeaker White",5,"1,287.94","Bose","Now",""
"BSE-811433-0110","811433-0110","Bose ArenaMatch AMU105 100x100 Outdoor Loudspeaker Black",8,"1,049.86","Bose","Now",""
"BSE-811433-0210","811433-0210","Bose ArenaMatch AMU105 100x100 Outdoor Loudspeaker White",2,"1,049.86","Bose","Now",""
"BSE-811434-0110","811434-0110","Bose ArenaMatch AMU108 90x60 Outdoor Loudspeaker Black",0,"1,529.17","Bose","Call",""
"BSE-811434-0210","811434-0210","Bose ArenaMatch AMU108 90x60 Outdoor Loudspeaker White",2,"1,529.17","Bose","Now",""
"BSE-811435-0110","811435-0110","Bose ArenaMatch AMU206 120x60 Outdoor Loudspeaker Black",0,"1,713.56","Bose","Call",""
"BSE-811435-0210","811435-0210","Bose ArenaMatch AMU206 120x60 Outdoor Loudspeaker White",2,"1,713.56","Bose","Now",""
"BSE-811436-0110","811436-0110","Bose ArenaMatch AMU208 90x60 Outdoor Loudspeaker Black",0,"1,899.88","Bose","Call",""
"BSE-811436-0210","811436-0210","Bose AMU208 90X60 Outdoor LDSPK White",4,"1,899.88","Bose","Now",""
"BSE-812862-5110","812862-5110","Bose ControlSpace ESP-880A 8IN/8OUT 230V AU",1,"2,823.75","Bose","Now",""
"BSE-813375-5310","813375-5310","Bose PowerShare PS404D 230V AU",2,"2,434.89","Bose","Now",""
"BSE-813403-5310","813403-5310","Bose PowerShare PS604D 230V AU",2,"3,033.63","Bose","Now",""
"BSE-815009-0010","815009-0010","Bose DesignMax DM2 Rough-In Kit - 6-Pack",2,"143.36","Bose","Now",""
"BSE-815011-0110","815011-0110","Bose DesignMax DM2C-LP Pair Black",12,"322.00","Bose","Now",""
"BSE-815011-0210","815011-0210","Bose DesignMax DM2C-LP Pair White",24,"322.00","Bose","Now",""
"BSE-825339-0010","825339-0010","Bose S1 Pro System Slip Cover",2,"33.48","Bose","Now",""
"BSE-829380-0110","829380-0110","Bose DesignMax DM8C-Sub Single Black",3,"649.45","Bose","Now",""
"BSE-829380-0210","829380-0210","Bose DesignMax DM8C-Sub Single White",7,"649.45","Bose","Now",""
"BSE-829679-0120","829679-0120","Bose DESIGNMAX DM6C In-Ceiling Loudspeaker PAIR BLK",14,"829.00","Bose","Now",""
"BSE-829679-0210","829679-0210","Bose DesignMax DM6C Pair White",4,"829.00","Bose","Now",""
"BSE-829679-0220","829679-0220","Bose DESIGNMAX DM6C In-Ceiling Loudspeaker PAIR WHT",23,"829.00","Bose","Now",""
"BSE-829682-0110","829682-0110","Bose DesignMax DM6SE Pair Black",1,"1,177.00","Bose","Now",""
"BSE-829682-0120","829682-0120","Bose DESIGNMAX DM6SE Surface Mount Loudspeaker PAIR BLK",11,"1,057.10","Bose","Now",""
"BSE-829682-0220","829682-0220","Bose DESIGNMAX DM6SE Surface Mount Loudspeaker PAIR WHT",17,"1,057.10","Bose","Now",""
"BSE-829683-0110","829683-0110","Bose DesignMax DM5C Pair Black",5,"658.00","Bose","Now",""
"BSE-829683-0120","829683-0120","Bose DESIGNMAX DM5C In-Ceiling Loudspeaker PAIR BLK",10,"658.00","Bose","Now",""
"BSE-829683-0210","829683-0210","Bose DesignMax DM5C Pair White",7,"658.00","Bose","Now",""
"BSE-829683-0220","829683-0220","Bose DESIGNMAX DM5C In-Ceiling Loudspeaker PAIR WHT",23,"658.00","Bose","Now",""
"BSE-829705-0120","829705-0120","Bose DESIGNMAX DM5SE Surface Mount Loudspeaker PAIR BLK",21,"769.00","Bose","Now",""
"BSE-829705-0210","829705-0210","Bose DesignMax DM5SE Pair White",2,"769.00","Bose","Now",""
"BSE-829705-0220","829705-0220","Bose DESIGNMAX DM5SE Surface Mount Loudspeaker PAIR WHT",20,"769.00","Bose","Now",""
"BSE-829708-0110","829708-0110","Bose DesignMax DM3C Pair Black",5,"556.00","Bose","Now",""
"BSE-829708-0120","829708-0120","Bose DESIGNMAX DM3C In-Ceiling Loudspeaker PAIR BLK",0,"496.49","Bose","1/01/2026",""
"BSE-829708-0210","829708-0210","Bose DesignMax DM3C Pair White",0,"556.00","Bose","13/10/2025",""
"BSE-829708-0220","829708-0220","Bose DESIGNMAX DM3C In-Ceiling Loudspeaker PAIR WHT",51,"496.49","Bose","Now",""
"BSE-829712-0110","829712-0110","Bose DesignMax DM3SE Pair Black",4,"595.00","Bose","Now",""
"BSE-829712-0120","829712-0120","Bose DESIGNMAX DM3SE Surface Mount Loudspeaker PAIR BLK",21,"546.14","Bose","Now",""
"BSE-829712-0220","829712-0220","Bose DESIGNMAX DM3SE Surface Mount Loudspeaker PAIR WHT",22,"546.14","Bose","Now",""
"BSE-829719-0010","829719-0010","Bose DesignMax DM3C Rough-In Kit- 6-Pack",2,"143.36","Bose","Now",""
"BSE-829724-0010","829724-0010","Bose DesignMax DM5C Rough-In Kit- 6-Pack",2,"152.05","Bose","Now",""
"BSE-829726-0010","829726-0010","Bose DesignMax DM6C Rough-In Kit - 6-Pack",2,"148.00","Bose","Now",""
"BSE-831856-0110","831856-0110","Bose DesignMax DM10SE-Sub Single Loudspeaker Black",1,"690.71","Bose","Now",""
"BSE-831856-0210","831856-0210","Bose DesignMax DM10SE-Sub Single White",2,"690.71","Bose","Now",""
"BSE-834315-5110","834315-5110","Bose ControlSpace EX-440C Processor 230V AU",0,"3,247.31","Bose","Call",""
"BSE-834316-5110","834316-5110","Bose ControlSpace EX-12AEC Processor 230V AU",0,"2,161.25","Bose","Call",""
"BSE-834317-5110","834317-5110","Bose ControlSpace EX-1280 PROCESSOR 230V AU",5,"3,708.49","Bose","Now",""
"BSE-835265-0110","835265-0110","Bose DesignMax DM10P-Sub Single Black",0,"777.00","Bose","Call",""
"BSE-835265-0210","835265-0210","Bose DesignMax DM10P-Sub Single White",1,"777.00","Bose","Now",""
"BSE-840917-5100","840917-5100","Bose SUB2 Powered Bass Module 230V AU",0,"1,491.00","Bose","29/01/2026",""
"BSE-840918-5100","840918-5100","Bose SUB1 Powered Bass Module 230V AU",0,"985.00","Bose","29/01/2026",""
"BSE-840919-5100","840919-5100","Bose L1 PRO8 Portable Line Array 230V AU",4,"1,381.00","Bose","Now",""
"BSE-840920-5100","840920-5100","Bose L1 PRO16 Portable Line Array 230V AU",2,"2,227.00","Bose","Now",""
"BSE-840921-5100","840921-5100","Bose L1 PRO32 Portable Line Array 230V AU",0,"2,084.47","Bose","29/01/2026",""
"BSE-841151-0310","841151-0310","Bose FreeSpace FS2SE Surface-Mount Loudspeaker Pair Black",0,"409.00","Bose","Call",""
"BSE-841151-0320","841151-0320","Bose FREESPACE FS2SE Surface Mount Loudspeaker PAIR BLK",20,"409.00","Bose","Now",""
"BSE-841151-0420","841151-0420","Bose FreeSpace FS2SE Surface-Mount Loudspeaker Pair White",27,"409.00","Bose","Now",""
"BSE-841153-0320","841153-0320","Bose FREESPACE FS2P Pendant Mount Loudspeaker PAIR BLK",14,"395.33","Bose","Now",""
"BSE-841153-0410","841153-0410","Bose FreeSpace FS2P Pendant-Mount Loudspeaker Pair White",0,"347.00","Bose","Call",""
"BSE-841153-0420","841153-0420","Bose FREESPACE FS2P Pendant Mount Loudspeaker PAIR WHT",10,"395.33","Bose","Now",""
"BSE-841154-0310","841154-0320","Bose FreeSpace FS2C Pair Black",6,"295.00","Bose","Now",""
"BSE-841154-0320","841154-0320","Bose FREESPACE FS2C In-Ceiling Loudspeaker PAIR BLK",10,"295.00","Bose","Now",""
"BSE-841154-0410","841154-0410","Bose FreeSpace FS2C Pair White",2,"295.00","Bose","Now",""
"BSE-841154-0420","841154-0420","Bose FREESPACE FS2C In-Ceiling Loudspeaker PAIR WHT",50,"295.00","Bose","Now",""
"BSE-841155-0310","841155-0310","Bose FreeSpace FS4SE Surface-Mount Loudspeaker Pair Black",0,"695.00","Bose","9/02/2026",""
"BSE-841155-0320","841155-0320","Bose FREESPACE FS4SE Surface Mount Loudspeaker PAIR BLK",20,"665.29","Bose","Now",""
"BSE-841155-0420","841155-0420","Bose FREESPACE FS4SE Surface Mount Loudspeaker PAIR WHT",22,"665.29","Bose","Now",""
"BSE-841156-0310","841156-0310","Bose FreeSpace FS4CE In-Ceiling Loudspeaker Pair Black",0,"508.00","Bose","Call",""
"BSE-841156-0320","841156-0320","Bose FREESPACE FS4CE In-Ceiling Loudspeaker PAIR BLK",10,"508.00","Bose","Now",""
"BSE-841156-0420","841156-0420","Bose FREESPACE FS4CE In-Ceiling Loudspeaker PAIR WHT",40,"508.00","Bose","Now",""
"BSE-841158-0110","841158-0110","Bose FreeSpace FS2SE Aluminium Grille Pair Black",5,"152.32","Bose","Now",""
"BSE-841158-0210","841158-0210","Bose FreeSpace FS2SE Aluminium Grille Pair White",5,"152.32","Bose","Now",""
"BSE-841159-0110","841159-0110","Bose FreeSpace FS4SE Aluminium Grille Pair Black",0,"207.71","Bose","1/01/2026",""
"BSE-841159-0210","841159-0210","Bose FreeSpace FS4SE Aluminium Grille Pair White",5,"207.71","Bose","Now",""
"BSE-841160-0110","841160-0110","Bose FreeSpace FS4CE Aluminium Grille Pair Black",5,"207.71","Bose","Now",""
"BSE-841160-0210","841160-0210","Bose FreeSpace FS4CE Aluminium Grille Pair White",5,"207.71","Bose","Now",""
"BSE-841161-0010","841161-0010","Bose FreeSpace FS2CRFK Retrokit - Pair",4,"166.22","Bose","Now",""
"BSE-841162-0010","841162-0010","Bose FreeSpace FS2C Adj Tile Bridge - 6 Pack",5,"152.32","Bose","Now",""
"BSE-841165-0110","841165-0110","Bose DesignMax DM3P Pair Black",2,"641.00","Bose","Now",""
"BSE-841165-0210","841165-0210","Bose DesignMax DM3P Pair White",2,"641.00","Bose","Now",""
"BSE-841166-0110","841166-0110","Bose DesignMax DM5P Pair Black",3,"754.00","Bose","Now",""
"BSE-841166-0120","841166-0120","Bose DESIGNMAX DM5P Pendant Mount Loudspeaker PAIR BLACK",5,"754.00","Bose","Now",""
"BSE-841166-0220","841166-0220","Bose DESIGNMAX DM5P Pendant Mount Loudspeaker PAIR WHITE",9,"754.00","Bose","Now",""
"BSE-841168-0110","841168-0110","Bose DesignMax DM6PE Pair Black",2,"1,020.00","Bose","Now",""
"BSE-841168-0210","841168-0210","Bose DesignMax DM6PE Pair White",2,"1,020.00","Bose","Now",""
"BSE-842415-5110","842415-5110","Bose Videobar VB1 230V AU",19,"1,938.97","Bose","Now",""
"BSE-842864-0110","842864-0110","Bose FreeSpace FS2CRFK Retrofit Kit Pair Black",0,"100.74","Bose","Call",""
"BSE-842864-0210","842864-0210","Bose FreeSpace FS2CRFK Retrofit Kit Pair White",2,"100.74","Bose","Now",""
"BSE-842866-0110","842866-0110","Bose FreeSpace FS4CERFK Retrofit Kit Pair Black",0,"92.32","Bose","Call",""
"BSE-842866-0210","842866-0210","Bose FreeSpace FS4CERFK Retrofit Kit Pair White",2,"92.32","Bose","Now",""
"BSE-843090-0110","843090-0110","Bose FreeSpace Flush Bass Module Black RoHS",0,"496.00","Bose","Call",""
"BSE-843090-0210","843090-0210","Bose FreeSpace Flush Bass Module White RoHS",0,"496.00","Bose","Call",""
"BSE-843091-0110","843091-0110","Bose FreeSpace 3 FLUSH Satellite Black ROH",0,"206.00","Bose","Call",""
"BSE-843091-0210","843091-0210","Bose FreeSpace 3 FLUSH Satellite White ROHS",0,"206.00","Bose","Call",""
"BSE-843160-0110","843160-0110","Bose ArenaMatch AMM108 Multipurpose Loudspeaker",0,"2,189.04","Bose","Call",""
"BSE-843161-0110","843161-0110","Bose ArenaMatch AMM112 Multipurpose Loudspeaker",0,"3,426.37","Bose","Call",""
"BSE-843163-0110","843163-0110","Bose ArenaMatch AMS115 Compact Subwoofer",0,"2,909.52","Bose","Call",""
"BSE-843344-0010","843344-0010","Bose ArenaMatch AMM Suspension Bracket",0,"245.06","Bose","Call",""
"BSE-843364-0010","843364-0010","Bose ArenaMatch AMM112 U-Bracket",0,"236.96","Bose","Call",""
"BSE-843367-0010","843367-0010","Bose ArenaMatch AMM108 U-Bracket",0,"186.97","Bose","Call",""
"BSE-843944-0010","843944-0010","Bose USB-C Cable Black 2m",2,"55.51","Bose","Now",""
"BSE-845116-0010","845116-0010","Bose ToneMatch Cable Assy Kit 18Ft",0,"114.58","Bose","Call",""
"BSE-850571-0010","850571-0010","Bose DesignMax Pendant Threaded",0,"61.00","Bose","Call",""
"BSE-852581-0110","852581-0110","Bose FreeSpace Ceiling Mount Bracket S2 Black",2,"80.62","Bose","Now",""
"BSE-852581-0210","852581-0210","Bose FreeSpace Ceiling Mount Bracket S2 White",5,"80.62","Bose","Now",""
"BSE-852582-0010","852582-0010","Bose FreeSpace Pendant Suspension Cable Kit - Pair",5,"105.52","Bose","Now",""
"BSE-854381-0010","854381-0010","Bose DesignMax Pendant Conduit",0,"86.89","Bose","Call",""
"BSE-856985-0110","856985-0110","Bose Sub1 Premium Roller Bag Black",5,"313.91","Bose","Now",""
"BSE-856986-0110","856986-0110","Bose Sub2 Premium Roller Bag Black",4,"375.54","Bose","Now",""
"BSE-856989-0110","856989-0110","Bose L1 Pro8 Premium Carry Bag Black",3,"250.36","Bose","Now",""
"BSE-856990-0110","856990-0110","Bose L1 Pro8 Subwoofer Cover Black",1,"57.83","Bose","Now",""
"BSE-856992-0110","856992-0110","Bose L1 Pro16 Premium Roller Bag Black",0,"375.54","Bose","29/01/2026",""
"BSE-856993-0110","856993-0110","Bose L1 Pro16 Subwoofer Cover Black",0,"69.69","Bose","29/01/2026",""
"BSE-856996-0110","856996-0110","Bose L1 Pro32 Premium Carry Bag Black",1,"250.36","Bose","Now",""
"BSE-857000-0110","857000-0110","Bose Sub1-2 Adjustable Speaker Pole",1,"76.00","Bose","Now",""
"BSE-857172-0110","857172-0110","Bose L1 Pro32 Submatch Cable Black",1,"125.18","Bose","Now",""
"BSE-861846-0010","861846-0010","Bose VideoBar Mud Ring",0,"39.06","Bose","Call",""
"BSE-868751-5110","868751-5110","Bose Videobar VB-S 240V AU",9,"640.58","Bose","Now",""
"BSE-869196-0010","869196-0010","Bose Videobar VB1/VBS Display Mounting Kit",10,"185.00","Bose","Now",""
"BSE-869583-5100","869583-5100","Bose S1 Pro+ Wireless PA System 240V AU",7,"903.84","Bose","Now",""
"BSE-869721-0010","869721-0010","Bose S1 Wireless Mic/Line Transmitter",7,"192.60","Bose","Now",""
"BSE-869722-0010","869722-0010","Bose S1 Wireless Intrument Transmitter",0,"192.60","Bose","29/01/2026",""
"BSE-869723-0010","869723-0010","Bose S1 Pro+ System Battery Pack",0,"256.57","Bose","29/01/2026",""
"BSE-869725-0010","869725-0010","Bose S1 Pro+ Play-Through Cover Black",3,"120.88","Bose","Now",""
"BSE-869725-0020","869725-0020","Bose S1 Pro+ Play-Through Cover White",1,"120.88","Bose","Now",""
"BSE-878918-5110","878918-5110","Bose PowerShareX PSX1204D 240V AU",6,"3,548.15","Bose","Now",""
"BSE-878919-5110","878919-5110","Bose PowerShareX PSX2404D 240V AU",3,"4,336.63","Bose","Now",""
"BSE-878920-5110","878920-5110","Bose PowerShare XPSX4804D Amplifier 100V 120V 230V",1,"5,125.10","Bose","Now",""
"BSE-891454-0200","891454-0200","Bose EdgeMax EM180LP In Ceiling Loudspeaker",3,"908.02","Bose","Now",""
"BSE-891455-0200","891455-0200","Bose EdgeMax EM90LP In Ceiling Loudspeaker",4,"908.02","Bose","Now",""
"BSE-892116-0100","892116-0100","Bose DESIGNMAX DM8SE SINGLE BLK",2,"830.64","Bose","Now",""
"BSE-892117-0100","892117-0100","Bose DESIGNMAX DML88P Pendant Mount Loudspeaker BLK",5,"1,084.82","Bose","Now",""
"BSE-892117-0200","892117-0200","Bose DESIGNMAX DML88P Pendant Mount Loudspeaker WHT",5,"1,084.82","Bose","Now",""
"BSE-892119-5110","892119-5110","Bose VERITAS 2160BL Smart Mixer Amplifier 230V EU",0,"1,100.10","Bose","1/01/2026",""
"BSE-892120-5110","892120-5110","Bose VERITAS 250BL Smart Mixer Amplifier 230V EU",5,"634.09","Bose","Now",""
"BSE-892121-5110","892121-5110","Bose VERITAS 2160BH Smart Mixer Amplifier 230V EU",10,"1,227.42","Bose","Now",""
"BSE-892237-5110","892237-5110","Bose VERITAS 1100BH Smart Mixer Amplifier 230V EU",10,"710.48","Bose","Now",""
"BSE-893797-0100","893797-0100","Bose ArenaMatch AMU208-120 120x60 Outdoor Loudspeaker Black",0,"1,899.88","Bose","Call",""
"BSE-893797-0200","BSE-893797-0200","Bose ArenaMatch AMU208-120 120x60 Outdoor Loudspeaker White",0,"1,899.88","Bose","Call",""
"BSE-893798-0100","893798-0100","Bose ArenaMatch AMU108-120 120x60 Outdoor Loudspeaker Black",0,"1,529.17","Bose","Call",""
"BSE-893798-0200","893798-0200","Bose ArenaMatch AMU108-120 120x60 Outdoor Loudspeaker White",0,"1,529.17","Bose","Call",""
"BSE-893800-0600","893800-0600","Bose FreeSpace 360P II Green 70 100V RoHS",46,"445.02","Bose","Now",""
"BSE-A00204-0100","A00204-0100","Bose FC112 MULTIPURPOSE Loudspeaker",10,"3,144.51","Bose","Now",""
"BSE-A00205-0100","A00205-0100","Bose FC108 MULTIPURPOSE Loudspeaker",6,"2,161.69","Bose","Now",""
"BSE-A00508-0100","A00508-0100","Bose FC108 U BRACKET BLACK",6,"170.26","Bose","Now",""
"BSE-A00509-0100","A00509-0100","Bose FC112 U BRACKET BLACK",10,"221.85","Bose","Now",""
"EPS-1000202","1000202","EPOS EXPAND 80 Bluetooth Speakerphone - USB-C",0,"700.11","EPOS","Call","5714708000037"
"EPS-1000204","1000204","EPOS ADAPT 460 Bluetooth In-Ear Neckband UC Headset.X",2,"281.19","EPOS","Now","5714708000051"
"EPS-1000205","1000205","EPOS ADAPT 460 Bluetooth In-Ear Neckband UC Headset - Team.X",4,"281.19","EPOS","Now","5714708000068"
"EPS-1000206","1000206","EPOS BTD 800 USB-C Bluetooth Adapter",21,"113.60","EPOS","Now","5714708000075"
"EPS-1000209","1000209","EPOS ADAPT 360 Bluetooth ANC Headset with Dongle - Black",4,"327.43","EPOS","Now","5714708000105"
"EPS-1000211","1000211","EPOS USB-C Cable",0,"18.50","EPOS","Call","5714708000129"
"EPS-1000212","1000212","EPOS 3.5mm Audio Cable for ADAPT 360",0,"24.66","EPOS","Call","5714708000136"
"EPS-1000213","1000213","EPOS ADAPT 360 Storage Pouch",0,"24.66","EPOS","Call","5714708000143"
"EPS-1000214","1000214","EPOS ADAPT 360 Spare Earpads - Black",0,"24.66","EPOS","Call","5714708000150"
"EPS-1000215","1000215","EPOS ADAPT 360 Spare Earpads",0,"22.90","EPOS","Call","5714708000167"
"EPS-1000223","1000223","EPOS EXPAND SP 30 Bluetooth Speaker - UC & Skype.x",0,"215.76","EPOS","Call","5714708000242"
"EPS-1000224","1000224","EPOS EXPAND SP 30+ Bluetooth Speaker w/ Dongle - UC & Skype",18,"245.70","EPOS","Now","5714708000259"
"EPS-1000225","1000225","EPOS EXPAND SP 30T Bluetooth Speaker w/ Dongle - Teams",8,"245.70","EPOS","Now","5714708000266"
"EPS-1000229","1000229","EPOS EXPAND 80 Expansion Microphone - 2.5mm Jack",2,"280.93","EPOS","Now","5714708000303"
"EPS-1000258","1000258","EPOS ADAPT 560 Carry Case",0,"34.35","EPOS","Call","5714708000594"
"EPS-1000261","1000261","EPOS ADAPT 460 Ear Tips - 4 Pairs",0,"18.50","EPOS","Call","5714708000624"
"EPS-1000299","1000299","EPOS IMPACT SDW D1 USB DECT Dongle",14,"172.90","EPOS","Now","5714708001003"
"EPS-1000300","1000300","EPOS IMPACT SDW 5011 DECT 3-in-1 Headset - USB DECT Dongle",19,"312.81","EPOS","Now","5714708001010"
"EPS-1000301","1000301","EPOS IMPACT SDW 5031 DECT Monaural Headset - USB DECT Dongle",7,"318.50","EPOS","Now","5714708001027"
"EPS-1000302","1000302","EPOS IMPACT SDW 5061 DECT Binaural Headset - USB DECT Dong.x",0,"327.60","EPOS","Call","5714708001034"
"EPS-1000303","1000303","EPOS Power Pack for Impact 5000 & Expand 80 series",3,"48.44","EPOS","Now","5714708001041"
"EPS-1000304","1000304","EPOS | Sennhesier USB-C to USB-C Cable",0,"28.18","EPOS","Call","5714708001058"
"EPS-1000418","1000418","EPOS HZP 49 Ear Pads for MB660 - 1 Pair",3,"34.35","EPOS","Now","5714708002192"
"EPS-1000420","1000420","EPOS | Sennhesier ADAPT 660 Carry Case",0,"34.35","EPOS","Call","5714708002215"
"EPS-1000421","1000421","EPOS | Sennhesier USB to micro-USB Cable.x",1,"16.02","EPOS","Now","5714708002222"
"EPS-1000514","1000514","EPOS IMPACT SC 230 Wired Headset",23,"98.46","EPOS","Now","5714708003151"
"EPS-1000515","1000515","EPOS IMPACT SC 260 Wired Headset",51,"125.93","EPOS","Now","5714708003168"
"EPS-1000525","1000525","EPOS IMPACT DW PRO 1 PHONE DECT Mono Headset - Phone Only.X",2,"292.11","EPOS","Now","5714708003267"
"EPS-1000532MBL","1000532","EPOS DW Office DECT Headset w Mobile Phone Cable - MS",0,"464.00","EPOS","Call","5714708003335"
"EPS-1000550","1000550","EPOS IMPACT SC 30 USB ML Headset",33,"67.93","EPOS","Now","5714708003519"
"EPS-1000551","1000551","EPOS IMPACT SC 60 USB ML Headset",32,"72.51","EPOS","Now","5714708003526"
"EPS-1000553","1000553","EPOS IMPACT SC 660 USB ML Headset.x",28,"251.11","EPOS","Now","5714708003540"
"EPS-1000554","1000554","EPOS IMPACT SC 630 Wired Headset",20,"182.42","EPOS","Now","5714708003557"
"EPS-1000555","1000555","EPOS IMPACT SC 660 Wired Headset",2,"232.79","EPOS","Now","5714708003564"
"EPS-1000579","1000579","EPOS IMPACT SC 260 USB MS II Headset",51,"109.20","EPOS","Now","5714708003809"
"EPS-1000586","1001015","EPOS IMPACT SDW 5013 DECT 3-in-1 Headset - PC Only.X",6,"318.50","EPOS","Now","5714708003878"
"EPS-1000622BL","1000622","EPOS SDW 5016 Headset Bundle - UI 10 BL Busylight - MS",0,"479.57","EPOS","Call","5714708004233"
"EPS-1000631","1000631","EPOS SDW 10 HS DECT Headset",2,"254.51","EPOS","Now","5714708004325"
"EPS-1000632","1000632","EPOS SDW 30 HS DECT Headset",17,"254.51","EPOS","Now","5714708004332"
"EPS-1000633","1000633","EPOS SDW 60 HS DECT Headset",11,"295.02","EPOS","Now","5714708004349"
"EPS-1000634","1000634","EPOS IMPACT SC 45 USB MS Headset - 3.5mm Jack.X",10,"83.72","EPOS","Now","5714708004356"
"EPS-1000635","1000635","EPOS IMPACT SC 75 USB MS Headset - 3.5mm Jack",51,"90.83","EPOS","Now","5714708004363"
"EPS-1000635-SPL","1000635-SPL","EPOS IMPACT SC 75 USB MS Headset - 3.5mm Jack",51,"57.00","EPOS","Now",""
"EPS-1000641","1000641","EPOS IMPACT SC 660 TC Wired Headset",0,"332.00","EPOS","Call","5714708004424"
"EPS-1000645","1000645","EPOS IMPACT SC 665 USB Headset - 3.5mm Jack",9,"251.11","EPOS","Now","5714708004462"
"EPS-1000650","1000650","EPOS IMPACT SC 660 ANC USB Headset",0,"278.58","EPOS","Call","5714708004516"
"EPS-1000660","1000660","EPOS ADAPT PRESENCE GREY UC Bluetooth Headset (No dongle).x",0,"197.68","EPOS","Call","5714708004615"
"EPS-1000661","1000661","EPOS EXPAND 40 Bluetooth Speakerphone",0,"356.67","EPOS","Call","5714708004622"
"EPS-1000662","1000662","EPOS EXPAND 40+ Bluetooth Speakerphone - Bluetooth Dongle",1,"418.31","EPOS","Now","5714708004639"
"EPS-1000669","1000669","EPOS IMPACT SC 635 USB-C Headset - 3.5mm Jack.X",1,"195.65","EPOS","Now","5714708004707"
"EPS-1000674","1000674","EPOS CH 20 MB Headset Charger with Cable & stand",0,"69.58","EPOS","Call","5714708004752"
"EPS-1000677","1000677","EPOS Presence Headband",0,"43.15","EPOS","Call","5714708004783"
"EPS-1000678","1000678","EPOS HZP 48 Ear Pads with Additional Damping",0,"20.26","EPOS","Call","5714708004790"
"EPS-1000686","1000686","EPOS SHS SDW 10 Headband for SDW 5016-5013",0,"34.35","EPOS","Call","5714708004875"
"EPS-1000687","1000687","EPOS HZP SDW 10 Ear Pad for SDW 5016-5013",8,"11.46","EPOS","Now","5714708004882"
"EPS-1000688","1000688","EPOS HZP SDW 30 60 Ear Pads",17,"18.32","EPOS","Now","5714708004899"
"EPS-1000702","1000702","EPOS CH 30 Headset Charger Stand for SDW 5000 series",15,"66.06","EPOS","Now","5714708005032"
"EPS-1000706","1000706","EPOS UNI PS 01 Power Supply Unit",3,"34.35","EPOS","Now","5714708005070"
"EPS-1000707","1000707","EPOS HSL 10 Spare Cable",0,"7.05","EPOS","Call","5714708005087"
"EPS-1000708","1000708","EPOS USB cable - DW",9,"12.33","EPOS","Now","5714708005094"
"EPS-1000709","1000709","EPOS Audio Cable RJ45 to RJ9 80cm - DW Series",0,"7.93","EPOS","Call","5714708005100"
"EPS-1000710","1000710","EPOS Spare Mic Foam - DW20 & DW30 - 10 pcs",2,"12.33","EPOS","Now","5714708005117"
"EPS-1000711","1000711","EPOS CEHS-MB 01 EHS Cable - Mobile Phone",3,"29.36","EPOS","Now","5714708005124"
"EPS-1000712","1000712","EPOS RJ45-RJ11-audio cable",0,"16.73","EPOS","Call","5714708005131"
"EPS-1000713","1000713","EPOS Headset Cable - RJ45 to 2.5mm",1,"27.30","EPOS","Now","5714708005148"
"EPS-1000714","1000714","EPOS AL-SATA 01 Adapter Cable",0,"7.05","EPOS","Call","5714708005155"
"EPS-1000715","1000715","EPOS CEHS-PA 01 EHS Adapter Cable.x",2,"41.57","EPOS","Now","5714708005162"
"EPS-1000716","1000716","EPOS Neckband for EPOS DW Office and D 10 series",0,"8.81","EPOS","Call","5714708005179"
"EPS-1000721","1000721","EPOS CH 10 Headset Charger",13,"60.77","EPOS","Now","5714708005223"
"EPS-1000722","1000722","EPOS SHS 02 Spare Headband - DW Office",3,"28.18","EPOS","Now","5714708005230"
"EPS-1000723","1000723","EPOS HZP 25 DW Office D10 SD Ear Pads - 1 Pad",0,"7.05","EPOS","Call","5714708005247"
"EPS-1000726","1000726","EPOS BATT 03 Spare Battery DW D10 Series",30,"28.18","EPOS","Now","5714708005278"
"EPS-1000727","1000727","EPOS HZP 29 DW 20+30 Ear Pads - 1 Pair",0,"12.33","EPOS","Call","5714708005285"
"EPS-1000729","1000729","EPOS Battery Lid - DW Pro1",0,"7.93","EPOS","Call","5714708005308"
"EPS-1000730","1000730","EPOS Battery Lid - DW Pro2",0,"7.93","EPOS","Call","5714708005315"
"EPS-1000735","1000735","EPOS EH 20 Earhook",0,"13.21","EPOS","Call","5714708005360"
"EPS-1000737","1000737","EPOS EH DW 10 B Flexible Ear Hook",0,"7.05","EPOS","Call","5714708005384"
"EPS-1000739","1000739","EPOS MCH 7 Multi-USB Power Board",3,"96.00","EPOS","Now","5714708005407"
"EPS-1000740","1000740","EPOS CEHS-AV 03 EHS Cable - Avaya",12,"32.25","EPOS","Now","5714708005414"
"EPS-1000741","1000741","EPOS CEHS-AV04 EHS Cable - Avaya",10,"46.66","EPOS","Now","5714708005421"
"EPS-1000742","1000742","EPOS CEHS-AV 05 EHS Cable - Avaya",0,"38.17","EPOS","Call","5714708005438"
"EPS-1000743","1000743","EPOS CEHS-SN 01 EHS Cable - Snom",0,"46.66","EPOS","Call","5714708005445"
"EPS-1000744","1000744","EPOS CEHS-SN 02 EHS Cable - Snom",0,"46.66","EPOS","Call","5714708005452"
"EPS-1000746","1000746","EPOS CEHS-CI 01 EHS Cable - Cisco",2,"52.61","EPOS","Now","5714708005476"
"EPS-1000747","1000747","EPOS CEHS-CI 02 EHS Cable - Cisco - RJ45 to USB",20,"29.36","EPOS","Now","5714708005483"
"EPS-1000748","1000748","EPOS CEHS-CI 03 EHS Cable - Cisco",1,"33.10","EPOS","Now","5714708005490"
"EPS-1000749","1000749","EPOS CEHS-CI 04 EHS Cable - Cisco",0,"42.42","EPOS","Call","5714708005506"
"EPS-1000750","1000750","EPOS CEHS-PO 01 EHS Cable - Polycom",0,"46.66","EPOS","Call","5714708005513"
"EPS-1000751","1000751","EPOS CEHS-DHSG Adapter Cable for EHS",8,"25.54","EPOS","Now","5714708005520"
"EPS-1000752","1000752","EPOS CEHS-SH 01 EHS Cable - Shoretel",3,"46.66","EPOS","Now","5714708005537"
"EPS-1000754","1000754","EPOS CEHS-NEC 02 EHS Cable - NEC Digital and IP Phones",6,"45.82","EPOS","Now","5714708005551"
"EPS-1000755","1000755","EPOS CEHS-SP 01 EHS Splitter Cable",0,"25.54","EPOS","Call","5714708005568"
"EPS-1000756","1000756","EPOS HSL 10 II Lifter",32,"118.89","EPOS","Now","5714708005575"
"EPS-1000758","1000758","EPOS CUIPC 1 Box to PC Cable: Modular plug 3.5mm jack",0,"24.66","EPOS","Call","5714708005599"
"EPS-1000759","1000759","EPOS CUIDP 01 Dictaphone Interface Cable",0,"43.15","EPOS","Call","5714708005605"
"EPS-1000760","1000760","EPOS ATC 1 Training Cable - ED to 2 x ED",1,"51.96","EPOS","Now","5714708005612"
"EPS-1000761","1000761","EPOS ATC 02 Training Cable - ED to 2 x ED with Mute",7,"60.77","EPOS","Now","5714708005629"
"EPS-1000762","1000762","EPOS CEXT 01 ED-ED Headset Extension Cable.x",3,"25.54","EPOS","Now","5714708005636"
"EPS-1000763","1000763","EPOS | Sennhesier AMS 01 Mute Switch Box",0,"51.96","EPOS","Call","5714708005643"
"EPS-1000764","1000764","EPOS AIA 01 In-Line Amplifier",0,"86.28","EPOS","Call","5714708005650"
"EPS-1000765","1000765","EPOS ADP Headset Cable - RJ45 to RJ9",0,"14.98","EPOS","Call","5714708005667"
"EPS-1000766","1000766","EPOS CAVA 31 Headset Cable - ED to Modular Plug",0,"57.25","EPOS","Call","5714708005674"
"EPS-1000768","1000768","EPOS CEUL 32 EU Limiter In-Line Adapter",0,"110.08","EPOS","Call","5714708005698"
"EPS-1000769","1000769","EPOS CEUL 33 EU Limiter In-Line Adapter",0,"92.47","EPOS","Call","5714708005704"
"EPS-1000771","1000771","EPOS CMB 01 CTRL Headset Cable - ED to 3.5mm",1,"51.96","EPOS","Now","5714708005728"
"EPS-1000778","1000778","EPOS | Sennhesier HPH 01 Hygiene Cover - 10 pcs",0,"7.93","EPOS","Call","5714708005797"
"EPS-1000783","1000783","EPOS | Sennhesier PS 01 Popshield",0,"3.53","EPOS","Call","5714708005841"
"EPS-1000785","1000785","EPOS HSH 01 Headset Holder",0,"3.53","EPOS","Call","5714708005865"
"EPS-1000786","1000786","EPOS CB 01 Carry Pouch - 10-pack",0,"34.35","EPOS","Call","5714708005872"
"EPS-1000790","1000790","EPOS HZP 30 SC 200 Foam Ear Pads - 1 Pair",19,"7.05","EPOS","Now","5714708005919"
"EPS-1000791","1000791","EPOS HZP 31 SC 200 Leatherette Ear Pads - 1 Pair",3,"10.57","EPOS","Now","5714708005926"
"EPS-1000793","1000793","EPOS HZP 36 Leatherette Ear Pad Large - SC 600 26 pcs",0,"189.34","EPOS","Call","5714708005940"
"EPS-1000795","1000795","EPOS Carry Case 02 Protective Hardshell",0,"39.63","EPOS","Call","5714708005964"
"EPS-1000796","1000796","EPOS | Sennhesier HZP 35 Leather Earpad - Medium - 2 pcs",0,"18.50","EPOS","Call","5714708005971"
"EPS-1000797","1000797","EPOS | Sennhesier HZP 37 Leather Earpad - Medium - 26 pcs",0,"189.34","EPOS","Call","5714708005988"
"EPS-1000798","1000798","EPOS HZP 50 Leatherette Ear Pads",4,"18.50","EPOS","Now","5714708005995"
"EPS-1000799","1000799","EPOS HZP32 Foam Ear Pads - SC 30/40/60/70 - 2 Pcs",12,"5.29","EPOS","Now","5714708006008"
"EPS-1000801","1000801","EPOS Leatherette Ear Pad for SC40/70 Range - Individual",51,"10.57","EPOS","Now","5714708006022"
"EPS-1000802","1000802","EPOS | Sennhesier HZP 47 Black Leatherette Earpads - 26 pcs",0,"131.22","EPOS","Call","5714708006039"
"EPS-1000803","1000803","EPOS USB-CC Spare USB Cable x5 - MS.x",1,"58.24","EPOS","Now","5714708006046"
"EPS-1000806","1000806","EPOS Battery SDW 10 for SDW 5016-13",51,"39.63","EPOS","Now","5714708006077"
"EPS-1000807","1000807","EPOS Battery SDW 30 60 for SDW 5066-63 & SDW 5036-33",51,"43.15","EPOS","Now","5714708006084"
"EPS-1000808","1000808","EPOS HSA SDW 10 Earhook Accessory Kit for SDW 5016-13",4,"34.35","EPOS","Now","5714708006091"
"EPS-1000809","1000809","EPOS HZP 51 Leatherette Ear Pads - Thick",0,"22.90","EPOS","Call","5714708006107"
"EPS-1000816","1000816","EPOS CH 10 USB Headset Charger Cable for SD & SDW",2,"43.15","EPOS","Now","5714708006176"
"EPS-1000817","1000817","EPOS | Sennhesier Expand SP 20 Pouch",0,"21.14","EPOS","Call","5714708006183"
"EPS-1000819","1000819","EPOS Security Cable lock",1,"34.34","EPOS","Now","4044155204193"
"EPS-1000820","1000820","EPOS 3.5mm to 2.5mm Adapter",0,"10.57","EPOS","Call",""
"EPS-1000822","1000822","EPOS USB-ED 01 Headset Cable - ED to USB",16,"60.77","EPOS","Now","5714708006237"
"EPS-1000824","1000824","EPOS USB-ED CC 01 ED to USB Cable - MS",49,"127.70","EPOS","Now","5714708006251"
"EPS-1000827","1000827","EPOS UI 770 Interface Box.x",1,"171.73","EPOS","Now","5714708006282"
"EPS-1000828","1000828","EPOS | Sennhesier USB Busylight.x",0,"69.58","EPOS","Call","5714708006299"
"EPS-1000829","1000829","EPOS UI 815 Switch Box for Wired Headsets",0,"74.86","EPOS","Call","5714708006305"
"EPS-1000831","1000831","EPOS UI-USB-Adapter USB Power Adapter",0,"74.86","EPOS","Call","5714708006329"
"EPS-1000832","1000832","EPOS USB-A to USB-C Adapter",11,"14.10","EPOS","Now","5714708006336"
"EPS-1000835","1000835","EPOS CSTD 01-1 Headset Cable",25,"18.50","EPOS","Now","5714708006367"
"EPS-1000836","1000836","EPOS CSTD 01 Headset Cable - Easy Disconnect to RJ9",23,"33.81","EPOS","Now","5714708006374"
"EPS-1000837","1000837","EPOS CSTD 17 Headset Cable",0,"25.54","EPOS","Call","5714708006381"
"EPS-1000838","1000838","EPOS CSTD 08 Headset Cable - ED to RJ9",26,"25.54","EPOS","Now","5714708006398"
"EPS-1000839","1000839","EPOS CSTD 24 Headset Cable - ED to RJ9",7,"25.54","EPOS","Now","5714708006404"
"EPS-1000840","1000840","EPOS CLS 01 Headset Cable - ED to RJ9",4,"39.63","EPOS","Now","5714708006411"
"EPS-1000841","1000841","EPOS | Sennhesier CLS 24 Low Sensitive Cable - ED to RJ9",0,"43.15","EPOS","Call","5714708006428"
"EPS-1000842","1000842","EPOS CHS 01 Headset Cable - ED to RJ9",9,"39.63","EPOS","Now","5714708006435"
"EPS-1000843","1000843","EPOS CHS 24 Headset Cable - ED to RJ9",3,"43.15","EPOS","Now","4044156000916"
"EPS-1000845","1000845","EPOS | Sennhesier CXHS 08 High Sensitive Cable - ED to RJ9",0,"43.15","EPOS","Call","5714708006466"
"EPS-1000846","1000846","EPOS CSHS 01 Headset Cable - ED to RJ9",3,"69.58","EPOS","Now","5714708006473"
"EPS-1000847","1000847","EPOS CCEL 190-2 Headset Cable - ED to 2.5mm - 100cm",8,"24.66","EPOS","Now","5714708006480"
"EPS-1000848","1000848","EPOS CCEL 191 Headset Cable - ED to 2.5mm",0,"24.66","EPOS","Call","5714708006497"
"EPS-1000849","1000849","EPOS CCEL 191-1 Headset Cable - ED to 2.5mm - 60cm",5,"24.66","EPOS","Now","5714708006503"
"EPS-1000851","1000851","EPOS CCEL 192 Adapter Cable - GSM",0,"24.66","EPOS","Call","5714708006527"
"EPS-1000853","1000853","EPOS CCEL 193-2 Adapter Cable - DECT & GSM",0,"24.66","EPOS","Call","5714708006541"
"EPS-1000854","1000854","EPOS CALC 01 Headset Cable - ED to 3.5mm",0,"25.54","EPOS","Call","5714708006558"
"EPS-1000855","1000855","EPOS CCEL 195 Adapter Cable - HP IPAQ & Nokia",0,"24.66","EPOS","Call","5714708006565"
"EPS-1000856","1000856","EPOS CGA 01 Phone Amplifier Cable for GN 8000 8120",0,"25.54","EPOS","Call","5714708006572"
"EPS-1000857","1000857","EPOS CPHUI 1 Phone Amplifier Cable",0,"7.05","EPOS","Call","5714708006589"
"EPS-1000858","1000858","EPOS CEDPC 1 Connection Cable to PC Sound Card",0,"39.63","EPOS","Call","5714708006596"
"EPS-1000880","1000880","EPOS ADAPT 160 ANC & 200 Earpads",4,"17.62","EPOS","Now","5714708006824"
"EPS-1000895","1000895","EPOS EXPAND Capture 5 Speakerphone - Microsoft Teams Rooms",2,"650.80","EPOS","Now","5714708006961"
"EPS-1000896","1000896","EPOS ADAPT 231 Mono Bluetooth Headset + USB-C Dongle - Tea.x",0,"217.53","EPOS","Call","5714708006978"
"EPS-1000897","1000897","EPOS ADAPT 261 Stereo Bluetooth Headset + USB-C Dongle-Teams",51,"232.79","EPOS","Now","5714708006985"
"EPS-1000899","1000899","EPOS ADAPT 130T USB II Mono Headset - MS Teams",3,"75.57","EPOS","Now","5714708007005"
"EPS-1000900","1000900","EPOS ADAPT 135T USB II Mono Headset - MS Teams & 3.5mm.x",5,"97.37","EPOS","Now","5714708007012"
"EPS-1000901","1000901","EPOS ADAPT 160T USB II Stereo Headset - MS Teams",24,"87.78","EPOS","Now","5714708007029"
"EPS-1000902","1000902","EPOS ADAPT 165T USB II Stereo Headset - MS Teams & 3.5mm.x",51,"113.75","EPOS","Now","5714708007036"
"EPS-1000906","1000906","EPOS ADAPT 165T USB-C II Stereo Headset - MS Teams & 3.5mm",51,"118.30","EPOS","Now","5714708007074"
"EPS-1000909","1000909","EPOS | Sennhesier ADAPT 100 USB-C Call Control - MS Teams.x",2,"55.51","EPOS","Now","5714708007104"
"EPS-1000910","1000910","EPOS | Sennhesier ADAPT 100 USB Call Control - MS Teams.x",1,"58.24","EPOS","Now","5714708007111"
"EPS-1000911","1000911","EPOS | Sennhesier ADAPT 100 Foam Earpads",11,"8.81","EPOS","Now","5714708007128"
"EPS-1000912","1000912","EPOS | Sennhesier ADAPT 100 Leather Earpads",0,"14.98","EPOS","Call","5714708007135"
"EPS-1000913","1000913","EPOS ADAPT 130 USB II Mono Headset - UC.x",2,"75.57","EPOS","Now","5714708007142"
"EPS-1000915","1000915","EPOS ADAPT 160 USB II Stereo Headset - UC",7,"87.78","EPOS","Now","5714708007166"
"EPS-1000916","1000916","EPOS ADAPT 165 USB II Binaural Headset - UC & 3.5mm",51,"100.10","EPOS","Now","5714708007173"
"EPS-1000918","1000918","EPOS ADAPT 135 USB-C II Mono Headset - UC & 3.5mm.x",2,"101.92","EPOS","Now","5714708007197"
"EPS-1000919","1000919","EPOS ADAPT 160 USB-C II Stereo Headset - UC.x",0,"83.72","EPOS","Call","5714708007203"
"EPS-1000920","1000920","EPOS ADAPT 165 USB-C II Stereo Headset - UC & 3.5mm",6,"118.30","EPOS","Now","5714708007210"
"EPS-1000927","1000927","EPOS VISION 3T Video Conference Unit.x",7,"2,165.51","EPOS","Now","5714708007289"
"EPS-1000928","1000928","EPOS | Sennhesier UNI 02 EXPAND Vision 3 Power Supply",0,"74.86","EPOS","Call","5714708007296"
"EPS-1000930","1000930","EPOS | Sennhesier RC 01T EXPAND Vision 3T Remote Control",0,"78.38","EPOS","Call","5714708007319"
"EPS-1000932","1000932","EPOS | Sennhesier USB-C to USB-A Adapter",8,"18.50","EPOS","Now","5714708007333"
"EPS-1000937","1000937","EPOS EXPAND 40T Bluetooth Speakerphone - Microsoft Teams",15,"418.31","EPOS","Now","5714708007388"
"EPS-1000982","1000982","EPOS SDW D1 Accessory Pack",19,"69.58","EPOS","Now","5714708007845"
"EPS-1000990","1000990","EPOS IMPACT D 30 PHONE DECT Headset - Phone Only.x",51,"135.59","EPOS","Now","840064407922"
"EPS-1000993","1000993","EPOS IMPACT D 30 USB ML DECT Headset - PC Only",15,"296.80","EPOS","Now","5714708007951"
"EPS-1000997","1000997","EPOS IMPACT D 10 II PHONE DECT Headset - Phone Only",18,"277.11","EPOS","Now","5714708007999"
"EPS-1000997-YEHS","1000997-YEHS","EPOS D10 II DECT Headset Phone Only - Yealink EHS",0,"306.00","EPOS","Call",""
"EPS-1001000","1001000","EPOS IMPACT D 10 II  USB ML DECT Headset - PC Only",31,"277.11","EPOS","Now","5714708008026"
"EPS-1001004","1001004","EPOS ADAPT 661 Bluetooth Headset.x",0,"556.39","EPOS","Call","5714708008064"
"EPS-1001008","1001008","EPOS ADAPT 361 Black Bluetooth Headset - USB-C",0,"327.43","EPOS","Call","5714708008101"
"EPS-1001016","1001016","EPOS IMPACT SDW 5033 DECT Monaural Headset - PC Only",8,"415.96","EPOS","Now","5714708008187"
"EPS-1001017","1001017","EPOS IMPACT SDW 5063 DECT Binaural Headset - PC Only.x",0,"446.49","EPOS","Call","5714708008194"
"EPS-1001021","1001021","EPOS IMPACT SDW 5015 DECT 3-in-1 Headset - Phone/PC.x",5,"336.70","EPOS","Now","5714708008231"
"EPS-1001022","1001022","EPOS IMPACT SDW 5035 DECT Monaural Headset - Phone/PC.x",0,"469.39","EPOS","Call","5714708008248"
"EPS-1001023","1001023","EPOS IMPACT SDW 5065 DECT Binaural Headset - Phone/PC",15,"495.34","EPOS","Now","5714708008255"
"EPS-1001024","1001024","EPOS IMPACT SDW 5016 DECT 3-in-1 Headset - Phone/Mobile/PC",3,"502.97","EPOS","Now","5714708008262"
"EPS-1001026","1001026","EPOS IMPACT SDW 5066 DECT Binaural Headset - Phone/Mobile/PC",16,"548.76","EPOS","Now","5714708008286"
"EPS-1001028","1001028","EPOS IMPACT SDW 3 BS - EU/UK/AUS - Base Station for SDW 50X3",0,"254.51","EPOS","Call","5714708008309"
"EPS-1001033","1001033","EPOS IMPACT SDW 5063T DECT Binaural - Teams - PC Only.x",7,"446.49","EPOS","Now","5714708008354"
"EPS-1001039","1001039","EPOS IMPACT SDW 5066T DECT Binaural - Teams - Phone/Mob/PC",0,"548.77","EPOS","Call","5714708008415"
"EPS-1001072","1001072","EPOS EXPAND Control Meeting Room Controller",1,"1,193.28","EPOS","Now","5714708008743"
"EPS-1001090","1001090","EPOS EXPAND Control wall mount",5,"74.86","EPOS","Now","5714708008927"
"EPS-1001091","1001091","EPOS EXPAND Control desk mount",5,"83.67","EPOS","Now","5714708008934"
"EPS-1001093","1001093","EPOS EXPAND Vision 5 Table Mount",4,"298.54","EPOS","Now","5714708008958"
"EPS-1001120","1001120","EPOS EXPAND Vision 1 Video Conferencing Webcam.x",1,"312.63","EPOS","Now","5714708009221"
"EPS-1001130","1001130","EPOS IMPACT 1060 Double-sided ANC BT Headset",0,"441.91","EPOS","Call","5714708009320"
"EPS-1001131","1001131","EPOS IMPACT 1061 Double-sided ANC BT Headset w Stand",4,"487.71","EPOS","Now","5714708009337"
"EPS-1001132","1001132","EPOS IMPACT 1030 Single-sided BT Headset",0,"278.58","EPOS","Call","5714708009344"
"EPS-1001134","1001134","EPOS IMPACT 1060 Double-sided BT Headset",5,"312.16","EPOS","Now","5714708009368"
"EPS-1001135","1001135","EPOS IMPACT 1061 Double-sided BT Headset w Stand",0,"362.53","EPOS","Call","5714708009375"
"EPS-1001136","1001136","EPOS IMPACT 1060T Double-sided ANC BT Headset - Teams",5,"403.63","EPOS","Now","5714708009382"
"EPS-1001137","1001137","EPOS IMPACT 1030T Single-sided BT Headset - Teams",0,"278.58","EPOS","12/02/2026","5714708009399"
"EPS-1001138","1001138","EPOS IMPACT 1060T Double-sided Bluetooth Headset - Teams",3,"312.16","EPOS","Now","5714708009405"
"EPS-1001139","1001139","EPOS IMPACT CH 40 Charge Stand for IMPACT 1000 - USB-C",1,"92.47","EPOS","Now","5714708009412"
"EPS-1001148","1001148","EPOS BTD 800 USB ML Dongle for Presence UC ML",5,"113.60","EPOS","Now","5714708009504"
"EPS-1001149","1001149","EPOS BTD 900c BT Dongle USB C",10,"156.87","EPOS","Now",""
"EPS-1001160","1001160","EPOS ADAPT 560 II Bluetooth ANC Headset",21,"335.06","EPOS","Now","5714708009627"
"EPS-1001170","1001170","EPOS ADAPT 561 II Bluetooth ANC Headset",51,"335.06","EPOS","Now","5714708009740"
"EPS-1001171","1001171","EPOS IMPACT 1061T Double-sided ANC BT Headset w Stand -TEAMS",38,"487.71","EPOS","Now","5714708009757"
"EPS-1001173","1001173","EPOS IMPACT 1061T Double-sided BT Headset w Stand - Teams",20,"362.53","EPOS","Now","5714708009771"
"EPS-1001174","1001174","EPOS IMPACT 860 ANC Wired Binaural Headset",0,"243.48","EPOS","Call","5714708009788"
"EPS-1001176","1001176","EPOS IMPACT 860 Wired Binaural Headset",15,"202.27","EPOS","Now","5714708009801"
"EPS-1001177","1001177","EPOS IMPACT 860T ANC Wired Binaural Headset - Teams",51,"243.48","EPOS","Now","5714708009818"
"EPS-1001179","1001179","EPOS IMPACT 860T Wired Binaural Headset - Teams",51,"202.27","EPOS","Now","5714708009832"
"EPS-1001186","1001186","EPOS ADAPT 500 II C50 Earpads",5,"22.95","EPOS","Now","5714708009900"
"EPS-1001197","1001197","EPOS EXPAND Vision 1M USB Meeting Room Camera",3,"1,011.87","EPOS","Now","5714708010012"
"EPS-1001211","1001211","EPOS IMPACT 730 Wired Monaural Headset",0,"194.63","EPOS","Call","5714708010166"
"EPS-1001212","1001212","EPOS IMPACT 730T Wired Monaural Headset - Teams",13,"194.63","EPOS","Now","5714708010173"
"EPS-1001213","1001213","EPOS IMPACT 760 Wired Binaural Headset",51,"167.35","EPOS","Now","5714708010180"
"EPS-1001214","1001214","EPOS IMPACT 760T Wired Binaural Headset - Teams",22,"194.63","EPOS","Now","5714708010197"
"EPS-1001251","1001251","EPOS IMPACT 460 Double Sided USB Headset",7,"122.15","EPOS","Now","5714708010609"
"EPS-1001252","1001252","EPOS IMPACT 430 Single Sided USB Headset",2,"122.15","EPOS","Now","5714708010616"
"EPS-1001253","1001253","EPOS IMPACT 460T Double Sided USB Headset - Teams",51,"122.15","EPOS","Now","5714708010623"
"EPS-1001254","1001254","EPOS IMPACT 430T Single Sided USB Headset - Teams",13,"122.15","EPOS","Now","5714708010630"
"EPS-1001261","1001261","EPOS ADAPT E1 Wireless Earbuds - White",25,"270.85","EPOS","Now","5714708010708"
"EPS-1001262","1001262","EPOS ADAPT E1 Wireless Earbuds - Black",47,"270.85","EPOS","Now","5714708010715"
"EPS-1001290","1001290","EPOS IMPACT 800 1000 ANC Ear Pads",0,"29.87","EPOS","Call","5714708011200"
"EPS-1001372","1001372","EPOS ADAPT 660 ANC Bluetooth Headset USB-A.x",21,"382.88","EPOS","Now","5714708012023"
"EPS-1001373","1001373","EPOS ADAPT 660 ANC Bluetooth Headset - USB-C",49,"402.66","EPOS","Now","5714708012030"
"EPS-1001375","1001375","EPOS IMPACT 500 MS UC ANC WL",0,"263.23","EPOS","3/02/2026",""
"EPS-1001387","1001387","EPOS IMPACT 400 Ear Pads",0,"24.01","EPOS","Call","5714708012177"
"EPS-1001419","1001419","EPOS IMPACT 100 MS Mono USB-C+A Headset",18,"73.61","EPOS","Now","5714708012405"
"EPS-1001420","1001420","EPOS IMPACT 100 UC Stereo USB-C+A Headset",0,"73.61","EPOS","Call","5714708012412"
"EPS-1001421","1001421","EPOS IMPACT 100 MS Stereo USB-C+A Headset",32,"73.61","EPOS","Now","5714708012429"
"EPS-1001433","1001433","EPOS IMPACT 5000 Go MS 3in1 WL USB-A",0,"421.90","EPOS","Call",""
"EPS-1001436","1001436","EPOS IMPACT 5000 Go MS Stereo WL USB-A",18,"458.99","EPOS","Now",""
"EPS-1001438","1001438","EPOS CH 50 Charging Stand",0,"78.00","EPOS","Call",""
"EPS-1001474","1001474","EPOS Replacement USB-C to USB-A Adapter",0,"26.40","EPOS","Call","5714708012955"
"EPS-1001490","1001490","EPOS IMPACT 500 MS UC ANC WL USB C+A",37,"303.27","EPOS","Now",""
"EPS-1001494","1001494","EPOS IMPACT 400 MS UC ANC USB C+A",51,"169.81","EPOS","Now",""
"EPS-508320","508320","EPOS USB CC 1x5 USB Controller Cable.x",3,"48.23","EPOS","Now",""
"EPS-EPOSMANAGER","1000415","EPOS Manager - Asset Management Software",0,"0.00","EPOS","Call",""
"FP-084900","084900","HID Fargo HDP6600 Standard Clear Film – Approx 1500 images",0,"270.52","Fargo","Call",""
"FP-084921","084921","HID Fargo 084921 RBN2 H6600 YMCK 750 IMAGE",0,"567.31","Fargo","Call",""
"FP-089278","089278","HID FARGO 089278 Omnikey 5127CK Mini Encoder",0,"1,343.91","Fargo","Call",""
"FP-094050","094050","HID Fargo HDP6600 Dual Sided Printer Module",0,"1,305.20","Fargo","Call",""
"FP-094054","094054","HID Fargo HDP6600 Contactless Encoder 5127CK",0,"995.57","Fargo","Call",""
"FP-094056","094056","HID Fargo HDP6600 Magnetic Encoder Module",0,"1,119.21","Fargo","Call",""
"FP-094600","094600","HID Fargo HDP6600 Single Sided Printer",0,"6,208.83","Fargo","Call",""
"FP-094645","94645","HID HDP6600 DSPrinter with iclass Encoder-Mag swipe encode",0,"9,874.99","Fargo","Call",""
"FP-094661","094661","HID Fargo 094661 HDP6600 DS Printer + Laminator & Encoder",0,"13,100.35","Fargo","Call",""
"FP-94671","094671","HID Fargo 094671 HDP6600 DS Printer + Lam, Flattener & Enc",0,"13,971.20","Fargo","Call",""
"GR-7615NETBUNDLE","7610NETBUNDLE","Grandstream GWN7615 Network Bundle",0,"171.60","Grandstream","Call",""
"GR-7660ELRNETBUNDLE","7600LRNETBUNDLE","Grandstream GWN7660ELR Network Bundle",0,"191.36","Grandstream","Call",""
"GR-7660ENETBUNDLE","7600NETBUNDLE","Grandstream GWN7660E Network Bundle",0,"150.80","Grandstream","Call",""
"GR-DP722","DP722","Grandstream DP722 Mid-Tier IP DECT Handset",51,"77.81","Grandstream","Now",""
"GR-DP725","DP725","Grandstream DP725 HD Compact DECT Handset",5,"78.00","Grandstream","Now",""
"GR-DP730","DP730","Grandstream DP730 High End IP DECT Handset",16,"71.16","Grandstream","Now",""
"GR-DP735","DP735","Grandstream DP735 Ruggedized High-Tier DECT Handset",21,"124.00","Grandstream","Now",""
"GR-DP752","DP752","Grandstream DP752 IP DECT Base Station",49,"72.80","Grandstream","Now",""
"GR-DP755","DP755","Grandstream DP755 DECT VoIP base station",11,"69.24","Grandstream","Now",""
"GR-FACEPLATE","GRP26XX Custom Facep","Grandstream GRP26XX Custom Faceplate",0,"7.28","Grandstream","Call",""
"GR-FMM850300M10G","FMM850300M10G","Grandstream SFP+ Fiber Module MM 850nm 300m 10Gbps",51,"27.04","Grandstream","Now",""
"GR-FMM850550M1.25G","FMM850550M1.25G","Grandstream SFP Fiber Module MM 850nm 550m 1.25Gbps",10,"17.06","Grandstream","Now",""
"GR-FSM131010KM10G","FSM131010KM10G","Grandstream SFP+ Fiber Module SM 1310nm 10km 10Gbps",0,"39.52","Grandstream","2/02/2026",""
"GR-FSM131020KM1.25G","FSM131020KM1.25G","Grandstream SFP Fiber Module SM 1310nm 20km 1.25Gbps",16,"17.06","Grandstream","Now",""
"GR-GAC2570","GAC2570","Grandstream GAC2570 Full-Duplex HD Speakerphone",1,"818.48","Grandstream","Now",""
"GR-GBX20","GBX20","Grandstream GBX20 LCD Extension Module",18,"182.00","Grandstream","Now",""
"GR-GDS3705","GDS3705","Grandstream GDS3705 IP Audio Door System.x",10,"203.56","Grandstream","Now",""
"GR-GDS3710","GDS3710","Grandstream GDS3710 HD IP Video Door System.x",4,"478.40","Grandstream","Now",""
"GR-GHP610","GHP610","Grandstream GHP610 Compact Hotel Phone - White",0,"48.88","Grandstream","Call",""
"GR-GHP610W","GHP610W","Grandstream GHP610W Compact Hotel Phone - White - WiFi",0,"72.80","Grandstream","Call",""
"GR-GHP611","GHP611","Grandstream GHP611 Compact Hotel Phone - Black",51,"48.88","Grandstream","Now",""
"GR-GHP611W","GHP611W","Grandstream GHP611W Compact Hotel Phone - Black- Wifi",11,"90.48","Grandstream","Now",""
"GR-GHP620","GHP620","Grandstream GHP620 Desktop Hotel Phone - White",26,"50.96","Grandstream","Now",""
"GR-GHP620W","GHP620W","Grandstream GHP620W Desktop Hotel Phone - White - WiFi",0,"78.00","Grandstream","Call",""
"GR-GHP621","GHP621","Grandstream GHP621 Desktop Hotel Phone - Black",51,"55.12","Grandstream","Now",""
"GR-GHP621W","UPDATE","Grandstream GHP621W Desktop Hotel Phone - Black - WiFi",11,"93.60","Grandstream","Now",""
"GR-GRP2601P","GRP2601P","Grandstream GRP2601P SIP Deskphone PoE",51,"50.96","Grandstream","Now",""
"GR-GRP2602P","GRP2602P","Grandstream GRP2602P SIP Deskphone - PoE",14,"58.24","Grandstream","Now",""
"GR-GRP2602W","GRP2602W","Grandstream 2 Lines 4 SIP Accounts 2.21 in scrn PoE Wireless",13,"76.50","Grandstream","Now",""
"GR-GRP2604P","GRP2604P","Grandstream GRP2604P SIP Deskphone - PoE",40,"87.36","Grandstream","Now",""
"GR-GRP2612P","GRP2612P","Grandstream GRP2612P SIP Deskphone",51,"72.01","Grandstream","Now",""
"GR-GRP2612W","GRP2612W","Grandstream GRP2612W SIP Deskphone Wifi",51,"159.12","Grandstream","Now",""
"GR-GRP2613","GRP2613","Grandstream GRP2613 SIP Deskphone",50,"117.52","Grandstream","Now",""
"GR-GRP2614","GRP2614","Grandstream GRP2614 SIP Deskphone",39,"97.60","Grandstream","Now",""
"GR-GRP2615","GRP2615","Grandstream GRP2615 SIP Deskphone WiFi",23,"211.12","Grandstream","Now",""
"GR-GRP2616","GRP2616","Grandstream GRP2616 SIP Deskphone",25,"233.00","Grandstream","Now",""
"GR-GRP2624","GRP2624","Grandstream GRP2624 IP Deskphone",51,"143.33","Grandstream","Now",""
"GR-GRP2634","GRP2634","Grandstream GRP2634 IP Deskphone",1,"199.68","Grandstream","Now",""
"GR-GRP-WM-A","GRP_WM_A","Grandstream GRP260x Wall Mounting Kit",4,"9.72","Grandstream","Now",""
"GR-GRP-WM-L","GRP_WM_L","Grandstream GRP2614/15/16/GXV3350 Wall Mounting Kit",0,"24.96","Grandstream","Call",""
"GR-GRP-WM-S","GRP_WM_S","Grandstream GRP2612/2613 Wall Mounting Kit",20,"9.72","Grandstream","Now",""
"GR-GSC3505","GSC3505","Grandstream 1-Way SIP Intercom Speaker.x",6,"221.52","Grandstream","Now",""
"GR-GSC3510","GSC3510","Grandstream 2-Way SIP Intercom Speaker/Microphone.x",1,"260.00","Grandstream","Now",""
"GR-GSC3516","GSC3516","Grandstream GSC3516 2 Way SIP Intercom w MIC 30W Speaker",51,"238.27","Grandstream","Now",""
"GR-GSC3570","GSC3570","Grandstream GSC3570 Integrated SIP Intercom Screen",4,"172.64","Grandstream","Now",""
"GR-GUV3100","GUV3100","Grandstream GUV3100 USB Webcam 1080P@30fps.x",51,"17.71","Grandstream","Now",""
"GR-GWN7001","GWN7001","Grandstream GWN7001 Multi-Wan Gigabit VPN Router 6xGigE",25,"72.80","Grandstream","Now",""
"GR-GWN7002","GWN7002","Grandstream GWN7002 Multi-Wan Gigabit VPN Router 4xGigE",20,"85.28","Grandstream","Now",""
"GR-GWN7003","GWN7003","Grandstream GWN7003 Multi-Wan Gigabit VPN Router 9xGigE",22,"126.88","Grandstream","Now",""
"GR-GWN7062E","GWN7062E","Grandstream GWN7062E AX3000 WiFi 6 Router 3xGigE",36,"68.19","Grandstream","Now",""
"GR-GWN7062ET","GWN7062ET","GR AX3000 WiFi 6 Router 2x2 2.4GHz 3x3 5.0 GHz 3 x GigE 2",33,"103.00","Grandstream","Now",""
"GR-GWN7604","GWN7604","Grandstream GWN7604 2x2 802.11ax AX3000 Wi-Fi 6 AP 4 x GigE",51,"92.40","Grandstream","Now",""
"GR-GWN7624","GWN7624","Grandstream GWN7624 Hybrid 802.11ac Wave-2 WiFi AP.",33,"86.78","Grandstream","Now",""
"GR-GWN7625","GWN7625","Grandstream GWN7625 Access Point.",6,"109.49","Grandstream","Now",""
"GR-GWN7660E","GWN7660E","Grandstream GWN7660E 2x2 802.11ax WIFI 6 AP",51,"107.12","Grandstream","Now",""
"GR-GWN7660ELR","GWN7660ELR","Grandstream GWN7660E 2x2 802.11ax WIFI 6 Outdoor AP",12,"152.88","Grandstream","Now",""
"GR-GWN7661E","GWN7661E","Grandstream GWN7661E In-Wall AX3000 Wi-Fi 6 Access Point",51,"97.65","Grandstream","Now",""
"GR-GWN7662","GWN7662","Grandstream GWN7662 Hybrid 802.11ax Wi-Fi 6 Access Point",51,"157.17","Grandstream","Now",""
"GR-GWN7664E","GWN7664E","Grandstream GWN7664E 4x4 802.11ax WIFI 6 AP",51,"211.12","Grandstream","Now",""
"GR-GWN7664ELR","GWN7664ELR","Grandstream GWN7664E 4x4 802.11ax WIFI 6 Outdoor AP",29,"252.72","Grandstream","Now",""
"GR-GWN7670","GWN7670","GWN7670 2x2:2 MIMO Dual Band WIFI 7 Access Point",48,"150.74","Grandstream","Now",""
"GR-GWN7670LR","GWN7670LR","GR WiFi 7 Long Range Outdoor AP 1 x 2.5 GigE 1 x SFP BLE",28,"226.00","Grandstream","Now",""
"GR-GWN7670WM","GWN7670WM","GR Dual Band WiFi 7 Wallmount AP 1 x 2.5 GigE BLE",8,"151.00","Grandstream","Now",""
"GR-GWN7700","GWN7700","Grandstream GWN7700 UnMgd Netwk Switch 5xGigE",41,"20.80","Grandstream","Now","6947273704492"
"GR-GWN7700M","GWN7700M","Grandstream GWN7700M UnMgd Netwk Switch 5x2.5GigE 1xSFP+",23,"67.75","Grandstream","Now",""
"GR-GWN7700P","GWN7700P","Grandstream GWN7700P UnMgd Netwk Switch 5xGigE 4xPoE",51,"46.80","Grandstream","Now","6947273704515"
"GR-GWN7701","GWN7701","Grandstream GWN7701 UnMgd Netwk Switch 8xGigE",43,"23.72","Grandstream","Now","6947273704508"
"GR-GWN7701M","GWN7701M","Grandstream GWN7701M UnMgd Netwk Switch 8x2.5GigE 1xSFP+",20,"98.43","Grandstream","Now",""
"GR-GWN7701P","GWN7701P","Grandstream GWN7701P UnMgd Netwk Switch 8xGigE 4xPoE",51,"60.32","Grandstream","Now","6947273704553"
"GR-GWN7701PA","GWN7701PA","Grandstream GWN7701PA UnMgd Netwk Switch 8xGigE 8xPoE",51,"107.12","Grandstream","Now",""
"GR-GWN7702P","GWN7702P","Grandstream GWN7702P UnMgd Netwk Switch 16xGigE 8xPoE",13,"146.11","Grandstream","Now",""
"GR-GWN7710R","GWN7710R","Grandstream GWN7710R Outdoor Layer 2 Lite Managed Switch",7,"127.64","Grandstream","Now",""
"GR-GWN7711P","GWN7711P","Grandstream GWN7711P Layer 2-Lite Managed Switch-8xGigE(4xPo",35,"82.67","Grandstream","Now",""
"GR-GWN7801P","GWN7801P","Grandstream GWN7801P Layer 2+ PoE Netwk Switch 8xGigE 2xSFP",7,"212.16","Grandstream","Now","6947273704232"
"GR-GWN7802P","GWN7802P","Grandstream GWN7802P Layer 2+ PoE Netwk Switch 16xGigE 4xSFP",34,"318.24","Grandstream","Now","6947273704256"
"GR-GWN7803P","GWN7803P","Grandstream GWN7803P Layer 2+ PoE Netwk Switch 24xGigE 4xSFP",19,"362.93","Grandstream","Now","6947273704270"
"GR-GWN7806","GWN7806","Grandstream GWN7806 Layer 2+ Netwk Switch 48xGigE 6xSFP",4,"442.89","Grandstream","Now",""
"GR-GWN7806P","GWN7806P","Grandstream GWN7806P Layer 2+ PoE Ntwk Switch 48xGigE 6xSFP+",3,"778.96","Grandstream","Now",""
"GR-GWN7811","GWN7811","Grandstream GWN7811 Layer 3 Netwk Switch 8xGigE 2xSFP+",5,"163.28","Grandstream","Now",""
"GR-GWN7811P","GWN7811P","Grandstream GWN7811P Layer 3 PoE Netwk Switch 8xGigE 2xSFP+",10,"247.52","Grandstream","Now",""
"GR-GWN7812P","GWN7812P","Grandstream GWN7812P Layer 3 PoE Netwk Switch 16xGigE 4xSFP+",7,"356.72","Grandstream","Now",""
"GR-GWN7813","GWN7813","Grandstream GWN7813 Layer 3 Netwk Switch 24xGigE 4xSFP+",9,"291.20","Grandstream","Now",""
"GR-GWN7813P","GWN7813P","Grandstream GWN7813P Layer 3 PoE Netwk Switch 24xGigE 4xSFP+",12,"549.12","Grandstream","Now",""
"GR-GWN7816P","GWN7816P","Grandstream GWN7816P Layer 3 PoE Netwk Switch 48xGigE 6xSFP+",4,"1,109.68","Grandstream","Now",""
"GR-GWN7821P","GWN7821P","Grandstream GWN7821P L3 PoE Switch 8x2.5GigE 2x10g",6,"367.11","Grandstream","Now",""
"GR-GWN7822P","GWN7822P","Grandstream GWN7822P L3 PoE Switch 8x2.5GigE 2x10G 16xGigE",16,"495.97","Grandstream","Now",""
"GR-GWN7830","GWN7830","Grandstream GWN7830 Layer 3 Agg Switch 2xGigE 6xSFP 4xSFP+",2,"232.96","Grandstream","Now",""
"GR-GWN7831","GWN7831","Grandstream GWN7831 Layer 3 Agg Switch 20xSFP 4xGigE 4xSFP+",0,"471.12","Grandstream","Call",""
"GR-GWN7832","GWN7832","Grandstream GWN7832 Layer 3 Agg Switch 12xSFP+",11,"342.16","Grandstream","Now",""
"GR-GXP17XXWMK","GXP17XX Wall Mountin","Grandstream Wall Mounting Kit for GXP17XX Series.x",17,"8.78","Grandstream","Now",""
"GR-GXV3370","GXV3370","Grandstream GVX3370 Android Phone.x",0,"442.00","Grandstream","Call",""
"GR-GXW4216V2","GXW4216V2","Grandstream GXW4216v2 VoIP Gateway 16FXS 1GiGE GDMS Compat",1,"534.56","Grandstream","Now",""
"GR-GXW4224V2","GXW4224V2","Grandstream GXW4224v2 VoIP Gateway 24FXS 1GiGE GDMS Compat",6,"776.88","Grandstream","Now",""
"GR-GXW4232V2","GXW4232V2","Grandstream GXW4232v2 VoIP Gateway 32FXS 1GiGE GDMS Compat",0,"924.56","Grandstream","Call",""
"GR-GXW4248V2","GXW4248V2","Grandstream GXW4248v2 VoIP Gateway 48FXS 1GiGE GDMS Compat",4,"1,359.28","Grandstream","Now",""
"GR-HA100","HA100","Grandstream HA100 High Availability Controller",0,"291.20","Grandstream","Call",""
"GR-HT801","HT801","Grandstream HT801 1 Port ATA",36,"61.36","Grandstream","Now",""
"GR-HT802","HT802","Grandstream HT802 2 Port ATA.",51,"68.64","Grandstream","Now",""
"GR-HT812","HT812","Grandstream HT812 2 FXS 2 GigE NAT Router",9,"80.08","Grandstream","Now",""
"GR-HT814","HT814 V2","Grandstream HT814 4 FXS 2 GigE NAT Router",16,"96.89","Grandstream","Now",""
"GR-HT818","HT818","Grandstream HT818 8 FXS 2 GigE NAT Router",29,"143.00","Grandstream","Now",""
"GR-POEINJECTOR","GS-POE30W-MG AU Plug","Grandstream 30W 2.5 GigE PoE+ Injector",51,"31.54","Grandstream","Now",""
"GR-RFIDCARDBUNDLE","RFID Card Bundle","Grandstream RFID Coded Access Cards - 100 Cards",1,"97.76","Grandstream","Now",""
"GR-WP810","WP810","Grandstream WP810 Portable WiFi Handset",7,"115.22","Grandstream","Now",""
"GR-WP816","WP816","Grandstream WP816 Compact Portable WIFI Handset",51,"97.76","Grandstream","Now",""
"GR-WP820","WP820","Grandstream WP820 WIFI Handset",47,"224.08","Grandstream","Now",""
"GR-WP825","WP825","Grandstream WP825 Ruggidised WIFI Handset",51,"205.04","Grandstream","Now",""
"GR-WP826","WP826","Grandstream WP826 Compact Portable WIFI Handset",51,"121.68","Grandstream","Now",""
"GR-WP856","WP856","Grandstream WP856 WiFi Smartphone with scanner",19,"1,048.00","Grandstream","Now",""
"GS-AS690","S30852-H2816-C401","Gigaset AS690 Cordless Phone",51,"98.80","Gigaset","Now",""
"GS-AS690HX","S30852-H2876-C401","Gigaset AS690 Additional Cordless Handset",4,"84.24","Gigaset","Now",""
"GS-E630A","S30852-H2523-C401","Gigaset E630A Cordless Phone with Answering Machine",37,"184.08","Gigaset","Now","4250366833484"
"GS-E630HX","S30852-H2762-C401","Gigaset E630HX Additional Cordless Handset",35,"137.28","Gigaset","Now","4250366833477"
"GS-REPEATER","S30853-H601-R117","Gigaset DECT Repeater",3,"278.72","Gigaset","Now","4250366835211"
"LS-1000-0000-0137","1000-0000-0137","LS Power Cord - Australia / New Zealand",0,"29.54","Lifesize","Call",""
"LS-1000-0000-0161","1000-0000-0161","LS Camera Firewire Cable - 7.5m",0,"353.60","Lifesize","Call",""
"LS-1000-0000-0162","1000-0000-0162","LS Camera Firewire Cable - 15m",0,"869.44","Lifesize","Call",""
"LS-1000-0000-0224","1000-0000-0224","LS Remote Control - Black",0,"161.20","Lifesize","Call",""
"LS-1000-0000-0234","1000-0000-0234","LS Camera 200/10x/Passport Connect Power Supply",0,"308.88","Lifesize","Call",""
"LS-1000-0000-0410","1000-0000-0410","LS Camera 10x",0,"4,630.08","Lifesize","Call",""
"LS-1000-0000-0593","1000-0000-0593","LS Digital MicPod",0,"616.72","Lifesize","Call",""
"LS-1000-0000-0594","1000-0000-0594","LS Link Cable - 9m",0,"88.40","Lifesize","Call",""
"LS-1000-0000-0599","1000-0000-0599","LS Power Supply for Icon 400/450/600 Flex & Passport Systems",0,"308.88","Lifesize","Call",""
"LS-1000-0000-0752","1000-0000-0752","LS Icon 600 - Dual Display License",0,"6,344.00","Lifesize","Call",""
"LS-1000-0000-0758","1000-0000-0758","Lifesize Link Cable - 4M",0,"59.28","Lifesize","Call",""
"LS-1000-0000-0759","1000-0000-0759","LS Link Cable - 15m",0,"176.80","Lifesize","Call",""
"LS-1000-0000-0784","1000-0000-0784","LS Icon Remote for 400/450/600/800",0,"88.40","Lifesize","Call",""
"LS-1000-0000-0887","1000-0000-0887","LS Link Adapter",0,"176.80","Lifesize","Call",""
"LS-1000-0000-0889","1000-0000-0889","LS Icon 600 - Codec Only - Single 1080p",0,"7,143.76","Lifesize","Call",""
"LS-1000-0000-0890","1000-0000-0890","LS Icon 800 - Codec Only - Dual 1080p",0,"18,058.56","Lifesize","Call",""
"LS-1000-0000-0906","1000-0000-0906","LS Icon Remote 2.0 for Flex ",0,"88.40","Lifesize","Call",""
"LS-1000-0000-0918","1000-0000-0918","LS Phone HD (Icon Series)",0,"2,064.40","Lifesize","Call",""
"LS-1000-0000-0933","1000-0000-0933","LS Share",0,"525.20","Lifesize","Call",""
"LS-1000-0000-1171","1000-0000-1171","LS Icon 600 - 10x Camera - Digital MicPod - Single 1080p",0,"10,105.68","Lifesize","Call",""
"LS-1000-0000-1173","1000-0000-1173","LS Icon 800 - 10x Camera - Dual 1080p Display",0,"19,910.80","Lifesize","Call",""
"LS-1000-0000-1180","1000-0000-1180","LS Icon 600 - 10x Camera - Phone HD - Single 1080p",0,"12,197.12","Lifesize","Call",""
"LS-1000-0000-1181","1000-0000-1181","LS Icon 600 - 10x Camera - Phone HD - Dual 1080p",0,"16,377.92","Lifesize","Call","84652900786"
"LS-1000-0000-1182","1000-0000-1182","Lifesize Icon 800 - 10x Optical PTZ Camera - Phone HD Dual D",0,"21,609.12","Lifesize","Call",""
"LS-1000-0000-1183","1000-0000-1183","LS Icon 450 - Phone HD",0,"8,712.08","Lifesize","Call","84652900798"
"LS-1000-0000-1185","1000-0000-1185","LS Icon 700 - Phone HD",0,"12,504.44","Lifesize","Call",""
"LS-1000-0000-1186","1000-0000-1186","Lifesize Icon 300 - Phone HD",0,"5,050.24","Lifesize","Call",""
"LS-1000-0000-1188","1000-0000-1188","Lifesize Icon 500 - Phone HD",0,"8,335.74","Lifesize","Call",""
"LS-1000-0000-1189","1000-0000-1189","LS Icon 300 - Micpod 3",0,"4,208.88","Lifesize","Call",""
"LS-1000-2100-0410","1000-2100-0410","LS Camera 10x - DSS",0,"318.24","Lifesize","Call",""
"LS-1000-2100-0918","1000-2100-0918","LS Phone HD - DSS",0,"206.96","Lifesize","Call",""
"LS-1000-2100-0922","1000-2100-0922","LS Share - DSS",0,"275.60","Lifesize","Call",""
"LS-1000-2100-1161","1000-2100-1161","LS Icon 600 - DSS - 1yr Subscription",0,"1,710.80","Lifesize","Call",""
"LS-1000-2100-1172","1000-2100-1172","LS Icon 800 - DSS",0,"1,423.76","Lifesize","Call",""
"LS-1000-2100-1183","1000-2100-1183","LS Icon 450 - DSS",1,"949.52","Lifesize","Now",""
"LS-1000-2100-1185","1000-2100-1185","LS Icon 700 - DSS",0,"2,059.74","Lifesize","Call",""
"LS-1000-2100-1186","1000-2100-1186","LS Icon 300 - DSS",0,"949.52","Lifesize","Call",""
"LS-1000-2100-1188","1000-2100-1188","LS Icon 500 - DSS",0,"1,544.37","Lifesize","Call",""
"LS-1000-2100-1189","1000-2100-1189","LS Icon 300 - Micpod 3 - DSS",0,"791.44","Lifesize","Call",""
"LS-3000-0000-0253","3000-0000-0253","LS Cloud Add-on Extreme Support - Medium Account",0,"8,835.84","Lifesize","Call",""
"LS-3000-0000-0254","3000-0000-0254","LS Cloud Add-on Extreme Support - Small Account",0,"17,671.68","Lifesize","Call",""
"LS-3000-0000-0470","3000-0000-0470","LS Cloud Add-on Record & Share - 10 Hours",0,"1,482.00","Lifesize","Call",""
"LS-3000-0000-0645","3000-0000-0645","LS Cloud Add-on Extreme Support - Small Account",0,"5,301.92","Lifesize","Call",""
"LS-3000-0000-0931","3000-0000-0931","LS Cloud Third Party Registration - Per Room System",0,"1,334.32","Lifesize","Call",""
"LS-3000-0000-0981","3000-0000-0981","LS Cloud Add-on Live Stream - 2500 Viewers",0,"9,634.56","Lifesize","Call",""
"LS-3000-0000-0986","3000-0000-0986","LS Cloud Add-on Live Stream - 10000 Viewers",0,"38,536.16","Lifesize","Call",""
"LS-3000-0000-1006","3000-0000-1006","LS Cloud Add-on 50-Way Calling",0,"1,482.00","Lifesize","Call",""
"LS-3000-0000-1043","3000-0000-1043","LS Cloud Add-on Record & Share - Unlimited - Small",0,"2,964.00","Lifesize","Call",""
"LS-3000-0000-1053","3000-0000-1053","LS Cloud Small Account",0,"7,412.08","Lifesize","Call",""
"LS-3000-0000-1058","3000-0000-1058","LS Cloud Medium Account",0,"18,526.56","Lifesize","Call",""
"LS-3000-0000-1063","3000-0000-1063","LS Cloud Large Account",0,"37,054.16","Lifesize","Call",""
"LS-3000-0000-1075","3000-0000-1075","LS Cloud Add-on Add User",0,"61.36","Lifesize","Call",""
"LS-3000-0000-1080","3000-0000-1080","LS Cloud Add-on Virtual Meeting Room",0,"444.08","Lifesize","Call",""
"LS-3000-0000-1100","3000-0000-1100","LS Cloud Add-on SSO",0,"2,223.52","Lifesize","Call",""
"LS-3000-0000-1115","3000-0000-1115","LS Cloud Add-on Live Stream - 500 Viewers",0,"3,854.24","Lifesize","Call",""
"LS-3000-0000-1120","3000-0000-1120","LS Cloud Add-on Record & Share - Unlimited - Medium",0,"5,928.00","Lifesize","Call",""
"LS-3000-0000-1125","3000-0000-1125","LS Cloud Add-on Record & Share - Unlimited - Large",0,"11,858.08","Lifesize","Call",""
"LS-3000-0000-1132","3000-0000-1132","LS Cloud Fast Start Account",0,"3,533.92","Lifesize","Call",""
"LS-3000-0000-1138","3000-0000-1138","LS Cloud One-time Meetings - Small Account",0,"2,223.52","Lifesize","Call",""
"LS-3000-0000-1143","3000-0000-1143","LS Cloud One-time Meetings - Medium Account",0,"5,928.00","Lifesize","Call",""
"LS-3000-0000-1153","3000-0000-1153","LS Cloud Add-On Dash Room License",0,"741.52","Lifesize","Call",""
"LS-3000-0000-1159","3000-0000-1159","LS Cloud Add-on 100-Way Calling",0,"2,223.52","Lifesize","Call",""
"LS-3000-0000-1164","3000-0000-1164","LS Cloud Add-on 300-Way Calling",0,"5,928.00","Lifesize","Call",""
"LS-3000-0000-1170","3000-0000-1170","LS Cloud Microsoft Integration - Small Accounts",0,"1,112.80","Lifesize","Call",""
"LS-3000-0000-1175","3000-0000-1175","LS Cloud Microsoft Integrations - Medium Accounts",0,"4,446.00","Lifesize","Call",""
"LS-3000-0000-1214","3000-0000-1214","Lifesize Host Plus - Per User - Min Qty 10",0,"308.88","Lifesize","Call",""
"LS-3000-0000-1214","3000-0000-1214","Lifesize Host Plus - Per User - Min Qty 10",0,"308.88","Lifesize","Call",""
"LS-3000-0000-1215","3000-0000-1215","Lifesize Host Enterprise - Per User - Min Qty 50",0,"308.88","Lifesize","Call",""
"LS-3000-0000-1215","3000-0000-1215","Lifesize Host Enterprise - Per User - Min Qty 50",0,"308.88","Lifesize","Call",""
"LS-3000-0000-1217","3000-0000-1217","LS Cloud Add-on 500-Way Calling",0,"8,893.04","Lifesize","Call",""
"PM-BUSYLIGHTALPHA","15306","Kuando Busylight UC Alpha - Microsoft Teams",37,"73.84","Kuando","Now",""
"PM-BUSYLIGHTCOMBI","BUSYLIGHTCOMBI","Kuando Busylight Combi for Deskphones & Headsets",8,"90.48","Kuando","Now",""
"PM-BUSYLIGHTOMEGA","15410","Kuando Busylight UC Omega - Microsoft Teams",42,"73.84","Kuando","Now",""
"PM-KUANDOBOX","15620","Kuando Box",16,"73.84","Kuando","Now",""
"SM-C520WiMi","00004356","Snom C520 SIP Conference Phone with Two Wireless Mics",0,"523.12","Snom","Call",""
"SM-C52SP","C52SP","Snom C52 SIP DECT Expansion Wireless Speakerphone.x",3,"359.84","Snom","Now",""
"SM-D120","00004361","Snom D120 SIP Deskphone.x",24,"98.80","Snom","Now",""
"SM-D7","00004011","Snom D7 18-Button DSS Module for D715/725/745/765.x",10,"201.76","Snom","Now",""
"SM-D712","00004353","Snom D712 4-Line 5-Button SIP Deskphone 10/100 poE.x",41,"154.96","Snom","Now",""
"SM-D715","00004039","Snom D715 4-Line 5-Button SIP Deskphone GIG PoE",34,"183.04","Snom","Now",""
"SM-D725","00003916","Snom D725 12-Line 18-Button SIP Deskphone GIG PoE",16,"272.48","Snom","Now",""
"SM-D745","00004259","Snom D745 12-Line 8-Button LSS SIP Deskphone GIG PoE",37,"290.16","Snom","Now",""
"SM-D765","00003917","Snom D765 12-Line 16-Button Colour SIP Deskphone GIG PoE",4,"340.08","Snom","Now",""
"SM-D785","00004349","Snom D785 12-Line 24-Button Colour SIP Deskphone GIG PoE",0,"303.68","Snom","Call",""
"SM-D785W","0004392","Snom D785 24-Button Colour SIP Deskphone GIG PoE White",0,"303.68","Snom","Call",""
"SM-EHS","2362","Snom Wireless Headset Adaptor.x",26,"100.88","Snom","Now",""
"SM-M25","00004160","Snom M25 IP DECT Office Handset",1,"176.80","Snom","Now",""
"SM-M5","00003930","Snom M5 IP DECT Range Extending Repeater.x",15,"269.36","Snom","Now",""
"SM-M65","00003969","Snom M65 IP DECT Professional Handset. Wideband Audio",10,"297.44","Snom","Now",""
"SM-M700","00003928","Snom M700 IP DECT Multi-cell Base Station.x",0,"540.80","Snom","Call",""
"SM-M90","00004425","Snom M90 Antibacterial IP DECT Handset.x",31,"796.64","Snom","Now",""
"SM-M900","00004426","Snom M900 IP DECT Base Station",25,"642.72","Snom","Now",""
"SM-PA1","00004602","Snom PA1+ 4-Line SIP Public Address Bridge",8,"247.52","Snom","Now",""
"SN-508321","508321","EPOS HZP 52 SC 1x5 Foam Earpad - 2 pcs.X",4,"7.21","EPOS","Now","4044155240849"
"SN-508322","508322","EPOS HZP 54 SC 1x5 Leatherette Earpad - 2 pcs.X",4,"9.27","EPOS","Now","4044155240856"
"VT-A1310","A1310","Vtech A1310 Corded TrimStyle Phone",1,"47.84","VTech","Now",""
"VT-A2210","A2210","VTech A2210 Corded Hospitality Phone",0,"98.80","VTech","Call",""
"VT-A2210NS","A2210NS","VTech A2210NS Corded Hospitality Phone - no speakerphone",0,"81.12","VTech","Call",""
"VT-A2211","A2211","VTech A2211 Corded Petite Hospitality Phone",0,"81.12","VTech","Call",""
"VT-A2220","A2220","VTech A2220 Corded Hospitality Phone",0,"142.48","VTech","Call",""
"VT-A2310","A2310-MW","VTech A2310 Corded Slim Hospitality Phone",0,"54.08","VTech","4/02/2026",""
"VT-A2411","A2411","Vtech A2411 Cordless Hospitality Phone",1,"274.56","VTech","Now",""
"VT-A241SDU","A241SDU","Vtech C4101 Cordless Hospitality Extra Handset with Charger",0,"158.08","VTech","Call",""
"VT-C4101","C4101","Vtech C4101 Cordless Hospitality Extra Handset",0,"157.04","VTech","Call",""
"VT-PMX-S5410","PMX-S5410","Vtech PMX-S5410 DECT Hospitality Phone",5,"442.00","Vtech Hospitality","Now",""
"VT-S2100-X","S2100-X","Vtech S2100-X SIP Lobby Phone",0,"199.68","VTech","Call",""
"VT-S2210","S2210-X","VTech S2210-X SIP Corded Hospitality Phone",6,"160.16","VTech","Now",""
"VT-S2211","S2211-X","VTech S2211-X SIP Corded Petite Hospitality Phone",1,"140.40","VTech","Now",""
"VT-S2310","S2310","VTech S2310 SIP Corded Slim Hospitality Phone.x",5,"98.80","VTech","Now",""
"VT-S2411","S2411-X","VTech S2411-X SIP Cordless Hospitality Phone",3,"338.00","VTech","Now",""
"VT-S2415","S2415","Vtech S2415 TrimStyle 1-Line SIP Cordless Phone",0,"287.04","VTech","Call",""
"VT-S2415HC","S2415HC","Vtech S2415HC Accessory Handset + Charger - Requires S2415",0,"159.12","VTech","Call",""
"VT-S241SDU","S241-X-SD","Vtech S241-X Cordless Hospitality Extra Handset with Charger",0,"160.16","VTech","Call",""
"ZYBSE-841153-0310","841153-0320","-",0,"347.00","Bose","Call",""
"ZYEPS-1000203","1000203","EPOS EXPAND 80 Bluetooth Speakerphone - USB-C - MS Teams.x",0,"700.11","EPOS","Call","5714708000044"
""