STOCKCODE,NAME,DESCRIPTION,BARCODE,BRAND,PRODUCT_GROUP,SUB_CATEGORY,SUB_PRODUCT_GROUP,WEB_GROUP,WARRANTY,WEIGHT,CUBIC,NORMAL_BUY_PRICE,BEST_BUY_PRICE,BEST_BUY_VALID_TO,RRP,ONHAND,ETA,NEW_PRODUCT,SPECIAL_ORDER
ACATP30001,TRUSENS HUMIDIFIER AROMA PADS PK10,TRUSENS HUMIDIFIER AROMA PADS PK10,ATP30001,ACCO - BUSINESS MACHINES,,AC - HUMIDIFIERS,,,,0,0,5.89,0,,$11.99,0,,Y,N
ACN200HAU,TRUSENS N200 HUMIDIFIER,TRUSENS N200 HUMIDIFIER,N200HAU,ACCO - BUSINESS MACHINES,,AC - HUMIDIFIERS,,,,0,0,194.07,0,,$364.99,0,,Y,N
ACN300HAU,TRUSENS N300 HUMIDIFIER,TRUSENS N300 HUMIDIFIER,N300HAU,ACCO - BUSINESS MACHINES,,AC - HUMIDIFIERS,,,,0,0,253.93,0,,$477.99,0,,Y,N
ACWSF30001,TRUSENS HUMIDIFIER WATER FILTER,TRUSENS HUMIDIFIER WATER FILTER,WSF30001,ACCO - BUSINESS MACHINES,,AC - HUMIDIFIERS,,,,0,0,18.38,0,,$34.99,0,,Y,N
ACZ1000AU,TRUSENS Z1000 AIR PURIFIER,TRUSENS Z1000 AIR PURIFIER,Z1000AU,ACCO - BUSINESS MACHINES,,AC - AIR PURIFIERS,,,,0,0,94.8,0,,$233.91,0,,N,N
ACZ2000AU,TRUSENS Z2000 AIR PURIFIER,TRUSENS Z2000 AIR PURIFIER,Z2000AU,ACCO - BUSINESS MACHINES,,AC - AIR PURIFIERS,,,,0,0,185,0,,$407.83,1223,,N,N
ACZ3000AU,TRUSENS AIR PURIFIER Z3000 LARGE ROOM,TRUSENS AIR PURIFIER Z3000 LARGE ROOM,Z3000AU,ACCO - BUSINESS MACHINES,,AC - AIR PURIFIERS,,,,0,0,268.18,0,,$564.35,212,17-05-2023,N,N
ACZ6000AU,TRUSENS PERFORMANCE AIR PURIFIER Z6000,TRUSENS PERFORMANCE AIR PURIFIER Z6000,Z6000AU,ACCO - BUSINESS MACHINES,,AC - HUMIDIFIERS,,,,0,0,1425.12,0,,$2799.00,0,,Y,N
AC0240910,DAC MP113 SUPER GEL MOUSE PAD CONTOURED,DAC MP113 SUPER GEL MOUSE PAD CONTOURED GREY,0240910,ACCO - TECHNOLOGY PRODUCTS,,AC - MOUSE PADS / WRIST RESTS,,,,0,0,37.38,0,,$87.49,10,,N,N
AC0267560,DAC MP124 SUPER GEL WRIST REST CONTOURED,DAC MP124 SUPER GEL WRIST REST CONTOURED BLUE,0267560,ACCO - TECHNOLOGY PRODUCTS,,AC - MOUSE PADS / WRIST RESTS,,,,0,0,41.95,0,,$98.45,0,,N,N
AC0267570,DAC MP128 SUPER GEL WRIST REST STRAIGHT,DAC MP128 SUPER GEL WRIST REST STRAIGHT BLUE,0267570,ACCO - TECHNOLOGY PRODUCTS,,AC - MOUSE PADS / WRIST RESTS,,,,0,0,37.38,0,,$78.95,0,,N,N
AC0267580,DAC MP123 SUPER GEL MOUSE PAD CONTOURED,DAC MP123 SUPER GEL MOUSE PAD CONTOURED BLUE,0267580,ACCO - TECHNOLOGY PRODUCTS,,AC - MOUSE PADS / WRIST RESTS,,,,0,0,31.92,0,,$74.95,0,,N,N
AC0267590,DAC MP127 SUPER GEL MOUSE PAD STRAIGHT B,DAC MP127 SUPER GEL MOUSE PAD STRAIGHT BLUE,0267590,ACCO - TECHNOLOGY PRODUCTS,,AC - MOUSE PADS / WRIST RESTS,,,,0,0,31.01,0,,$72.49,0,,N,N
AC0267610,DAC MP140 FOOT REST ULTIMATE,DAC MP140 FOOT REST ULTIMATE,0267610,ACCO - TECHNOLOGY PRODUCTS,,AC - FOOT RESTS,,,,0,0,81.15,0,,$189.95,0,,Y,N
AC0311110,DAC MP107 MONITOR RISER BLACK,DAC MP107 MONITOR RISER BLACK,0311110,ACCO - TECHNOLOGY PRODUCTS,,AC - RISER AND MONITOR STAND,,,,0,0,44.71,0,,$104.45,2,,N,N
AC0360970,DAC MP197 MONITOR RISER CORNER BLACK,DAC MP197 MONITOR RISER CORNER BLACK,0360970,ACCO - TECHNOLOGY PRODUCTS,,AC - RISER AND MONITOR STAND,,,,0,0,45.61,0,,$106.95,0,,Y,N
AC0398560,DAC MP200 MONITOR ARMS DOUBLE FLEXIBLE,DAC MP200 MONITOR ARMS DOUBLE FLEXIBLE,0398560,ACCO - TECHNOLOGY PRODUCTS,,AC - RISER AND MONITOR STAND,,,,0,0,319.17,0,,$746.45,0,,Y,N
AC200013,KTG COLOURED NYLON CABLE TIES 50 PK,KTG COLOURED NYLON CABLE TIES 50 PK,200013,ACCO - TECHNOLOGY PRODUCTS,,AC - CABLE MANAGEMENT,,,,0,0,5.95,0,,$9.32,0,,Y,N
AC200014,KTG ULTRA THIN MOUSE PAD- BLUE,KTG ULTRA THIN MOUSE PAD- BLUE,200014,ACCO - TECHNOLOGY PRODUCTS,,AC - MOUSE PADS / WRIST RESTS,,,,0,0,8.82,8.82,,$13.82,0,,Y,N
AC200119,KTG EASEL COPYHOLDER,KTG EASEL COPYHOLDER,200119,ACCO - TECHNOLOGY PRODUCTS,,AC - BACK RESTS,,,,0,0,18.95,18.95,,$29.68,0,,Y,N
AC30051,CPTS-PRO-CON-MNTH ESSELTE MONITOR STAND,CPTS-PRO-CON-MNTH ESSELTE MONITOR STAND 60CM GLASS WH LEGS,30051,ACCO - TECHNOLOGY PRODUCTS,,AC - RISER AND MONITOR STAND,,,,0,0,61.76,0,,$156.95,0,,N,N
AC33462,KTG STEREO EARPHONES,KTG STEREO EARPHONES,33462,ACCO - TECHNOLOGY PRODUCTS,,AC - HEADPHONES,,,,0,0,7.05,7.05,,$11.05,0,,Y,N
AC33464,KTG STEREO EARPHONES WITH MIC AND VOLUME,KTG STEREO EARPHONES WITH MIC AND VOLUME,33464,ACCO - TECHNOLOGY PRODUCTS,,AC - HEADPHONES,,,,0,0,16.36,16.36,,$25.63,0,,Y,N
AC33465,KTG 3.5MM TO 6MM AUDIO ADAPTER,KTG 3.5MM TO 6MM AUDIO ADAPTER,33465,ACCO - TECHNOLOGY PRODUCTS,,AC - HEADPHONES,,,,0,0,4.48,4.48,,$7.02,0,,Y,N
AC33466,KTG LIGHT WEIGHT HEADPHONES,KTG LIGHT WEIGHT HEADPHONES,33466,ACCO - TECHNOLOGY PRODUCTS,,AC - HEADPHONES,,,,0,0,10,10,,$15.67,0,,Y,N
AC33467,KTG HEADPHONES WITH MIC AND VOLUME,KTG HEADPHONES WITH MIC AND VOLUME,33467,ACCO - TECHNOLOGY PRODUCTS,,AC - HEADPHONES,,,,0,0,11.93,11.93,,$18.68,0,,Y,N
AC33468,KTG STEREO USB HEADPHONES MIC AND VOLUME,KTG STEREO USB HEADPHONES MIC AND VOLUME,33468,ACCO - TECHNOLOGY PRODUCTS,,AC - HEADPHONES,,,,0,0,30.96,30.96,,$48.50,0,,Y,N
AC33470,KTG USB-A TO 3.5MM AUDIO ADAPTER,KTG USB-A TO 3.5MM AUDIO ADAPTER,33470,ACCO - TECHNOLOGY PRODUCTS,,AC - HEADPHONES,,,,0,0,4.54,4.54,,$7.12,0,,Y,N
AC33471BL,KTG OVEREAR HEADPHONES BLUE,KTG OVEREAR HEADPHONES BLUE,33471BL,ACCO - TECHNOLOGY PRODUCTS,,AC - HEADPHONES,,,,0,0,30.48,30.48,,$47.75,0,,Y,N
AC33471GR,KTG OVEREAR HEADPHONES YELLOW,KTG OVEREAR HEADPHONES YELLOW,33471GR,ACCO - TECHNOLOGY PRODUCTS,,AC - HEADPHONES,,,,0,0,30.46,30.46,,$47.72,0,,Y,N
AC33472,KTG VOLUME LIMITING KIDS HEAPHONES,KTG VOLUME LIMITING KIDS HEAPHONES,33472,ACCO - TECHNOLOGY PRODUCTS,,AC - HEADPHONES,,,,0,0,18.31,18.31,,$28.68,0,,Y,N
AC33959,KTG DOCKING STATION VESA MOUNTING PLATE,KTG DOCKING STATION VESA MOUNTING PLATE,33959,ACCO - TECHNOLOGY PRODUCTS,,AC - UNIVERSAL DOCKING STATION,,,,0,0,7.1,7.1,,$11.12,3,,N,N
AC33972,KTG SD3500 USB 3.0 DOCKING STATION,KTG SD3500 USB 3.0 DOCKING STATION,33972,ACCO - TECHNOLOGY PRODUCTS,,AC - UNIVERSAL DOCKING STATION,,,,0,0,274.83,274.83,,$430.57,0,,N,N
AC33984,KTG VP4000 DP-HDMI VIDEO ADAPTER,KTG VP4000 DP-HDMI VIDEO ADAPTER,33984,ACCO - TECHNOLOGY PRODUCTS,,AC - USB HUBS AND ADAPTERS,,,,0,0,36.56,36.56,,$57.28,0,,Y,N
AC33985,KTG VM4000 4K MINI DP-HDMI VIDEO ADAPTER,KTG VM4000 4K MINI DP-HDMI VIDEO ADAPTER,33985,ACCO - TECHNOLOGY PRODUCTS,,AC - USB HUBS AND ADAPTERS,,,,0,0,29.12,29.12,,$45.62,0,,Y,N
AC33986,KTG VM2000 MINI DP-HDMI VIDEO ADAPTER,KTG VM2000 MINI DP-HDMI VIDEO ADAPTER,33986,ACCO - TECHNOLOGY PRODUCTS,,AC - USB HUBS AND ADAPTERS,,,,0,0,23.93,23.93,,$37.48,0,,Y,N
AC33987,KTG VM1000 MINI DP-VGA VIDEO ADAPTER,KTG VM1000 MINI DP-VGA VIDEO ADAPTER,33987,ACCO - TECHNOLOGY PRODUCTS,,AC - USB HUBS AND ADAPTERS,,,,0,0,29.12,29.12,,$45.62,0,,Y,N
AC33992,KTG CA1000 USB C-USB A ADAPTER,KTG CA1000 USB C-USB A ADAPTER,33992,ACCO - TECHNOLOGY PRODUCTS,,AC - USB HUBS AND ADAPTERS,,,,0,0,25.67,25.67,,$40.22,0,,Y,N
AC33993,KTG CV4000H 4K USB C-HDMI ADAPTER,KTG CV4000H 4K USB C-HDMI ADAPTER,33993,ACCO - TECHNOLOGY PRODUCTS,,AC - USB HUBS AND ADAPTERS,,,,0,0,54.26,54.26,,$85.00,0,,Y,N
AC33994,KTG CV2000V FULL HD USB C-VGA ADAPTER,KTG CV2000V FULL HD USB C-VGA ADAPTER,33994,ACCO - TECHNOLOGY PRODUCTS,,AC - USB HUBS AND ADAPTERS,,,,0,0,38.54,38.54,,$60.38,0,,Y,N
AC38232,KTG SD5000T THUNDERBOLT 3 DOCK W/ POWER,KTG SD5000T THUNDERBOLT 3 DOCK W/ POWER,38232,ACCO - TECHNOLOGY PRODUCTS,,AC - UNIVERSAL DOCKING STATION,,,,0,0,392.54,392.54,,$614.98,0,,Y,N
AC38235,KTG 1M USB-C THUNDERBOLT 3 CABLE,KTG 1M USB-C THUNDERBOLT 3 CABLE,38235,ACCO - TECHNOLOGY PRODUCTS,,AC - CHARGING CABLES,,,,0,0,55.67,55.67,,$87.22,0,,N,N
AC38240,KTG SD4700P USB-C AND USB 3.0 DOCKING ST,KTG SD4700P USB-C AND USB 3.0 DOCKING ST,38240,ACCO - TECHNOLOGY PRODUCTS,,AC - UNIVERSAL DOCKING STATION,,,,0,0,484.29,2,,$517.55,0,,N,N
AC39121,KTG UH4000 USB 3.0 4 PORT HUB,KTG UH4000 USB 3.0 4 PORT HUB,39121,ACCO - TECHNOLOGY PRODUCTS,,AC - USB HUBS AND ADAPTERS,,,,0,0,35.51,35.51,,$55.63,0,,N,N
AC39122,KTG UH4000C USB 3.0 4 PORT HUB WITH CHAR,KTG UH4000C USB 3.0 4 PORT HUB WITH CHAR,39122,ACCO - TECHNOLOGY PRODUCTS,,AC - USB HUBS AND ADAPTERS,,,,0,0,68.09,68.09,,$106.67,0,,Y,N
AC39123,KTG UH7000C USB 3.0 7 PORT HUB WITH CHAR,KTG UH7000C USB 3.0 7 PORT HUB WITH CHAR,39123,ACCO - TECHNOLOGY PRODUCTS,,AC - USB HUBS AND ADAPTERS,,,,0,0,93.69,93.69,,$146.78,0,,Y,N
AC39124,KTG CH1000 USB-C 4 PORT HUB,KTG CH1000 USB-C 4 PORT HUB,39124,ACCO - TECHNOLOGY PRODUCTS,,AC - USB HUBS AND ADAPTERS,,,,0,0,56.78,56.78,,$88.95,0,,Y,N
AC50432,KTG ERGOSOFT WRIST REST STANDARD MICE GR,KTG ERGOSOFT WRIST REST STANDARD MICE GR,50432,ACCO - TECHNOLOGY PRODUCTS,,AC - MOUSE PADS / WRIST RESTS,,,,0,0,18.24,18.24,,$28.58,0,,N,N
AC50433,KTG ERGOSOFT WRIST REST STANDARD KEYBOAR,KTG ERGOSOFT WRIST REST STANDARD KEYBOAR,50433,ACCO - TECHNOLOGY PRODUCTS,,AC - MOUSE PADS / WRIST RESTS,,,,0,0,31.68,31.68,,$49.63,4,,N,N
AC50434,KTG ERGOSOFT WRIST REST SLIM KEYBOARD GR,KTG ERGOSOFT WRIST REST SLIM KEYBOARD GR,50434,ACCO - TECHNOLOGY PRODUCTS,,AC - MOUSE PADS / WRIST RESTS,,,,0,0,36.74,36.74,,$57.57,0,,N,N
AC50436,KTG ERGOSOFT WRIST REST SLIM MOUSE GREY,KTG ERGOSOFT WRIST REST SLIM MOUSE GREY,50436,ACCO - TECHNOLOGY PRODUCTS,,AC - MOUSE PADS / WRIST RESTS,,,,0,0,21.8,21.8,,$34.15,0,,Y,N
AC50437,KTG ERGOSOFT MOUSEPAD GREY,KTG ERGOSOFT MOUSEPAD GREY,50437,ACCO - TECHNOLOGY PRODUCTS,,AC - MOUSE PADS / WRIST RESTS,,,,0,0,35.89,35.89,,$56.23,0,,N,N
AC52482,KTG ADJUSTABLE FOOTREST,KTG ADJUSTABLE FOOTREST,52482,ACCO - TECHNOLOGY PRODUCTS,,AC - FOOT RESTS,,,,0,0,47.06,47.06,,$73.73,0,,N,N
AC52615,KTG BASIC MOUSE PAD- BLACK,KTG BASIC MOUSE PAD- BLACK,52615,ACCO - TECHNOLOGY PRODUCTS,,AC - MOUSE PADS / WRIST RESTS,,,,0,0,3.5,3.5,,$5.48,10,,N,N
AC52781,KTG MESH BACK SUPPORT,KTG MESH BACK SUPPORT,52781,ACCO - TECHNOLOGY PRODUCTS,,AC - BACK RESTS,,,,0,0,23.99,23.99,,$37.58,0,,Y,N
AC52783,KTG SMARTFIT LAPTOP RISER,KTG SMARTFIT LAPTOP RISER,52783,ACCO - TECHNOLOGY PRODUCTS,,AC - RISER AND MONITOR STAND,,,,0,0,77.27,77.27,,$121.05,37,,N,N
AC52785,KTG SMARTFIT STANDARD MONITOR STAND,KTG SMARTFIT STANDARD MONITOR STAND,52785,ACCO - TECHNOLOGY PRODUCTS,,AC - RISER AND MONITOR STAND,,,,0,0,36.87,36.87,,$57.77,6,,N,N
AC52786,KTG SMARTFIT PREMIUM MONITOR STAND,KTG SMARTFIT PREMIUM MONITOR STAND,52786,ACCO - TECHNOLOGY PRODUCTS,,AC - RISER AND MONITOR STAND,,,,0,0,73.48,73.48,,$115.12,0,,N,N
AC52787,KTG SMARTFIT SPIN2 MONITOR STAND,KTG SMARTFIT SPIN2 MONITOR STAND,52787,ACCO - TECHNOLOGY PRODUCTS,,AC - RISER AND MONITOR STAND,,,,0,0,87.04,87.04,,$136.37,0,,Y,N
AC52788,KTG EASY RISER COOLING N/BOOK STAND,KTG EASY RISER COOLING N/BOOK STAND,52788,ACCO - TECHNOLOGY PRODUCTS,,AC - RISER AND MONITOR STAND,,,,0,0,39.4,39.4,,$61.73,5,,N,N
AC52789,KTG SOLEMATE PLUS FOOTREST,KTG SOLEMATE PLUS FOOTREST,52789,ACCO - TECHNOLOGY PRODUCTS,,AC - FOOT RESTS,,,,0,0,87.33,87.33,,$136.82,0,,N,N
AC52797,KTG SMARTFIT WIDE MONITOR STAND,KTG SMARTFIT WIDE MONITOR STAND,52797,ACCO - TECHNOLOGY PRODUCTS,,AC - RISER AND MONITOR STAND,,,,0,0,59.61,0,,$93.38,0,,Y,N
AC52798,KTG ERGOTOUCH? WRIST REST FOR GAM KEY,KTG ERGOTOUCH? WRIST REST FOR GAM KEY,52798,ACCO - TECHNOLOGY PRODUCTS,,AC - MOUSE PADS / WRIST RESTS,,,,0,0,29.47,29.47,,$46.17,5,,N,N
AC52799,KTG ERGOSOFT WRIST REST STANDARD KYBOARD,KTG ERGOSOFT WRIST REST STANDARD KYBOARD,52799,ACCO - TECHNOLOGY PRODUCTS,,AC - MOUSE PADS / WRIST RESTS,,,,0,0,43.65,43.65,,$68.38,11,,N,N
AC52800,KTG ERGOSOFT WRIST REST SLIM KEYBOARD,KTG ERGOSOFT WRIST REST SLIM KEYBOARD,52800,ACCO - TECHNOLOGY PRODUCTS,,AC - MOUSE PADS / WRIST RESTS,,,,0,0,43.65,43.65,,$68.38,3,,N,N
AC52802,KTG ERGOSOFT WRIST REST STANDARD MICE,KTG ERGOSOFT WRIST REST STANDARD MICE,52802,ACCO - TECHNOLOGY PRODUCTS,,AC - MOUSE PADS / WRIST RESTS,,,,0,0,36.93,36.93,,$57.85,10,,N,N
AC52803,KTG ERGOSOFT WRIST REST SLIM MOUSE,KTG ERGOSOFT WRIST REST SLIM MOUSE,52803,ACCO - TECHNOLOGY PRODUCTS,,AC - MOUSE PADS / WRIST RESTS,,,,0,0,21.16,21.16,,$33.15,0,,N,N
AC52804,KTG DOD SIT STAND WORKSTATION,KTG DOD SIT STAND WORKSTATION,52804,ACCO - TECHNOLOGY PRODUCTS,,AC - STANDING DESK SOLUTIONS,,,,0,0,528.9,528.9,,$828.62,0,,N,N
AC52900,KTG PRIVACY SCREEN FOR MACBOOK 12IN,KTG PRIVACY SCREEN FOR MACBOOK 12IN,52900,ACCO - TECHNOLOGY PRODUCTS,,AC - PRIVACY SCREENS AND FILM,,,,0,0,62.63,62.63,,$98.12,0,,Y,N
AC55300,KTG ERGONOMIC LUMBAR ROLL,KTG ERGONOMIC LUMBAR ROLL,55300,ACCO - TECHNOLOGY PRODUCTS,,AC - BACK RESTS,,,,0,0,23.73,0,,$37.18,0,,Y,N
AC55401,KTG PREMIUM ANTI FATIGUE MAT,KTG PREMIUM ANTI FATIGUE MAT,55401,ACCO - TECHNOLOGY PRODUCTS,,AC - STANDING DESK SOLUTIONS,,,,0,0,131.33,131.33,,$205.75,0,,Y,N
AC55726,KTG SLIM MONITOR STAND,KTG SLIM MONITOR STAND,55726,ACCO - TECHNOLOGY PRODUCTS,,AC - RISER AND MONITOR STAND,,,,0,0,26.91,26.91,,$42.17,0,,Y,N
AC55789,KTG ANTI FATIGUE FLOOR MAT,KTG ANTI FATIGUE FLOOR MAT,55789,ACCO - TECHNOLOGY PRODUCTS,,AC - STANDING DESK SOLUTIONS,,,,0,0,114.68,114.68,,$179.67,0,,N,N
AC55792,KTG SMARTFIT  SIT/STAND WORKSTATION,KTG SMARTFIT  SIT/STAND WORKSTATION,55792,ACCO - TECHNOLOGY PRODUCTS,,AC - STANDING DESK SOLUTIONS,,,,0,0,416.8,416.8,,$652.98,0,,Y,N
AC55793,KTG SMARTFIT MOUSE PAD WITH WRIST SUPPOR,KTG SMARTFIT MOUSE PAD WITH WRIST SUPPOR,55793,ACCO - TECHNOLOGY PRODUCTS,,AC - MOUSE PADS / WRIST RESTS,,,,0,0,33.57,33.57,,$52.60,0,,N,N
AC55809,KTG PREMIUM COOL GEL SEAT CUSHION,KTG PREMIUM COOL GEL SEAT CUSHION,55809,ACCO - TECHNOLOGY PRODUCTS,,AC - SEAT CUSHIONS,,,,0,0,99.82,99.82,,$156.38,0,,Y,N
AC55888,KTG ERGOSOFT MOUSEPAD BLACK,KTG ERGOSOFT MOUSEPAD BLACK,55888,ACCO - TECHNOLOGY PRODUCTS,,AC - MOUSE PADS / WRIST RESTS,,,,0,0,42.87,42.87,,$67.17,2,,N,N
AC56148,KTG SOLEREST FOOTREST,KTG SOLEREST FOOTREST,56148,ACCO - TECHNOLOGY PRODUCTS,,AC - FOOT RESTS,,,,0,0,35.74,35.74,,$56.00,0,,Y,N
AC56150,KTG ROCKING FOOTREST,KTG ROCKING FOOTREST,56150,ACCO - TECHNOLOGY PRODUCTS,,AC - FOOT RESTS,,,,0,0,34.7,34.7,,$54.37,0,,N,N
AC56151,KTG ERGONOMIC FOOTREST,KTG ERGONOMIC FOOTREST,56151,ACCO - TECHNOLOGY PRODUCTS,,AC - FOOT RESTS,,,,0,0,165.34,165.34,,$259.03,0,,Y,N
AC56155,KTG SOLEMASSAGE FOOTREST,KTG SOLEMASSAGE FOOTREST,56155,ACCO - TECHNOLOGY PRODUCTS,,AC - FOOT RESTS,,,,0,0,58.9,58.9,,$92.28,0,,N,N
AC60004,KTG SMARTFIT UNDERDESK KEYBOARD DRAWER,KTG SMARTFIT UNDERDESK KEYBOARD DRAWER,60004,ACCO - TECHNOLOGY PRODUCTS,,AC - KEYBOARD DRAWERS,,,,0,0,103.4,103.4,,$162.00,0,,Y,N
AC60412,KTG SMARTFIT CONFORM BACK SUPPORT,KTG SMARTFIT CONFORM BACK SUPPORT,60412,ACCO - TECHNOLOGY PRODUCTS,,AC - BACK RESTS,,,,0,0,83.31,83.31,,$130.52,0,,N,N
AC60726,KTG SMARTFIT ADJUSTABLE LAPTOP STAND,KTG SMARTFIT ADJUSTABLE LAPTOP STAND,60726,ACCO - TECHNOLOGY PRODUCTS,,AC - RISER AND MONITOR STAND,,,,0,0,69.95,69.95,,$109.58,0,,N,N
AC62052M,KTG CABLE LOCK FOR SURFACE PRO MASTER,KTG CABLE LOCK FOR SURFACE PRO MASTER,62052M,ACCO - TECHNOLOGY PRODUCTS,,AC - KEYED LOCKS,,,,0,0,58.36,58.36,,$91.43,0,,Y,N
AC62055,KTG KEYED CABLE LOCK FOR SURFACE PRO,KTG KEYED CABLE LOCK FOR SURFACE PRO,62055,ACCO - TECHNOLOGY PRODUCTS,,AC - KEYED LOCKS,,,,0,0,54.04,54.04,,$84.67,0,,Y,N
AC62058,KTG HEIGHT ADJUSTABLE COPYHOLDER,KTG HEIGHT ADJUSTABLE COPYHOLDER,62058,ACCO - TECHNOLOGY PRODUCTS,,AC - BACK RESTS,,,,0,0,26.83,26.83,,$42.03,0,,Y,N
AC62097,KTG SMARTFIT IN-LINE COPYHOLDER,KTG SMARTFIT IN-LINE COPYHOLDER,62097,ACCO - TECHNOLOGY PRODUCTS,,AC - BACK RESTS,,,,0,0,38.89,38.89,,$60.93,0,,Y,N
AC62397,KTG GEL KEYBOARD WRIST REST- BLUE/BLACK,KTG GEL KEYBOARD WRIST REST- BLUE/BLACK,62397,ACCO - TECHNOLOGY PRODUCTS,,AC - MOUSE PADS / WRIST RESTS,,,,0,0,32.95,32.95,,$51.62,0,,N,N
AC62398,KTG GEL KEYBOARD WRIST REST- RED/BLACK,KTG GEL KEYBOARD WRIST REST- RED/BLACK,62398,ACCO - TECHNOLOGY PRODUCTS,,AC - MOUSE PADS / WRIST RESTS,,,,0,0,32.95,32.95,,$51.62,7,17-10-2023,N,N
AC62401,KTG GEL MOUSE PAD- BLUE/BLACK,KTG GEL MOUSE PAD- BLUE/BLACK,62401,ACCO - TECHNOLOGY PRODUCTS,,AC - MOUSE PADS / WRIST RESTS,,,,0,0,28.34,28.34,,$44.40,0,,N,N
AC62402,KTG GEL MOUSE PAD- RED/BLACK,KTG GEL MOUSE PAD- RED/BLACK,62402,ACCO - TECHNOLOGY PRODUCTS,,AC - MOUSE PADS / WRIST RESTS,,,,0,0,28.34,28.34,,$44.40,0,,N,N
AC62560,KTG SP30 15.6 LAPTOP CASE- BLK,KTG SP30 15.6 LAPTOP CASE- BLK,62560,ACCO - TECHNOLOGY PRODUCTS,,AC - BRIEFCASES AND TOTES,,,,0,0,34.06,0,,$53.37,0,,Y,N
AC62561,KTG SP15 15.6 inch  SLEEVE- BLK,KTG SP15 15.6 inch  SLEEVE- BLK,62561,ACCO - TECHNOLOGY PRODUCTS,,AC - BRIEFCASES AND TOTES,,,,0,0,38.04,38.04,,$59.60,4,,N,N
AC62617,KTG LS150 15.6 inch  LAPTOP BACKPACK- BL,KTG LS150 15.6 inch  LAPTOP BACKPACK- BLK,62617,ACCO - TECHNOLOGY PRODUCTS,,AC - BACKPACKS,,,,0,0,51.68,51.68,,$80.97,43,,N,N
AC62618,KTG LS240 14.4 inch  LAPTOP CASE- BLK,KTG LS240 14.4 inch  LAPTOP CASE- BLK,62618,ACCO - TECHNOLOGY PRODUCTS,,AC - BRIEFCASES AND TOTES,,,,0,0,39.63,39.63,,$62.08,0,,Y,N
AC62619,KTG LS440 14.4 inch  LAPTOP SLEEVE- BLK,KTG LS440 14.4 inch  LAPTOP SLEEVE- BLK,62619,ACCO - TECHNOLOGY PRODUCTS,,AC - BRIEFCASES AND TOTES,,,,0,0,26.44,26.44,,$41.42,0,,N,N
AC62622,KTG LM150 15.6 inch  LAPTOP BACKPACK- GR,KTG LM150 15.6 inch  LAPTOP BACKPACK- GREY,62622,ACCO - TECHNOLOGY PRODUCTS,,AC - BACKPACKS,,,,0,0,71.35,71.35,,$111.78,1,,N,N
AC62623,KTG LM340 14.4 inch  LAPTOP CASE- GREY,KTG LM340 14.4 inch  LAPTOP CASE- GREY,62623,ACCO - TECHNOLOGY PRODUCTS,,AC - BRIEFCASES AND TOTES,,,,0,0,71.35,71.35,,$111.78,1,,N,N
AC62670,KTG PROTECTIVE CD/DVD SLEEVES (PK 50),KTG PROTECTIVE CD/DVD SLEEVES (PK 50),62670,ACCO - TECHNOLOGY PRODUCTS,,AC - CD CASES AND SLEEVES,,,,0,0,7.46,7.46,,$11.68,0,,Y,N
AC62682,KTG SMARTFIT ADJ MEMORY FOAM WRIST REST,KTG SMARTFIT ADJ MEMORY FOAM WRIST REST,62682,ACCO - TECHNOLOGY PRODUCTS,,AC - MOUSE PADS / WRIST RESTS,,,,0,0,31.36,31.36,,$49.13,3,,N,N
AC627208,KTG PRIVACY SCREEN 34 inch  CURVED MONIT,KTG PRIVACY SCREEN 34 inch  CURVED MONITORS,627208,ACCO - TECHNOLOGY PRODUCTS,,AC - PRIVACY SCREENS AND FILM,,,,0,0,234.44,234.44,,$367.28,0,,Y,N
AC62823,KTG BACK SUPPORT MEMORY FOAM LUMBAR,KTG BACK SUPPORT MEMORY FOAM LUMBAR,62823,ACCO - TECHNOLOGY PRODUCTS,,AC - BACK RESTS,,,,0,0,65.53,0,,$100.45,3,,N,N
AC62843,KTG LS410 11 inch  CHROMEBOOK SLEEVE- BL,KTG LS410 11 inch  CHROMEBOOK SLEEVE- BLK,62843,ACCO - TECHNOLOGY PRODUCTS,,AC - BRIEFCASES AND TOTES,,,,0,0,44.04,44.04,,$69.01,0,,N,N
AC62844,KTG LS430 13.3 inch  CHROMEBOOK SLEEVE- ,KTG LS430 13.3 inch  CHROMEBOOK SLEEVE- BLK,62844,ACCO - TECHNOLOGY PRODUCTS,,AC - BRIEFCASES AND TOTES,,,,0,0,27.85,27.85,,$43.63,0,,N,N
AC62880,KTG CHARGE RACK WITH LOCKING DOOR,KTG CHARGE RACK WITH LOCKING DOOR,62880,ACCO - TECHNOLOGY PRODUCTS,,AC - CHARGE AND SYNC CABINETS,,,,0,0,442.92,442.92,,$721.62,0,,N,N
AC62880OW,KTG CHARGE RACK WITH LOCKING DOOR OW,KTG CHARGE RACK WITH LOCKING DOOR OW,62880OW,ACCO - TECHNOLOGY PRODUCTS,,AC - CHARGE AND SYNC CABINETS,,,,0,0,1652.35,1652.35,,$2588.68,0,,Y,N
AC63251M,KTG SD7000 SURFACE PRO DOCK LOCK MASTER,KTG SD7000 SURFACE PRO DOCK LOCK MASTER,63251M,ACCO - TECHNOLOGY PRODUCTS,,AC - KEYED LOCKS,,,,0,0,33.93,33.93,,$53.15,0,,Y,N
AC64016,KTG ROUND KEY ONLY,KTG ROUND KEY ONLY,64016,ACCO - TECHNOLOGY PRODUCTS,,AC - KEYED LOCKS,,,,0,0,18.31,18.31,,$28.68,0,,Y,N
AC64036,KTG SECURITY SLOT ADAPT KIT,KTG SECURITY SLOT ADAPT KIT,64036,ACCO - TECHNOLOGY PRODUCTS,,AC - LOCK ANCHOR POINTS/ACC.,,,,0,0,10.03,10.03,,$15.72,0,,Y,N
AC64186M,KTG MICROSAVER KEYED LOCK MASTER,KTG MICROSAVER KEYED LOCK MASTER,64186M,ACCO - TECHNOLOGY PRODUCTS,,AC - KEYED LOCKS,,,,0,0,61.85,61.85,,$96.90,0,,Y,N
AC64187M,KTG MICROSAVER DUAL HEAD LOCK MASTER,KTG MICROSAVER DUAL HEAD LOCK MASTER,64187M,ACCO - TECHNOLOGY PRODUCTS,,AC - KEYED LOCKS,,,,0,0,75.59,75.59,,$118.42,0,,Y,N
AC64325,KTG EXPERT MOUSE WIRED TRACKBALL,KTG EXPERT MOUSE WIRED TRACKBALL,64325,ACCO - TECHNOLOGY PRODUCTS,,AC - TRACK BALLS,,,,0,0,94.46,94.46,,$147.98,0,,N,N
AC64407,KTG WASHABLE WIRED KEYBOARD,KTG WASHABLE WIRED KEYBOARD,64407,ACCO - TECHNOLOGY PRODUCTS,,AC - KEYBOARDS,,,,0,0,36.18,36.18,,$56.68,15,,N,N
AC64415,KTG AC12 CHARGING CABINET FOR CHROMEBOOK,KTG AC12 CHARGING CABINET FOR CHROMEBOOK,64415,ACCO - TECHNOLOGY PRODUCTS,,AC - CHARGE AND SYNC CABINETS,,,,0,0,1176.32,1176.32,,$1842.90,0,,Y,N
AC64423,KTG MICROSAVER 2.0 PORTABLE LOCK,KTG MICROSAVER 2.0 PORTABLE LOCK,64423,ACCO - TECHNOLOGY PRODUCTS,,AC - KEYED LOCKS,,,,0,0,56.09,56.09,,$87.87,0,,Y,N
AC64424,KTG MICROSAVER 2.0 PERIPHERALS KIT TBAR,KTG MICROSAVER 2.0 PERIPHERALS KIT TBAR,64424,ACCO - TECHNOLOGY PRODUCTS,,AC - KEYED LOCKS,,,,0,0,62.6,62.6,,$98.07,0,,Y,N
AC64425M,KTG MICROSAVER 2.0 PERIPHERALS KIT MAS,KTG MICROSAVER 2.0 PERIPHERALS KIT MAS,64425M,ACCO - TECHNOLOGY PRODUCTS,,AC - KEYED LOCKS,,,,0,0,41.09,41.09,,$64.37,0,,Y,N
AC64435,KTG CLICKSAFE 2.0 KEYED LOCK TBAR,KTG CLICKSAFE 2.0 KEYED LOCK TBAR,64435,ACCO - TECHNOLOGY PRODUCTS,,AC - KEYED LOCKS,,,,0,0,77.14,77.14,,$120.85,0,,N,N
AC64440,KTG N17 LOCK FOR DELL® DEVICES,KTG N17 LOCK FOR DELL  DEVICES,64440,ACCO - TECHNOLOGY PRODUCTS,,AC - COMBINATION LOCKS,,,,0,0,50.24,50.24,,$78.72,0,,Y,N
AC64441M,KTG N17 LOCK FOR DELL® DEVICES MAS,KTG N17 LOCK FOR DELL  DEVICES MAS,64441M,ACCO - TECHNOLOGY PRODUCTS,,AC - KEYED LOCKS,,,,0,0,50.24,0,,$78.72,0,,Y,N
AC64444,KTG NANOSAVER KEYED LOCK,KTG NANOSAVER KEYED LOCK,64444,ACCO - TECHNOLOGY PRODUCTS,,AC - KEYED LOCKS,,,,0,0,63.1,63.1,,$98.85,0,,Y,N
AC64445M,KTG NANOSAVER KEYED LOCK MASTER,KTG NANOSAVER KEYED LOCK MASTER,64445M,ACCO - TECHNOLOGY PRODUCTS,,AC - KEYED LOCKS,,,,0,0,54.68,54.68,,$85.67,0,,Y,N
AC64451,KTG LOCKING STATION NO LOCK,KTG LOCKING STATION NO LOCK,64451,ACCO - TECHNOLOGY PRODUCTS,,AC - KEYED LOCKS,,,,0,0,126.27,126.27,,$197.82,0,,Y,N
AC64453,KTG LOCKING STATION MICROSAVER 2.0 LOCK,KTG LOCKING STATION MICROSAVER 2.0 LOCK,64453,ACCO - TECHNOLOGY PRODUCTS,,AC - KEYED LOCKS,,,,0,0,164.4,164.4,,$257.57,0,,N,N
AC64457,KTG N17 LOCK FOR DELL® DEVICES ON DEMAND,KTG N17 LOCK FOR DELL  DEVICES ON DEMAND,64457,ACCO - TECHNOLOGY PRODUCTS,,AC - KEYED LOCKS,,,,0,0,47.95,0,,$75.12,0,,Y,N
AC64489,KTG PRIVACY SCREEN FOR SURFACE PRO,KTG PRIVACY SCREEN FOR SURFACE PRO,64489,ACCO - TECHNOLOGY PRODUCTS,,AC - PRIVACY SCREENS AND FILM,,,,0,0,41.81,0,,$65.50,0,,Y,N
AC64490,KTG PRIVACY SCREEN FOR MACBOOK PRO 13IN,KTG PRIVACY SCREEN FOR MACBOOK PRO 13IN,64490,ACCO - TECHNOLOGY PRODUCTS,,AC - PRIVACY SCREENS AND FILM,,,,0,0,87.33,87.33,,$136.82,0,,N,N
AC64519US,KTG CABLESAVER MULTI DEVICE CABLE LOCK,KTG CABLESAVER MULTI DEVICE CABLE LOCK,64519US,ACCO - TECHNOLOGY PRODUCTS,,AC - LOCK ANCHOR POINTS/ACC.,,,,0,0,9.93,9.93,,$15.55,0,,N,N
AC64593,KTG FLAT KEY ONLY,KTG FLAT KEY ONLY,64593,ACCO - TECHNOLOGY PRODUCTS,,AC - KEYED LOCKS,,,,0,0,18.31,18.31,,$28.68,0,,Y,N
AC64598,KTG KEYED MICROSAVER NOTEBOOK LOCK,KTG KEYED MICROSAVER NOTEBOOK LOCK,64598,ACCO - TECHNOLOGY PRODUCTS,,AC - COMBINATION LOCKS,,,,0,0,50.78,50.78,,$79.55,0,,Y,N
AC64613,KTG DESK MOUNT SECURITY ANCHOR POINT,KTG DESK MOUNT SECURITY ANCHOR POINT,64613,ACCO - TECHNOLOGY PRODUCTS,,AC - LOCK ANCHOR POINTS/ACC.,,,,0,0,16.03,16.03,,$25.12,0,,Y,N
AC64615,KTG DESKTOP & PERIPHERALS LOCKING KIT,KTG DESKTOP & PERIPHERALS LOCKING KIT,64615,ACCO - TECHNOLOGY PRODUCTS,,AC - COMBINATION LOCKS,,,,0,0,45.12,45.12,,$70.68,0,,Y,N
AC64617M,KTG MICROSAVER PERIPHERALS LOCK KIT MAS,KTG MICROSAVER PERIPHERALS LOCK KIT MAS,64617M,ACCO - TECHNOLOGY PRODUCTS,,AC - KEYED LOCKS,,,,0,0,58.06,58.06,,$90.97,0,,Y,N
AC64617S,KTG MICROSAVER PERIPHERALS LOCK KIT SUP,KTG MICROSAVER PERIPHERALS LOCK KIT SUP,64617S,ACCO - TECHNOLOGY PRODUCTS,,AC - KEYED LOCKS,,,,0,0,78.94,78.94,,$123.67,0,,Y,N
AC64638,KTG CLICKSAFE TWIN KEYED LAPTOP LOCK,KTG CLICKSAFE TWIN KEYED LAPTOP LOCK,64638,ACCO - TECHNOLOGY PRODUCTS,,AC - COMBINATION LOCKS,,,,0,0,56.63,56.63,,$88.72,0,,Y,N
AC64639M,KTG CLICKSAFE KEYED LOCK MASTER,KTG CLICKSAFE KEYED LOCK MASTER,64639M,ACCO - TECHNOLOGY PRODUCTS,,AC - KEYED LOCKS,,,,0,0,54.94,54.94,,$86.07,0,,Y,N
AC64639S,KTG CLICKSAFE KEYED LOCK SUPERVISOR,KTG CLICKSAFE KEYED LOCK SUPERVISOR,64639S,ACCO - TECHNOLOGY PRODUCTS,,AC - KEYED LOCKS,,,,0,0,43.54,43.54,,$68.22,0,,Y,N
AC64643,KTG TBAR EYELET - 5 PACK,KTG TBAR EYELET - 5 PACK,64643,ACCO - TECHNOLOGY PRODUCTS,,AC - COMBINATION LOCKS,,,,0,0,17.38,17.38,,$27.23,0,,Y,N
AC64670,KTG PORTABLE COMBINATION LAPTOP LOCK,KTG PORTABLE COMBINATION LAPTOP LOCK,64670,ACCO - TECHNOLOGY PRODUCTS,,AC - COMBINATION LOCKS,,,,0,0,36.61,36.61,,$57.35,0,,Y,N
AC64671,KTG PORTABLE COMBINATION LAPTOP LOCK-RED,KTG PORTABLE COMBINATION LAPTOP LOCK-RED,64671,ACCO - TECHNOLOGY PRODUCTS,,AC - COMBINATION LOCKS,,,,0,0,45.11,45.11,,$70.67,0,,Y,N
AC64673,KTG COMBOSAVER COMBINATION LAPTOP LOCK,KTG COMBOSAVER COMBINATION LAPTOP LOCK,64673,ACCO - TECHNOLOGY PRODUCTS,,AC - COMBINATION LOCKS,,,,0,0,35.28,35.28,,$55.27,0,,Y,N
AC64674,KTG SERIALIZED COMB LAPTOP LOCK PK 25,KTG SERIALIZED COMB LAPTOP LOCK PK 25,64674,ACCO - TECHNOLOGY PRODUCTS,,AC - COMBINATION LOCKS,,,,0,0,960.38,0,,$1504.60,0,,Y,N
AC64697,KTG CLICKSAFE COMBINATION LOCK TBAR,KTG CLICKSAFE COMBINATION LOCK TBAR,64697,ACCO - TECHNOLOGY PRODUCTS,,AC - COMBINATION LOCKS,,,,0,0,44.97,44.97,,$70.45,0,,Y,N
AC64821,KTG MICROSAVER 2.0 BRACKET SURFACE BOOK,KTG MICROSAVER 2.0 BRACKET SURFACE BOOK,64821,ACCO - TECHNOLOGY PRODUCTS,,AC - KEYED LOCKS,,,,0,0,139.37,139.37,,$218.35,0,,Y,N
AC64962,KTG SAFEDOME FOR IMAC,KTG SAFEDOME FOR IMAC,64962,ACCO - TECHNOLOGY PRODUCTS,,AC - KEYED LOCKS,,,,0,0,74.63,74.63,,$116.92,0,,Y,N
AC65020,KTG MICROSAVER 2.0 KEYED LOCK TBAR,KTG MICROSAVER 2.0 KEYED LOCK TBAR,65020,ACCO - TECHNOLOGY PRODUCTS,,AC - KEYED LOCKS,,,,0,0,80.65,80.65,,$126.35,0,,Y,N
AC65042M,KTG MICROSAVER 2.0 KEYED LOCK MASTER,KTG MICROSAVER 2.0 KEYED LOCK MASTER,65042M,ACCO - TECHNOLOGY PRODUCTS,,AC - KEYED LOCKS,,,,0,0,59.28,59.28,,$92.87,15,,Y,N
AC65049,KTG 5MM ROUND KEY ONLY,KTG 5MM ROUND KEY ONLY,65049,ACCO - TECHNOLOGY PRODUCTS,,AC - KEYED LOCKS,,,,0,0,29.9,29.9,,$46.85,2,,Y,N
AC65709,KTG BASIC MOUSE PAD- BLUE,KTG BASIC MOUSE PAD- BLUE,65709,ACCO - TECHNOLOGY PRODUCTS,,AC - MOUSE PADS / WRIST RESTS,,,,0,0,3.5,3.5,,$5.48,0,,Y,N
AC66635,KTG ELECTRONIC LAPTOP LOCKING STATION,KTG ELECTRONIC LAPTOP LOCKING STATION,66635,ACCO - TECHNOLOGY PRODUCTS,,AC - COMBINATION LOCKS,,,,0,0,235.21,235.21,,$368.50,0,,Y,N
AC66638,KTG CLICKSAFE 2.0 N17 KEYED LOCK,KTG CLICKSAFE 2.0 N17 KEYED LOCK,66638,ACCO - TECHNOLOGY PRODUCTS,,AC - KEYED LOCKS,,,,0,0,65.68,65.68,,$102.90,0,,Y,N
AC66639M,KTG CLICKSAFE 2.0 N17 KEYED LOCK MASTER,KTG CLICKSAFE 2.0 N17 KEYED LOCK MASTER,66639M,ACCO - TECHNOLOGY PRODUCTS,,AC - KEYED LOCKS,,,,0,0,75.64,75.64,,$118.50,0,,Y,N
AC66640,KTG NANOSAVER PORTABLE KEYED LOCK,KTG NANOSAVER PORTABLE KEYED LOCK,66640,ACCO - TECHNOLOGY PRODUCTS,,AC - KEYED LOCKS,,,,0,0,66.12,66.12,,$103.58,0,,Y,N
AC66641M,KTG NANOSAVER PORTABLE KEYED LOCK MASTER,KTG NANOSAVER PORTABLE KEYED LOCK MASTER,66641M,ACCO - TECHNOLOGY PRODUCTS,,AC - KEYED LOCKS,,,,0,0,50.14,0,,$78.55,0,,Y,N
AC66642,KTG PORTABLE LOCK FOR SURFACE PRO,KTG PORTABLE LOCK FOR SURFACE PRO,66642,ACCO - TECHNOLOGY PRODUCTS,,AC - COMBINATION LOCKS,,,,0,0,50.38,50.38,,$78.93,0,,Y,N
AC66643M,KTG PORTABLE LOCK FOR SURFACE PRO MASTER,KTG PORTABLE LOCK FOR SURFACE PRO MASTER,66643M,ACCO - TECHNOLOGY PRODUCTS,,AC - KEYED LOCKS,,,,0,0,50.38,0,,$78.93,0,,Y,N
AC66644,KTG N17 PORTABLE KEYED LOCK,KTG N17 PORTABLE KEYED LOCK,66644,ACCO - TECHNOLOGY PRODUCTS,,AC - KEYED LOCKS,,,,0,0,63.52,63.52,,$99.52,0,,Y,N
AC66645M,KTG N17 PORTABLE KEYED LOCK MASTER,KTG N17 PORTABLE KEYED LOCK MASTER,66645M,ACCO - TECHNOLOGY PRODUCTS,,AC - KEYED LOCKS,,,,0,0,49.62,49.62,,$77.73,0,,Y,N
AC66646,KTG DUAL HEAD LOCK FOR SURFACE PRO,KTG DUAL HEAD LOCK FOR SURFACE PRO,66646,ACCO - TECHNOLOGY PRODUCTS,,AC - KEYED LOCKS,,,,0,0,104.23,104.23,,$163.30,0,,Y,N
AC66647M,KTG DUAL HEAD LOCK FOR SURFACE PRO MASTE,KTG DUAL HEAD LOCK FOR SURFACE PRO MASTE,66647M,ACCO - TECHNOLOGY PRODUCTS,,AC - KEYED LOCKS,,,,0,0,88.74,88.74,,$139.03,0,,Y,N
AC67862,KTG CHARGE & SYNC CABINET-IOS & ANDROID,KTG CHARGE & SYNC CABINET-IOS & ANDROID,67862,ACCO - TECHNOLOGY PRODUCTS,,AC - CHARGE AND SYNC CABINETS,,,,0,0,838.98,848,,$1314.40,0,,N,N
AC67864,KTG USB/LIGHTING CABLES PK5,KTG USB/LIGHTING CABLES PK5,67864,ACCO - TECHNOLOGY PRODUCTS,,AC - TABLET CASES AND HOLDERS,,,,0,0,100.53,100.53,,$157.50,0,,Y,N
AC67909,KTG TROLLEY WHEELS FOR TABLET CABINET,KTG TROLLEY WHEELS FOR TABLET CABINET,67909,ACCO - TECHNOLOGY PRODUCTS,,AC - CHARGE AND SYNC CABINETS,,,,0,0,86.99,86.99,,$136.28,0,,Y,N
AC67914,KTG USB PORT BLOCKER - RECTANGULAR,KTG USB PORT BLOCKER - RECTANGULAR,67914,ACCO - TECHNOLOGY PRODUCTS,,AC - USB PORT LOCKS,,,,0,0,49.11,49.11,,$76.93,0,,Y,N
AC67915,KTG USB PORT BLOCKER - SQUARE,KTG USB PORT BLOCKER - SQUARE,67915,ACCO - TECHNOLOGY PRODUCTS,,AC - USB PORT LOCKS,,,,0,0,36,36,,$56.40,0,,Y,N
AC67973,KTG CLICKSAFE N17 ANCHOR,KTG CLICKSAFE N17 ANCHOR,67973,ACCO - TECHNOLOGY PRODUCTS,,AC - COMBINATION LOCKS,,,,0,0,15.59,15.59,,$24.42,0,,Y,N
AC67975,KTG LOCKING KIT FOR SURFACE STUDIO,KTG LOCKING KIT FOR SURFACE STUDIO,67975,ACCO - TECHNOLOGY PRODUCTS,,AC - COMBINATION LOCKS,,,,0,0,109.34,109.34,,$171.30,0,,Y,N
AC67977,KTG VERIMARK FINGERPRINT KEY,KTG VERIMARK FINGERPRINT KEY,67977,ACCO - TECHNOLOGY PRODUCTS,,AC - BIOMETRIC SECURITY,,,,0,0,84.14,84.14,,$131.82,0,,Y,N
AC67996M,KTG N17 DUAL HEAD LOCK FOR DELL® DEV MAS,KTG N17 DUAL HEAD LOCK FOR DELL  DEV MAS,67996M,ACCO - TECHNOLOGY PRODUCTS,,AC - KEYED LOCKS,,,,0,0,52.66,0,,$82.50,0,,Y,N
AC6930009,DAC MP-8 MOUSE PAD BLACK,DAC MP-8 MOUSE PAD BLACK,6930009,ACCO - TECHNOLOGY PRODUCTS,,AC - MOUSE PADS / WRIST RESTS,,,,0,0,4.44,0,,$11.95,0,,Y,N
AC72324,KTG PROFIT WIRELESS KEYBOARD & MOUSE SET,KTG PROFIT WIRELESS KEYBOARD & MOUSE SET,72324,ACCO - TECHNOLOGY PRODUCTS,,AC - KEYBOARD AND MICE SETS,,,,0,0,55.39,55.39,,$86.78,12,,N,N
AC72327,KTG SLIMBLADE WIRED TRACKBALL,KTG SLIMBLADE WIRED TRACKBALL,72327,ACCO - TECHNOLOGY PRODUCTS,,AC - TRACK BALLS,,,,0,0,156.46,156.46,,$245.12,0,,Y,N
AC72337,KTG ORBIT WIRED TRACKBALL,KTG ORBIT WIRED TRACKBALL,72337,ACCO - TECHNOLOGY PRODUCTS,,AC - TRACK BALLS,,,,0,0,54.1,54.1,,$84.75,0,,Y,N
AC72352,KTG ORBIT WIRELESS MOBILE TRACKBALL,KTG ORBIT WIRELESS MOBILE TRACKBALL,72352,ACCO - TECHNOLOGY PRODUCTS,,AC - TRACK BALLS,,,,0,0,62.5,62.5,,$108.52,6,,N,N
AC72354,KTG PRO FIT WIRELESS MID SIZE MOUSE,KTG PRO FIT WIRELESS MID SIZE MOUSE,72354,ACCO - TECHNOLOGY PRODUCTS,,AC - MICE,,,,0,0,35.71,35.71,,$55.95,0,,N,N
AC72355,KTG PRO FIT WIRED MID SIZE MOUSE,KTG PRO FIT WIRED MID SIZE MOUSE,72355,ACCO - TECHNOLOGY PRODUCTS,,AC - MICE,,,,0,0,21.99,21.99,,$34.45,0,,N,N
AC72357,KTG SLIM TYPE FULL SIZE WIRED KEYBOARD,KTG SLIM TYPE FULL SIZE WIRED KEYBOARD,72357,ACCO - TECHNOLOGY PRODUCTS,,AC - KEYBOARDS,,,,0,0,48.21,48.21,,$75.53,6,,N,N
AC72358,KTG WIRED MOUSE IN A BOX,KTG WIRED MOUSE IN A BOX,72358,ACCO - TECHNOLOGY PRODUCTS,,AC - MICE,,,,0,0,18.96,18.96,,$29.70,0,,Y,N
AC72359,KTG EXPERT WIRELESS TRACKBALL,KTG EXPERT WIRELESS TRACKBALL,72359,ACCO - TECHNOLOGY PRODUCTS,,AC - TRACK BALLS,,,,0,0,144.18,144.18,,$225.88,0,,N,N
AC72369,KTG PRO FIT WIRED FULL SIZE MOUSE,KTG PRO FIT WIRED FULL SIZE MOUSE,72369,ACCO - TECHNOLOGY PRODUCTS,,AC - MICE,,,,0,0,26.56,26.56,,$41.62,15,,Y,N
AC72370,KTG PRO FIT WIRELESS FULL SIZE MOUSE,KTG PRO FIT WIRELESS FULL SIZE MOUSE,72370,ACCO - TECHNOLOGY PRODUCTS,,AC - MICE,,,,0,0,38.39,38.39,,$60.15,0,,N,N
AC72392,KTG WIRELESS MOUSE FOR LIFE,KTG WIRELESS MOUSE FOR LIFE,72392,ACCO - TECHNOLOGY PRODUCTS,,AC - MICE,,,,0,0,24.7,24.7,,$38.70,0,,N,N
AC72421,KTG PRO FIT WIRELESS MID SIZE MOUSE BLUE,KTG PRO FIT WIRELESS MID SIZE MOUSE BLUE,72421,ACCO - TECHNOLOGY PRODUCTS,,AC - MICE,,,,0,0,35.72,35.72,,$55.97,0,,N,N
AC72422,KTG PRO FIT WIRELESS MID SIZE MOUSE RED,KTG PRO FIT WIRELESS MID SIZE MOUSE RED,72422,ACCO - TECHNOLOGY PRODUCTS,,AC - MICE,,,,0,0,35.72,35.72,,$55.97,0,,N,N
AC72448,KTG PRESENTAIR PRO BLUETOOTH PRESENTER,KTG PRESENTAIR PRO BLUETOOTH PRESENTER,72448,ACCO - TECHNOLOGY PRODUCTS,,AC - WIRELESS PRESENTATION REM,,,,0,0,81.03,81.03,,$126.95,0,,Y,N
AC72452,KTG PRO FIT WIRELESS MOBILE MOUSE,KTG PRO FIT WIRELESS MOBILE MOUSE,72452,ACCO - TECHNOLOGY PRODUCTS,,AC - MICE,,,,0,0,24.01,24.01,,$37.62,0,,N,N
AC75225,KTG IP 68 WIRED DISHWASHER KEYBOARD,KTG IP 68 WIRED DISHWASHER KEYBOARD,75225,ACCO - TECHNOLOGY PRODUCTS,,AC - KEYBOARDS,,,,0,0,100.6,100.6,,$157.60,2,,N,N
AC75226,KTG IP 68 WIRED DISHWASHER MOUSE,KTG IP 68 WIRED DISHWASHER MOUSE,75226,ACCO - TECHNOLOGY PRODUCTS,,AC - MICE,,,,0,0,39.18,39.18,,$61.38,0,,N,N
AC75229,KTG PRO FIT LOW PROF WIRELESS KEYBOARD,KTG PRO FIT LOW PROF WIRELESS KEYBOARD,75229,ACCO - TECHNOLOGY PRODUCTS,,AC - KEYBOARDS,,,,0,0,45.56,45.56,,$71.38,0,,Y,N
AC75230,KTG PRO FIT LOW PROFILE W/LESS DESKTOP,KTG PRO FIT LOW PROFILE W/LESS DESKTOP,75230,ACCO - TECHNOLOGY PRODUCTS,,AC - KEYBOARD AND MICE SETS,,,,0,0,50.48,50.48,,$79.08,8,,N,N
AC82021,KTG MEMORY FOAM HALF BACK SUPPORT,KTG MEMORY FOAM HALF BACK SUPPORT,82021,ACCO - TECHNOLOGY PRODUCTS,,AC - BACK RESTS,,,,0,0,19.17,19.17,,$30.03,0,,Y,N
AC82024,KTG MEMORY FOAM SEAT REST,KTG MEMORY FOAM SEAT REST,82024,ACCO - TECHNOLOGY PRODUCTS,,AC - SEAT CUSHIONS,,,,0,0,78.44,78.44,,$122.88,0,,Y,N
AC82025,KTG MEMORY FOAM BACK SUPPORT,KTG MEMORY FOAM BACK SUPPORT,82025,ACCO - TECHNOLOGY PRODUCTS,,AC - BACK RESTS,,,,0,0,62.56,63.22,,$104.95,14,,N,N
AC96412334,KTG 16GB SWIVEL USB 2.0 BLUE,KTG 16GB SWIVEL USB 2.0 BLUE,96412334,ACCO - TECHNOLOGY PRODUCTS,,AC - USB DRIVES,,,,0,0,6.71,6.71,,$10.52,0,,Y,N
AC96412335,KTG 32GB SWIVEL USB 2.0 BLACK,KTG 32GB SWIVEL USB 2.0 BLACK,96412335,ACCO - TECHNOLOGY PRODUCTS,,AC - USB DRIVES,,,,0,0,7.3,7.3,,$11.43,0,,Y,N
AC96412336,KTG 64GB SWIVEL USB 2.0 BLACK,KTG 64GB SWIVEL USB 2.0 BLACK,96412336,ACCO - TECHNOLOGY PRODUCTS,,AC - USB DRIVES,,,,0,0,13.81,13.81,,$21.63,0,,Y,N
AC96412337,KTG 128GB SWIVEL USB 2.0 BLACK,KTG 128GB SWIVEL USB 2.0 BLACK,96412337,ACCO - TECHNOLOGY PRODUCTS,,AC - USB DRIVES,,,,0,0,22.89,22.89,,$35.87,0,,Y,N
AC97442,KTG BLACKBELT 2ND RUGGED SURFACE PRO 4,KTG BLACKBELT 2ND RUGGED SURFACE PRO 4,97442,ACCO - TECHNOLOGY PRODUCTS,,AC - TABLET CASES AND HOLDERS,,,,0,0,47.35,0,,$74.18,0,,Y,N
AC97600,KTG HI-FI USB-A HEADPHONES,KTG HI-FI USB-A HEADPHONES,97600,ACCO - TECHNOLOGY PRODUCTS,,AC - HEADPHONES,,,,0,0,30.26,30.26,,$47.40,0,,Y,N
AC97601,KTG USB-A HI-FI HEADPHONES WITH MIC,KTG USB-A HI-FI HEADPHONES WITH MIC,97601,ACCO - TECHNOLOGY PRODUCTS,,AC - HEADPHONES,,,,0,0,36.31,36.31,,$56.88,0,,N,N
AC97602,KTG HI-FI HEADPHONES,KTG HI-FI HEADPHONES,97602,ACCO - TECHNOLOGY PRODUCTS,,AC - HEADPHONES,,,,0,0,20.88,20.88,,$32.72,10,,N,N
AC97603,KTG HI-FI HEADPHONES WITH MICROPHONE,KTG HI-FI HEADPHONES WITH MICROPHONE,97603,ACCO - TECHNOLOGY PRODUCTS,,AC - HEADPHONES,,,,0,0,26.91,26.91,,$42.17,1,,N,N
ACAFCZ100001AU,TRUSENS Z1000 ACTIVATED CARBON FILTER 1,TRUSENS Z1000 ACTIVATED CARBON FILTER 1,AFCZ100001AU,ACCO - TECHNOLOGY PRODUCTS,,AC- AIR PURIFICATION CONS.,,,,0,0,12.67,0,,$23.99,0,,N,N
ACAFCZ1000AGY01,TRUSENS Z1000 CARBON FILTER ALLERGY,TRUSENS Z1000 CARBON FILTER ALLERGY,AFCZ1000AGY01,ACCO - TECHNOLOGY PRODUCTS,,AC- AIR PURIFICATION CONS.,,,,0,0,24.55,0,,$46.49,0,,Y,N
ACAFCZ1000PET01,TRUSENS Z1000 CARBON FILTER PET,TRUSENS Z1000 CARBON FILTER PET,AFCZ1000PET01,ACCO - TECHNOLOGY PRODUCTS,,AC- AIR PURIFICATION CONS.,,,,0,0,24.55,0,,$46.49,0,,Y,N
ACAFCZ1000SMK01,TRUSENS Z1000 CARBON FILTER SMOKE,TRUSENS Z1000 CARBON FILTER SMOKE,AFCZ1000SMK01,ACCO - TECHNOLOGY PRODUCTS,,AC- AIR PURIFICATION CONS.,,,,0,0,24.55,0,,$46.49,0,,Y,N
ACAFCZ200001AU,TRUSENS Z2000 ACTIVATED CARBON FILTER 1,TRUSENS Z2000 ACTIVATED CARBON FILTER 1,AFCZ200001AU,ACCO - TECHNOLOGY PRODUCTS,,AC- AIR PURIFICATION CONS.,,,,0,0,22.41,0,,$42.49,37,,N,N
ACAFCZ2000AGY01,TRUSENS Z2000 CARBON FILTER ALLERGY,TRUSENS Z2000 CARBON FILTER ALLERGY,AFCZ2000AGY01,ACCO - TECHNOLOGY PRODUCTS,,AC- AIR PURIFICATION CONS.,,,,0,0,35.98,0,,$67.99,0,,Y,N
ACAFCZ2000PET01,TRUSENS Z2000 CARBON FILTER PET,TRUSENS Z2000 CARBON FILTER PET,AFCZ2000PET01,ACCO - TECHNOLOGY PRODUCTS,,AC- AIR PURIFICATION CONS.,,,,0,0,35.98,0,,$67.99,0,,Y,N
ACAFCZ2000SMK01,TRUSENS Z2000 CARBON FILTER SMOKE,TRUSENS Z2000 CARBON FILTER SMOKE,AFCZ2000SMK01,ACCO - TECHNOLOGY PRODUCTS,,AC- AIR PURIFICATION CONS.,,,,0,0,35.98,0,,$67.99,0,,Y,N
ACAFCZ300001AU,TRUSENS Z3000 ACTIVATED CARBON FILTER 1,TRUSENS Z3000 ACTIVATED CARBON FILTER 1,AFCZ300001AU,ACCO - TECHNOLOGY PRODUCTS,,AC- AIR PURIFICATION CONS.,,,,0,0,31.2,0,,$58.99,27,,N,N
ACAFCZ3000AGY01,TRUSENS Z3000 CARBON FILTER ALLERGY,TRUSENS Z3000 CARBON FILTER ALLERGY,AFCZ3000AGY01,ACCO - TECHNOLOGY PRODUCTS,,AC- AIR PURIFICATION CONS.,,,,0,0,47.44,0,,$89.99,0,,N,N
ACAFCZ3000PET01,TRUSENS Z3000 CARBON FILTER PET,TRUSENS Z3000 CARBON FILTER PET,AFCZ3000PET01,ACCO - TECHNOLOGY PRODUCTS,,AC- AIR PURIFICATION CONS.,,,,0,0,47.44,0,,$89.99,0,,Y,N
ACAFCZ3000SMK01,TRUSENS Z3000 CARBON FILTER SMOKE,TRUSENS Z3000 CARBON FILTER SMOKE,AFCZ3000SMK01,ACCO - TECHNOLOGY PRODUCTS,,AC- AIR PURIFICATION CONS.,,,,0,0,47.44,0,,$89.99,0,,Y,N
ACAFHZ100001AU,TRUSENS HEPA 2-IN-1 FILTER FOR Z1000,TRUSENS HEPA 2-IN-1 FILTER FOR Z1000,AFHZ100001AU,ACCO - TECHNOLOGY PRODUCTS,,AC- AIR PURIFICATION CONS.,,,,0,0,26.85,0,,$58.99,124,,N,N
ACAFHZ1000AGY01,TRUSENS Z1000 HEPA FILTER ALLERGY,TRUSENS Z1000 HEPA FILTER ALLERGY,AFHZ1000AGY01,ACCO - TECHNOLOGY PRODUCTS,,AC- AIR PURIFICATION CONS.,,,,0,0,40.89,0,,$76.99,0,,Y,N
ACAFHZ1000PET01,TRUSENS Z1000 HEPA FILTER PET,TRUSENS Z1000 HEPA FILTER PET,AFHZ1000PET01,ACCO - TECHNOLOGY PRODUCTS,,AC- AIR PURIFICATION CONS.,,,,0,0,40.89,0,,$76.99,0,,Y,N
ACAFHZ1000SMK01,TRUSENS Z1000 HEPA FILTER SMOKE,TRUSENS Z1000 HEPA FILTER SMOKE,AFHZ1000SMK01,ACCO - TECHNOLOGY PRODUCTS,,AC- AIR PURIFICATION CONS.,,,,0,0,40.89,0,,$76.99,0,,Y,N
ACAFHZ200001AU,TRUSENS HEPA 3-IN-1 FILTER FOR Z2000,TRUSENS HEPA 3-IN-1 FILTER FOR Z2000,AFHZ200001AU,ACCO - TECHNOLOGY PRODUCTS,,AC- AIR PURIFICATION CONS.,,,,0,0,51.25,0,,$109.99,192,,N,N
ACAFHZ2000AGY01,TRUSENS Z2000 HEPA FILTER ALLERGY,TRUSENS Z2000 HEPA FILTER ALLERGY,AFHZ2000AGY01,ACCO - TECHNOLOGY PRODUCTS,,AC- AIR PURIFICATION CONS.,,,,0,0,57.26,0,,$107.99,0,,Y,N
ACAFHZ2000PET01,TRUSENS Z2000 HEPA FILTER PET,TRUSENS Z2000 HEPA FILTER PET,AFHZ2000PET01,ACCO - TECHNOLOGY PRODUCTS,,AC- AIR PURIFICATION CONS.,,,,0,0,57.26,0,,$107.99,0,,Y,N
ACAFHZ2000SMK01,TRUSENS Z2000 HEPA FILTER SMOKE,TRUSENS Z2000 HEPA FILTER SMOKE,AFHZ2000SMK01,ACCO - TECHNOLOGY PRODUCTS,,AC- AIR PURIFICATION CONS.,,,,0,0,57.26,0,,$107.99,0,,Y,N
ACAFHZ300001AU,TRUSENS HEPA 3-IN-1 FILTER FOR Z3000,TRUSENS HEPA 3-IN-1 FILTER FOR Z3000,AFHZ300001AU,ACCO - TECHNOLOGY PRODUCTS,,AC- AIR PURIFICATION CONS.,,,,0,0,63.52,0,,$139.49,205,,N,N
ACAFHZ3000AGY01,TRUSENS Z3000 HEPA FILTER ALLERGY,TRUSENS Z3000 HEPA FILTER ALLERGY,AFHZ3000AGY01,ACCO - TECHNOLOGY PRODUCTS,,AC- AIR PURIFICATION CONS.,,,,0,0,73.62,0,,$138.49,0,,N,N
ACAFHZ3000PET01,TRUSENS Z3000 HEPA FILTER PET,TRUSENS Z3000 HEPA FILTER PET,AFHZ3000PET01,ACCO - TECHNOLOGY PRODUCTS,,AC- AIR PURIFICATION CONS.,,,,0,0,73.62,0,,$138.49,0,,Y,N
ACAFHZ3000SMK01,TRUSENS Z3000 HEPA FILTER SMOKE,TRUSENS Z3000 HEPA FILTER SMOKE,AFHZ3000SMK01,ACCO - TECHNOLOGY PRODUCTS,,AC- AIR PURIFICATION CONS.,,,,0,0,73.62,0,,$138.49,0,,Y,N
ACJI0101,KTG EXTENSION LEAD 240V GENERAL DUTY- 5M,KTG EXTENSION LEAD 240V GENERAL DUTY- 5M,JI0101,ACCO - TECHNOLOGY PRODUCTS,,AC - CHARGING CABLES,,,,0,0,14.47,14.47,,$22.67,0,,Y,N
ACK32800WW,KTG SD1700P DISPLAYLINK DOCKING STATION,KTG SD1700P DISPLAYLINK DOCKING STATION,K32800WW,ACCO - TECHNOLOGY PRODUCTS,,AC - UNIVERSAL DOCKING STATION,,,,0,0,201.2,205.2,,$402.61,20,,N,N
ACK33020WW,KTG HDMI 2.0 TO HDMI 2.0 1.8M CABLE,KTG HDMI 2.0 TO HDMI 2.0 1.8M CABLE,K33020WW,ACCO - TECHNOLOGY PRODUCTS,,AC - USB HUBS AND ADAPTERS,,,,0,0,14.06,14.06,,$22.03,0,,N,N
ACK33021WW,KTG DP 1.4 TO DP 1.4 1.8M CABLE,KTG DP 1.4 TO DP 1.4 1.8M CABLE,K33021WW,ACCO - TECHNOLOGY PRODUCTS,,AC - USB HUBS AND ADAPTERS,,,,0,0,22.35,0,,$35.02,0,,Y,N
ACK33025WW,KTG DP TO HDMI PASSIVE 1.8M CABLE,KTG DP TO HDMI PASSIVE 1.8M CABLE,K33025WW,ACCO - TECHNOLOGY PRODUCTS,,AC - USB HUBS AND ADAPTERS,,,,0,0,35.35,35.35,,$55.38,0,,Y,N
ACK33065WW,KTG HI-FI USB-A HEADPHONES MIC & VOL,KTG HI-FI USB-A HEADPHONES MIC & VOL,K33065WW,ACCO - TECHNOLOGY PRODUCTS,,AC - HEADPHONES,,,,0,0,41.09,41.09,,$64.37,4,,N,N
ACK33271WW,KTG WIRELESS PRESENTER WITHOUT LASER,KTG WIRELESS PRESENTER WITHOUT LASER,K33271WW,ACCO - TECHNOLOGY PRODUCTS,,AC - WIRELESS PRESENTATION REM,,,,0,0,29.97,29.97,,$46.95,0,,Y,N
ACK33475WW,KTG CA1100E USB TYPE-C TO ETHERNET ADAPT,KTG CA1100E USB TYPE-C TO ETHERNET ADAPT,K33475WW,ACCO - TECHNOLOGY PRODUCTS,,AC - USB HUBS AND ADAPTERS,,,,0,0,49.39,49.39,,$77.38,0,,Y,N
ACK33476NA,KTG LD5400T TB3 LOCK AND DOCK STATION,KTG LD5400T TB3 LOCK AND DOCK STATION,K33476NA,ACCO - TECHNOLOGY PRODUCTS,,AC - UNIVERSAL DOCKING STATION,,,,0,0,689.72,0,,$1080.57,0,,Y,N
ACK33480AP,KTG SD4839P USB-C TRIPLE 4K 85W PD DOCK,KTG SD4839P USB-C TRIPLE 4K 85W PD DOCK,K33480AP,ACCO - TECHNOLOGY PRODUCTS,,AC - UNIVERSAL DOCKING STATION,,,,0,0,210,215,,$398.22,448,08-09-2023,N,N
ACK33480NA,Kensington SD4839P USB-C TRIPLE VIDEO D,Kensington SD4839P USB-C TRIPLE VIDEO D,K33480NA,ACCO - TECHNOLOGY PRODUCTS,,AC - UNIVERSAL DOCKING STATION,,,,0,0,228.72,0,,$358.33,0,,Y,N
ACK33597WW,KTG HI-FI HEADPHONES WITH MIC & VOL,KTG HI-FI HEADPHONES WITH MIC & VOL,K33597WW,ACCO - TECHNOLOGY PRODUCTS,,AC - HEADPHONES,,,,0,0,32.72,32.72,,$51.27,0,,Y,N
ACK33620AP,KTG SD4780P 4K USB-C USB 3.0 100W DOCK,KTG SD4780P 4K USB-C USB 3.0 100W DOCK,K33620AP,ACCO - TECHNOLOGY PRODUCTS,,AC - UNIVERSAL DOCKING STATION,,,,0,0,484.86,484.86,,$759.62,0,25-10-2022,N,N
ACK33806AP,KTG SD4840P USB-C TRIPLE 4K 85W PD DOCK,KTG SD4840P USB-C TRIPLE 4K 85W PD DOCK,K33806AP,ACCO - TECHNOLOGY PRODUCTS,,AC - UNIVERSAL DOCKING STATION,,,,0,0,225.74,228.17,,$501.75,250,,N,N
ACK33820WW,KTG UH1400P USB-C HUB 100W PASS THROUGH,KTG UH1400P USB-C HUB 100W PASS THROUGH,K33820WW,ACCO - TECHNOLOGY PRODUCTS,,AC - UNIVERSAL DOCKING STATION,,,,0,0,82.54,82.54,,$129.32,0,,Y,N
ACK34009AP,KTG SD5600T TB3 & USB-C 4K 100W DOCK,KTG SD5600T TB3 & USB-C 4K 100W DOCK,K34009AP,ACCO - TECHNOLOGY PRODUCTS,,AC - UNIVERSAL DOCKING STATION,,,,0,0,319.1,319.1,,$619.95,65,,N,N
ACK34020WW,KTG SD1650P USB-C SINGLE 4K MOBILE DOCK,KTG SD1650P USB-C SINGLE 4K MOBILE DOCK,K34020WW,ACCO - TECHNOLOGY PRODUCTS,,AC - UNIVERSAL DOCKING STATION,,,,0,0,147.45,147.45,,$231.00,23,,N,N
ACK34030WW,KTG STUDIO DOCK IPAD PRO 12.9in,KTG STUDIO DOCK IPAD PRO 12.9IN,K34030WW,ACCO - TECHNOLOGY PRODUCTS,,AC - UNIVERSAL DOCKING STATION,,,,0,0,672.44,672.44,,$1053.48,0,,Y,N
ACK34031WW,KTG STUDIO DOCK IPAD AIR & PRO 11in,KTG STUDIO DOCK IPAD AIR & PRO 11IN,K34031WW,ACCO - TECHNOLOGY PRODUCTS,,AC - UNIVERSAL DOCKING STATION,,,,0,0,672.44,672.44,,$1053.48,0,,Y,N
ACK34050WW,KTG DOCKING STATION VESA MOUNT 2.0,KTG DOCKING STATION VESA MOUNT 2.0,K34050WW,ACCO - TECHNOLOGY PRODUCTS,,AC - UNIVERSAL DOCKING STATION,,,,0,0,46.72,46.72,,$73.20,0,,N,N
ACK34052WW,CV4200H USB-C 4K/8K HDMI Adapter,CV4200H USB-C 4K/8K HDMI Adapter,K34052WW,ACCO - TECHNOLOGY PRODUCTS,,AC - USB HUBS AND ADAPTERS,,,,0,0,54.26,54.26,,$85.00,0,,Y,N
ACK34115AP,KTG SD4850P DUAL VIDEO USB-C 100W DOCK,KTG SD4850P DUAL VIDEO USB-C 100W DOCK,K34115AP,ACCO - TECHNOLOGY PRODUCTS,,AC - UNIVERSAL DOCKING STATION,,,,0,0,310,315,,$519.95,199,,N,N
ACK34680WW,KTG CV5000DP USB-C TO DP 1.4 ADAPTER,KTG CV5000DP USB-C TO DP 1.4 ADAPTER,K34680WW,ACCO - TECHNOLOGY PRODUCTS,,AC - TABLET CASES AND HOLDERS,,,,0,0,51.3,51.3,,$80.37,0,,Y,N
ACK35175AP,KTG SD5700T TB4 4K DOCKING 90W PD,KTG SD5700T TB4 4K DOCKING 90W PD,K35175AP,ACCO - TECHNOLOGY PRODUCTS,,AC - UNIVERSAL DOCKING STATION,,,,0,0,365.89,369.83,,$669.95,65,,N,N
ACK36800AP,KTG SD4900P DISPLAYLINK DOCKING STATION,KTG SD4900P DISPLAYLINK DOCKING STATION,K36800AP,ACCO - TECHNOLOGY PRODUCTS,,AC - UNIVERSAL DOCKING STATION,,,,0,0,375.34,379.38,,$918.85,1,,N,N
ACK37010AP,KTG SD5560T TB3 & USB-C 4K 96W DOCK,KTG SD5560T TB3 & USB-C 4K 96W DOCK,K37010AP,ACCO - TECHNOLOGY PRODUCTS,,AC - UNIVERSAL DOCKING STATION,,,,0,0,613.15,613.15,,$960.60,0,,Y,N
ACK37060AP,KTG SD4849P 4K SCALABLE USB-C 100W DOCK,KTG SD4849P 4K SCALABLE USB-C 100W DOCK,K37060AP,ACCO - TECHNOLOGY PRODUCTS,,AC - UNIVERSAL DOCKING STATION,,,,0,0,320.21,323.66,,$514.17,100,,N,N
ACK37899WW,KTG SD5750T DFS TB4 4K DOCKING 90W PD,KTG SD5750T DFS TB4 4K DOCKING 90W PD,K37899WW,ACCO - TECHNOLOGY PRODUCTS,,AC - UNIVERSAL DOCKING STATION,,,,0,0,418.09,422.58,,$513.25,80,,N,N
ACK38135M,KTG KEYED LOCK SURFACE PRO & GO MASTER,KTG KEYED LOCK SURFACE PRO & GO MASTER,K38135M,ACCO - TECHNOLOGY PRODUCTS,,AC - KEYED LOCKS,,,,0,0,62.11,62.11,,$97.30,0,,Y,N
ACK38260AU,KTG SD2000P USB-C NANO DOCKING STATION,KTG SD2000P USB-C NANO DOCKING STATION,K38260AU,ACCO - TECHNOLOGY PRODUCTS,,AC - UNIVERSAL DOCKING STATION,,,,0,0,346.71,346.71,,$543.18,0,,Y,N
ACK38280WW,KTG USB-C TO DUAL DP 1.2 VIDEO ADAPTER,KTG USB-C TO DUAL DP 1.2 VIDEO ADAPTER,K38280WW,ACCO - TECHNOLOGY PRODUCTS,,AC - USB HUBS AND ADAPTERS,,,,0,0,88.33,0,,$138.38,0,,Y,N
ACK38285WW,KTG USB-C TO 2.5G ETHERNET ADAPTER,KTG USB-C TO 2.5G ETHERNET ADAPTER,K38285WW,ACCO - TECHNOLOGY PRODUCTS,,AC - USB HUBS AND ADAPTERS,,,,0,0,72.57,0,,$113.70,0,,Y,N
ACK38286WW,KTG USB-C TO DUAL HDMI 1.4 VIDEO ADAPTER,KTG USB-C TO DUAL HDMI 1.4 VIDEO ADAPTER,K38286WW,ACCO - TECHNOLOGY PRODUCTS,,AC - USB HUBS AND ADAPTERS,,,,0,0,80.41,0,,$125.98,0,,Y,N
ACK38310AU,KTG TWIN POWER ADAPTER FOR THE SD4700P,KTG TWIN POWER ADAPTER FOR THE SD4700P,K38310AU,ACCO - TECHNOLOGY PRODUCTS,,AC - UNIVERSAL DOCKING STATION,,,,0,0,138.41,138.41,,$216.85,0,,Y,N
ACK38390AP,KTG SD2400T TB3 USB-C NANO DOCKING STATI,KTG SD2400T TB3 USB-C NANO DOCKING STATI,K38390AP,ACCO - TECHNOLOGY PRODUCTS,,AC - UNIVERSAL DOCKING STATION,,,,0,0,504.37,0,,$790.18,0,,Y,N
ACK38700AP,KTG SD6000 SURFACE GO DOCKING STATION,KTG SD6000 SURFACE GO DOCKING STATION,K38700AP,ACCO - TECHNOLOGY PRODUCTS,,AC - UNIVERSAL DOCKING STATION,,,,0,0,439.21,0,,$688.10,0,,Y,N
ACK39105AP,KTG SD4750P DUAL 4K USB-C & USB 3.0 DOCK,KTG SD4750P DUAL 4K USB-C & USB 3.0 DOCK,K39105AP,ACCO - TECHNOLOGY PRODUCTS,,AC - UNIVERSAL DOCKING STATION,,,,0,0,320.12,325.53,,$619.95,87,,N,N
ACK50345WW,KTG SMARTFIT SOLEMATE PROELITE ERGONOMIC,KTG SMARTFIT SOLEMATE PROELITE ERGONOMIC,K50345WW,ACCO - TECHNOLOGY PRODUCTS,,AC - FOOT RESTS,,,,0,0,109.64,109.64,,$171.77,0,,N,N
ACK50409WW,KTG SMARTFIT SOLEMATE PRO ERGONOMIC FOOT,KTG SMARTFIT SOLEMATE PRO ERGONOMIC FOOT,K50409WW,ACCO - TECHNOLOGY PRODUCTS,,AC - FOOT RESTS,,,,0,0,81.9,81.9,,$128.32,0,,Y,N
ACK50420WW,KTG EASY RISER GO 17 inch  LAPTOP STAND ,KTG EASY RISER GO 17 inch  LAPTOP STAND # GRE,K50420WW,ACCO - TECHNOLOGY PRODUCTS,,AC - RISER AND MONITOR STAND,,,,0,0,39.67,39.67,,$62.15,0,,N,N
ACK50421WW,KTG EASY RISER GO 14 inch  LAPTOP STAND ,KTG EASY RISER GO 14 inch  LAPTOP STAND # GRE,K50421WW,ACCO - TECHNOLOGY PRODUCTS,,AC - RISER AND MONITOR STAND,,,,0,0,33.77,33.77,,$52.90,0,,Y,N
ACK50422WW,KTG EASY RISER GO 17 inch  LAPTOP STAND ,KTG EASY RISER GO 17 inch  LAPTOP STAND # BLA,K50422WW,ACCO - TECHNOLOGY PRODUCTS,,AC - RISER AND MONITOR STAND,,,,0,0,39.67,39.67,,$62.15,6,,N,N
ACK50423WW,KTG EASY RISER GO 14 inch  LAPTOP STAND ,KTG EASY RISER GO 14 inch  LAPTOP STAND # BLA,K50423WW,ACCO - TECHNOLOGY PRODUCTS,,AC - RISER AND MONITOR STAND,,,,0,0,33.77,33.77,,$52.90,0,,N,N
ACK50722WW,KTG PRIVACY SCREEN FOR IMAC 21in,KTG PRIVACY SCREEN FOR IMAC 21IN,K50722WW,ACCO - TECHNOLOGY PRODUCTS,,AC - PRIVACY SCREENS AND FILM,,,,0,0,224.8,224.8,,$352.18,0,,N,N
ACK50723WW,KTG PRIVACY SCREEN FOR IMAC 27in,KTG PRIVACY SCREEN FOR IMAC 27IN,K50723WW,ACCO - TECHNOLOGY PRODUCTS,,AC - PRIVACY SCREENS AND FILM,,,,0,0,327.93,327.93,,$513.75,0,,Y,N
ACK50728WW,KTG PRIVACY SCREEN SURFACE LAPTOP 13.5,KTG PRIVACY SCREEN SURFACE LAPTOP 13.5,K50728WW,ACCO - TECHNOLOGY PRODUCTS,,AC - PRIVACY SCREENS AND FILM,,,,0,0,117.16,117.16,,$183.55,0,,N,N
ACK50730WW,KTG MAGPRO PRIVACY SCREEN SURFACE PRO,KTG MAGPRO PRIVACY SCREEN SURFACE PRO,K50730WW,ACCO - TECHNOLOGY PRODUCTS,,AC - PRIVACY SCREENS AND FILM,,,,0,0,127.9,127.9,,$200.38,0,,N,N
ACK50826WW,KTG SMARTFIT PREMIUM LAPTOP RISER,KTG SMARTFIT PREMIUM LAPTOP RISER,K50826WW,ACCO - TECHNOLOGY PRODUCTS,,AC - RISER AND MONITOR STAND,,,,0,0,88.24,88.24,,$138.25,-1,,Y,N
ACK51700WW,KTG MAGPRO PRIVACY SCREEN SURFACE PRO 8,KTG MAGPRO PRIVACY SCREEN SURFACE PRO 8,K51700WW,ACCO - TECHNOLOGY PRODUCTS,,AC - PRIVACY SCREENS AND FILM,,,,0,0,127.9,127.9,,$200.38,0,,Y,N
ACK51701WW,KTG MAGPRO PRIVACY SCREEN SURFACE LAPTOP,KTG MAGPRO PRIVACY SCREEN SURFACE LAPTOP,K51701WW,ACCO - TECHNOLOGY PRODUCTS,,AC - PRIVACY SCREENS AND FILM,,,,0,0,87.01,87.01,,$136.32,0,,Y,N
ACK52200WW,KTG PRIVACY SCREEN FOR MACBOOK PRO 16in,KTG PRIVACY SCREEN FOR MACBOOK PRO 16IN,K52200WW,ACCO - TECHNOLOGY PRODUCTS,,AC - PRIVACY SCREENS AND FILM,,,,0,0,106.44,106.44,,$166.75,0,,N,N
ACK52795WW,KTG PRIVACY SCREEN FOR 24in 16:9MONITORS,KTG PRIVACY SCREEN FOR 24IN 16:9 MONITORS,K52795WW,ACCO - TECHNOLOGY PRODUCTS,,AC - PRIVACY SCREENS AND FILM,,,,0,0,160.26,160.26,,$251.07,0,,Y,N
ACK53801WW,KTG LAPTOP HOLDER FOR VESA MONITOR ARMS,KTG LAPTOP HOLDER FOR VESA MONITOR ARMS,K53801WW,ACCO - TECHNOLOGY PRODUCTS,,AC - RISER AND MONITOR STAND,,,,0,0,27.59,27.59,,$43.22,0,,Y,N
ACK53802WW,KTG VERTICAL STACKING DUAL MONITOR ARM,KTG VERTICAL STACKING DUAL MONITOR ARM,K53802WW,ACCO - TECHNOLOGY PRODUCTS,,AC - RISER AND MONITOR STAND,,,,0,0,66.38,66.38,,$104.00,0,,Y,N
ACK54900AU,KTG SLIM MONITOR STAND WHITE,KTG SLIM MONITOR STAND WHITE,K54900AU,ACCO - TECHNOLOGY PRODUCTS,,AC - RISER AND MONITOR STAND,,,,0,0,24.23,24.23,,$37.97,0,,Y,N
ACK55100WW,KTG MONITOR STAND WITH UV COMPARTMENT BK,KTG MONITOR STAND WITH UV COMPARTMENT BK,K55100WW,ACCO - TECHNOLOGY PRODUCTS,,AC - RISER AND MONITOR STAND,,,,0,0,346.04,346.04,,$542.13,0,,N,N
ACK55115US,KTG SIMPLE SOLUTIONS WIRED CAC KEYBOARD,KTG SIMPLE SOLUTIONS WIRED CAC KEYBOARD,K55115US,ACCO - TECHNOLOGY PRODUCTS,,AC - KEYBOARDS,,,,0,0,39.38,39.38,,$61.70,0,,Y,N
ACK55315WW,KTG SNAP2 PRIVACY SCREEN 22-24 inch  WID,KTG SNAP2 PRIVACY SCREEN 22-24 inch  WIDESCRE,K55315WW,ACCO - TECHNOLOGY PRODUCTS,,AC - PRIVACY SCREENS AND FILM,,,,0,0,193.778,195.86,,$303.58,0,,N,N
ACK55320AU,KTG GLASS MONITOR STAND WITH USB HUB,KTG GLASS MONITOR STAND WITH USB HUB,K55320AU,ACCO - TECHNOLOGY PRODUCTS,,AC - RISER AND MONITOR STAND,,,,0,0,57.15,57.15,,$89.53,0,,N,N
ACK55407WW,KTG SMARTFIT CLAMP ON KEYBOARD DRAW,KTG SMARTFIT CLAMP ON KEYBOARD DRAW,K55407WW,ACCO - TECHNOLOGY PRODUCTS,,AC - KEYBOARD DRAWERS,,,,0,0,82.96,0,,$129.97,0,,Y,N
ACK55408WW,KTG SMARTFIT ERGO SINGLE MONITOR ARM,KTG SMARTFIT ERGO SINGLE MONITOR ARM,K55408WW,ACCO - TECHNOLOGY PRODUCTS,,AC - RISER AND MONITOR STAND,,,,0,0,66.51,66.51,,$104.20,0,,N,N
ACK55409WW,KTG SMARTFIT ERGO DUAL MONITOR ARM,KTG SMARTFIT ERGO DUAL MONITOR ARM,K55409WW,ACCO - TECHNOLOGY PRODUCTS,,AC - RISER AND MONITOR STAND,,,,0,0,85.09,85.09,,$133.30,5,11-10-2023,N,N
ACK55470WW,KTG SF ONETOUCH SINGLE MONITOR ARM GR/WH,KTG SF ONETOUCH SINGLE MONITOR ARM GR/WH,K55470WW,ACCO - TECHNOLOGY PRODUCTS,,AC - RISER AND MONITOR STAND,,,,0,0,177.02,177.02,,$277.33,0,,N,N
ACK55471WW,KTG SF ONE TOUCH DUAL MONITOR ARM GR/WH,KTG SF ONE TOUCH DUAL MONITOR ARM GR/WH,K55471WW,ACCO - TECHNOLOGY PRODUCTS,,AC - RISER AND MONITOR STAND,,,,0,0,314.77,314.77,,$493.13,0,,N,N
ACK55512WW,KTG MONITOR ARM SPACE SAVING SINGLE BK,KTG MONITOR ARM SPACE SAVING SINGLE BK,K55512WW,ACCO - TECHNOLOGY PRODUCTS,,AC - RISER AND MONITOR STAND,,,,0,0,115.41,115.41,,$180.82,0,,Y,N
ACK55513WW,KTG MONITOR ARM SPACE SAVING DUAL BK,KTG MONITOR ARM SPACE SAVING DUAL BK,K55513WW,ACCO - TECHNOLOGY PRODUCTS,,AC - RISER AND MONITOR STAND,,,,0,0,172.54,172.54,,$270.32,1,,N,N
ACK55521WW,KTG PRIVACY SCREEN SURFACE BOOK 13.5in,KTG PRIVACY SCREEN SURFACE BOOK 13.5IN,K55521WW,ACCO - TECHNOLOGY PRODUCTS,,AC - PRIVACY SCREENS AND FILM,,,,0,0,102.19,102.19,,$160.10,0,,N,N
ACK55522WW,KTG PRIVACY SCREEN SURFACE BOOK 15in,KTG PRIVACY SCREEN SURFACE BOOK 15IN,K55522WW,ACCO - TECHNOLOGY PRODUCTS,,AC - PRIVACY SCREENS AND FILM,,,,0,0,117.12,117.12,,$183.48,0,,N,N
ACK55725,KTG SMARTFIT MONITOR STAND WITH DRAW,KTG SMARTFIT MONITOR STAND WITH DRAW,K55725,ACCO - TECHNOLOGY PRODUCTS,,AC - RISER AND MONITOR STAND,,,,0,0,80.11,80.11,,$125.50,0,,Y,N
ACK55778WW,KTG SNAP2 PRIVACY SCREEN 19in,KTG SNAP2 PRIVACY SCREEN 19IN,K55778WW,ACCO - TECHNOLOGY PRODUCTS,,AC - PRIVACY SCREENS AND FILM,,,,0,0,99.67,99.67,,$156.15,0,,Y,N
ACK55779WW,KTG SNAP2 PRIVACY SCREEN 20-22in WIDESCR,KTG SNAP2 PRIVACY SCREEN 20-22IN WIDESCRE,K55779WW,ACCO - TECHNOLOGY PRODUCTS,,AC - PRIVACY SCREENS AND FILM,,,,0,0,156.09,156.09,,$244.53,0,,Y,N
ACK55900WW,KTG PRIVACY SCREEN FOR SURFACE GO,KTG PRIVACY SCREEN FOR SURFACE GO,K55900WW,ACCO - TECHNOLOGY PRODUCTS,,AC - PRIVACY SCREENS AND FILM,,,,0,0,43.16,43.16,,$67.62,0,,Y,N
ACK58300WW,KTG ORGANISING MONITOR RISER,KTG ORGANISING MONITOR RISER,K58300WW,ACCO - TECHNOLOGY PRODUCTS,,AC - RISER AND MONITOR STAND,,,,0,0,73.79,73.79,,$115.60,0,,N,N
ACK58302WW,KTG SPACE SAVING FOOTREST,KTG SPACE SAVING FOOTREST,K58302WW,ACCO - TECHNOLOGY PRODUCTS,,AC - FOOT RESTS,,,,0,0,39.22,39.22,,$61.45,0,,Y,N
ACK58303WW,KTG SLIMLINE ROCKING FOOTREST,KTG SLIMLINE ROCKING FOOTREST,K58303WW,ACCO - TECHNOLOGY PRODUCTS,,AC - FOOT RESTS,,,,0,0,76.14,76.14,,$119.28,0,,Y,N
ACK58350WW,KTG MAGNETIC PRIVACY SCREEN FOR 12.5 inc,KTG MAGNETIC PRIVACY SCREEN FOR 12.5 inch  LA,K58350WW,ACCO - TECHNOLOGY PRODUCTS,,AC - PRIVACY SCREENS AND FILM,,,,0,0,88.35,88.35,,$138.42,0,,Y,N
ACK58351WW,KTG MAGNETIC PRIVACY SCREEN FOR 13 inch ,KTG MAGNETIC PRIVACY SCREEN FOR 13 inch  LAPT,K58351WW,ACCO - TECHNOLOGY PRODUCTS,,AC - PRIVACY SCREENS AND FILM,,,,0,0,88.35,88.35,,$138.42,0,,N,N
ACK58352WW,KTG MAGNETIC PRIVACY SCREEN FOR 14 inch ,KTG MAGNETIC PRIVACY SCREEN FOR 14 inch  LAPT,K58352WW,ACCO - TECHNOLOGY PRODUCTS,,AC - PRIVACY SCREENS AND FILM,,,,0,0,107.24,107.24,,$168.02,0,,N,N
ACK58353WW,KTG MAGNETIC PRIVACY SCREEN FOR 15.6 inc,KTG MAGNETIC PRIVACY SCREEN FOR 15.6 inch  LA,K58353WW,ACCO - TECHNOLOGY PRODUCTS,,AC - PRIVACY SCREENS AND FILM,,,,0,0,121.71,121.71,,$190.68,1,,N,N
ACK58354WW,KTG MAGNETIC PRIVACY SCREEN FOR 21.5 inc,KTG MAGNETIC PRIVACY SCREEN FOR 21.5 inch  MO,K58354WW,ACCO - TECHNOLOGY PRODUCTS,,AC - PRIVACY SCREENS AND FILM,,,,0,0,182.83,182.83,,$286.43,0,,Y,N
ACK58355WW,KTG MAGNETIC PRIVACY SCREEN FOR 23 inch ,KTG MAGNETIC PRIVACY SCREEN FOR 23 inch  MONI,K58355WW,ACCO - TECHNOLOGY PRODUCTS,,AC - PRIVACY SCREENS AND FILM,,,,0,0,210.61,212.87,,$239.95,-1,,N,N
ACK58356WW,KTG MAGNETIC PRIVACY SCREEN FOR 23.8 inc,KTG MAGNETIC PRIVACY SCREEN FOR 23.8 inch  MO,K58356WW,ACCO - TECHNOLOGY PRODUCTS,,AC - PRIVACY SCREENS AND FILM,,,,0,0,212.28,212.28,,$332.57,5,,N,N
ACK58357WW,KTG MAGNETIC PRIVACY SCREEN FOR 24 inch ,KTG MAGNETIC PRIVACY SCREEN FOR 24 inch  MONI,K58357WW,ACCO - TECHNOLOGY PRODUCTS,,AC - PRIVACY SCREENS AND FILM,,,,0,0,214.49,214.49,,$336.03,1,,N,N
ACK58359WW,KTG MAGNETIC PRIVACY SCREEN FOR 27 inch ,KTG MAGNETIC PRIVACY SCREEN FOR 27 inch  MONI,K58359WW,ACCO - TECHNOLOGY PRODUCTS,,AC - PRIVACY SCREENS AND FILM,,,,0,0,291.73,291.73,,$339.95,1,,N,N
ACK58362WW,KTG PRIVACY SCREEN SURFACE LAPTOP 15,KTG PRIVACY SCREEN SURFACE LAPTOP 15,K58362WW,ACCO - TECHNOLOGY PRODUCTS,,AC - PRIVACY SCREENS AND FILM,,,,0,0,132.8,132.8,,$208.05,0,,Y,N
ACK58370WW,KTG MAGPRO PRIVACY SCREEN MACBOOK PRO 14,KTG MAGPRO PRIVACY SCREEN MACBOOK PRO 14,K58370WW,ACCO - TECHNOLOGY PRODUCTS,,AC - PRIVACY SCREENS AND FILM,,,,0,0,85.17,85.17,,$133.43,0,,Y,N
ACK58371WW,KTG MAGPRO PRIVACY SCREEN MACBOOK PRO 16,KTG MAGPRO PRIVACY SCREEN MACBOOK PRO 16,K58371WW,ACCO - TECHNOLOGY PRODUCTS,,AC - PRIVACY SCREENS AND FILM,,,,0,0,95.89,95.89,,$150.23,0,,Y,N
ACK58400WW,KTG SNAP2 PRIVACY SCREEN 27 inch  WIDESC,KTG SNAP2 PRIVACY SCREEN 27 inch  WIDESCREEN,K58400WW,ACCO - TECHNOLOGY PRODUCTS,,AC - PRIVACY SCREENS AND FILM,,,,0,0,291.65,291.65,,$456.92,0,,Y,N
ACK59090WW,KTG STUDIO CADDY FOR APPLE DEVICES,KTG STUDIO CADDY FOR APPLE DEVICES,K59090WW,ACCO - TECHNOLOGY PRODUCTS,,AC - RISER AND MONITOR STAND,,,,0,0,259.7,259.7,,$406.87,0,,N,N
ACK59600WW,KTG SF ONETOUCH SINGLE MONITOR ARM BLACK,KTG SF ONETOUCH SINGLE MONITOR ARM BLACK,K59600WW,ACCO - TECHNOLOGY PRODUCTS,,AC - RISER AND MONITOR STAND,,,,0,0,149.33,149.33,,$233.95,0,,Y,N
ACK59601WW,KTG SF ONETOUCH DUAL MONITOR ARM BLACK,KTG SF ONETOUCH DUAL MONITOR ARM BLACK,K59601WW,ACCO - TECHNOLOGY PRODUCTS,,AC - RISER AND MONITOR STAND,,,,0,0,265.57,265.57,,$416.07,0,,Y,N
ACK60102WW,KTG ECO FRIENDLY SLEEVE FOR 12 inch  LAP,KTG ECO FRIENDLY SLEEVE FOR 12 inch  LAPTOPS,K60102WW,ACCO - TECHNOLOGY PRODUCTS,,AC - BRIEFCASES AND TOTES,,,,0,0,23.45,23.45,,$36.73,0,,Y,N
ACK60103WW,KTG ECO FRIENDLY SLEEVE FOR 14 inch  LAP,KTG ECO FRIENDLY SLEEVE FOR 14 inch  LAPTOPS,K60103WW,ACCO - TECHNOLOGY PRODUCTS,,AC - BRIEFCASES AND TOTES,,,,0,0,25.81,25.81,,$40.43,0,,Y,N
ACK60381WW,KTG CONTOUR 2.0 LAPTOP BACKPACK 17in,KTG CONTOUR 2.0 LAPTOP BACKPACK 17IN,K60381WW,ACCO - TECHNOLOGY PRODUCTS,,AC - BACKPACKS,,,,0,0,118.43,118.43,,$185.53,0,,Y,N
ACK60382WW,KTG CONTOUR 2.0 LAPTOP BACKPACK 15.6in,KTG CONTOUR 2.0 LAPTOP BACKPACK 15.6IN,K60382WW,ACCO - TECHNOLOGY PRODUCTS,,AC - BACKPACKS,,,,0,0,120.9,120.9,,$189.42,0,,N,N
ACK60383WW,KTG CONTOUR 2.0 LAPTOP BACKPACK 14in,KTG CONTOUR 2.0 LAPTOP BACKPACK 14IN,K60383WW,ACCO - TECHNOLOGY PRODUCTS,,AC - BRIEFCASES AND TOTES,,,,0,0,111.24,111.24,,$174.28,0,,Y,N
ACK60384WW,KTG CONTOUR 2.0 OVERNIGHT ROLLER 17,KTG CONTOUR 2.0 OVERNIGHT ROLLER 17,K60384WW,ACCO - TECHNOLOGY PRODUCTS,,AC - BRIEFCASES AND TOTES,,,,0,0,160.68,0,,$341.14,0,,N,N
ACK60385WW,KTG CONTOUR 2.0 BUSINESS ROLLER 17in,KTG CONTOUR 2.0 BUSINESS ROLLER 17IN,K60385WW,ACCO - TECHNOLOGY PRODUCTS,,AC - BRIEFCASES AND TOTES,,,,0,0,179.78,179.78,,$281.65,0,,Y,N
ACK60386WW,KTG CONTOUR 2.0 BRIEFCASE 15.6in,KTG CONTOUR 2.0 BRIEFCASE 15.6IN,K60386WW,ACCO - TECHNOLOGY PRODUCTS,,AC - BRIEFCASES AND TOTES,,,,0,0,119.49,119.49,,$187.20,0,,Y,N
ACK60387WW,KTG CONTOUR 2.0 BRIEFCASE 17in,KTG CONTOUR 2.0 BRIEFCASE 17IN,K60387WW,ACCO - TECHNOLOGY PRODUCTS,,AC - BRIEFCASES AND TOTES,,,,0,0,119.17,119.17,,$186.70,0,,Y,N
ACK60388WW,KTG CONTOUR 2.0 BRIEFCASE 14in,KTG CONTOUR 2.0 BRIEFCASE 14IN,K60388WW,ACCO - TECHNOLOGY PRODUCTS,,AC - BRIEFCASES AND TOTES,,,,0,0,105.73,105.73,,$165.65,0,,Y,N
ACK60500WW,KTG N17 2.0 KEYED LOCK,KTG N17 2.0 KEYED LOCK,K60500WW,ACCO - TECHNOLOGY PRODUCTS,,AC - KEYED LOCKS,,,,0,0,70.52,70.52,,$110.48,0,,Y,N
ACK60501M,KTG N17 2.0 KEYED LOCK MASTER,KTG N17 2.0 KEYED LOCK MASTER,K60501M,ACCO - TECHNOLOGY PRODUCTS,,AC - KEYED LOCKS,,,,0,0,63.53,63.53,,$99.53,0,,Y,N
ACK60508WW,KTG N17 2.0 DUAL HEAD KEYED LOCK,KTG N17 2.0 DUAL HEAD KEYED LOCK,K60508WW,ACCO - TECHNOLOGY PRODUCTS,,AC - KEYED LOCKS,,,,0,0,73.91,73.91,,$115.80,0,,Y,N
ACK60509M,KTG N17 2.0 DUAL HEAD KEYED LOCK MASTER,KTG N17 2.0 DUAL HEAD KEYED LOCK MASTER,K60509M,ACCO - TECHNOLOGY PRODUCTS,,AC - KEYED LOCKS,,,,0,0,66.59,66.59,,$104.32,0,,Y,N
ACK60600WW,KTG MICROSAVER 2.0 SLIM COMBO LOCK TBAR,KTG MICROSAVER 2.0 SLIM COMBO LOCK TBAR,K60600WW,ACCO - TECHNOLOGY PRODUCTS,,AC - COMBINATION LOCKS,,,,0,0,60.45,60.45,,$94.70,0,,Y,N
ACK60601WW,KTG MICROSAVER 2.0 SERIALISED COMBO LOCK,KTG MICROSAVER 2.0 SERIALISED COMBO LOCK,K60601WW,ACCO - TECHNOLOGY PRODUCTS,,AC - COMBINATION LOCKS,,,,0,0,65.59,65.59,,$102.75,0,,Y,N
ACK60602WW,KTG MICROSAVER 2.0 SERIALISED COMBO 25PK,KTG MICROSAVER 2.0 SERIALISED COMBO 25PK,K60602WW,ACCO - TECHNOLOGY PRODUCTS,,AC - COMBINATION LOCKS,,,,0,0,1640,1640,,$2569.33,0,,Y,N
ACK60603WW,KTG NANOSAVER 2.0 COMBINATION LOCK,KTG NANOSAVER 2.0 COMBINATION LOCK,K60603WW,ACCO - TECHNOLOGY PRODUCTS,,AC - COMBINATION LOCKS,,,,0,0,64.31,64.31,,$100.75,0,,Y,N
ACK60604WW,KTG NANOSAVER 2.0 SERIALISED COMBO LOCK,KTG NANOSAVER 2.0 SERIALISED COMBO LOCK,K60604WW,ACCO - TECHNOLOGY PRODUCTS,,AC - COMBINATION LOCKS,,,,0,0,69.79,69.79,,$109.33,0,,Y,N
ACK60605WW,KTG NANOSAVER 2.0 SERIALISED COMBO 25PK,KTG NANOSAVER 2.0 SERIALISED COMBO 25PK,K60605WW,ACCO - TECHNOLOGY PRODUCTS,,AC - COMBINATION LOCKS,,,,0,0,1744.56,1744.56,,$2733.15,0,,Y,N
ACK60729WW,KTG PRIVACY SCREEN FOR 27 inch  16:9 MON,KTG PRIVACY SCREEN FOR 27 inch  16:9 MONITORS,K60729WW,ACCO - TECHNOLOGY PRODUCTS,,AC - PRIVACY SCREENS AND FILM,,,,0,0,193.78,193.78,,$303.58,0,,N,N
ACK62315WW,KTG 3IN1 LOCK ANCHOR KIT TBAR/NANO/N17,KTG 3IN1 LOCK ANCHOR KIT TBAR/NANO/N17,K62315WW,ACCO - TECHNOLOGY PRODUCTS,,AC - COMBINATION LOCKS,,,,0,0,70.79,70.79,,$110.90,0,,Y,N
ACK62316WW,KTG 3IN1 COMBINATION LOCK TBAR/NANO/N17,KTG 3IN1 COMBINATION LOCK TBAR/NANO/N17,K62316WW,ACCO - TECHNOLOGY PRODUCTS,,AC - COMBINATION LOCKS,,,,0,0,104.95,104.95,,$164.42,0,,Y,N
ACK62317WW,KTG 3IN1 SERIALISED COMBO TBAR/NANO/N17,KTG 3IN1 SERIALISED COMBO TBAR/NANO/N17,K62317WW,ACCO - TECHNOLOGY PRODUCTS,,AC - COMBINATION LOCKS,,,,0,0,104.95,104.95,,$164.42,0,,Y,N
ACK62318WW,KTG 3IN1 KEYED LOCK TBAR/NANO/N17,KTG 3IN1 KEYED LOCK TBAR/NANO/N17,K62318WW,ACCO - TECHNOLOGY PRODUCTS,,AC - KEYED LOCKS,,,,0,0,112.07,112.07,,$175.58,1,26-07-2023,N,N
ACK62319M,KTG 3IN1 KEY LOCK TBAR/NANO/N17 MASTER,KTG 3IN1 KEY LOCK TBAR/NANO/N17 MASTER,K62319M,ACCO - TECHNOLOGY PRODUCTS,,AC - KEYED LOCKS,,,,0,0,100.97,100.97,,$158.18,0,,Y,N
ACK62327AP,KTG AC 32 BAY CHARGING CABINET,KTG AC 32 BAY CHARGING CABINET,K62327AP,ACCO - TECHNOLOGY PRODUCTS,,AC - CHARGE AND SYNC CABINETS,,,,0,0,1826,1826,,$3678.98,1,,N,N
ACK62330WW,KTG VERIMARK DESKTOP FINGERPRINT KEY,KTG VERIMARK DESKTOP FINGERPRINT KEY,K62330WW,ACCO - TECHNOLOGY PRODUCTS,,AC - BIOMETRIC SECURITY,,,,0,0,146.45,146.45,,$229.43,0,,Y,N
ACK62399WW,KTG GEL MOUSE PAD- GREY/BLACK,KTG GEL MOUSE PAD- GREY/BLACK,K62399WW,ACCO - TECHNOLOGY PRODUCTS,,AC - MOUSE PADS / WRIST RESTS,,,,0,0,22.53,22.53,,$35.30,0,,Y,N
ACK62917AP,KTG SD7000 SURFACE PRO DOCKING STATION,KTG SD7000 SURFACE PRO DOCKING STATION,K62917AP,ACCO - TECHNOLOGY PRODUCTS,,AC - UNIVERSAL DOCKING STATION,,,,0,0,754.48,754.48,,$1182.02,0,,Y,N
ACK62918WW,KTG SD7000 SURFACE PRO DOCK KEYED LOCK,KTG SD7000 SURFACE PRO DOCK KEYED LOCK,K62918WW,ACCO - TECHNOLOGY PRODUCTS,,AC - KEYED LOCKS,,,,0,0,39.4,39.4,,$61.73,0,,Y,N
ACK63150WW,KTG APPLE MAC PRO & DISPLAY XDR LOCK,KTG APPLE MAC PRO & DISPLAY XDR LOCK,K63150WW,ACCO - TECHNOLOGY PRODUCTS,,AC - KEYED LOCKS,,,,0,0,172.83,172.83,,$270.77,0,,Y,N
ACK64186FL,KTG M/SAVER KEYED LTOP LOCK ALIKE,KTG M/SAVER KEYED LTOP LOCK ALIKE,K64186FL,ACCO - TECHNOLOGY PRODUCTS,,AC - KEYED LOCKS,,,,0,0,45.99,45.99,,$72.05,0,,Y,N
ACK64704WW,KTG VERIMARK IT FINGERPRINT KEY,KTG VERIMARK IT FINGERPRINT KEY,K64704WW,ACCO - TECHNOLOGY PRODUCTS,,AC - BIOMETRIC SECURITY,,,,0,0,96.47,96.47,,$151.13,0,,Y,N
ACK64708WW,KTG VERIMARK 2ND FACTOR USB-A FPRINT KEY,KTG VERIMARK 2ND FACTOR USB-A FPRINT KEY,K64708WW,ACCO - TECHNOLOGY PRODUCTS,,AC - BIOMETRIC SECURITY,,,,0,0,118.37,118.37,,$185.45,1,,Y,N
ACK64709WW,KTG VERIMARK 2ND FACTOR USB-C FPRINT KEY,KTG VERIMARK 2ND FACTOR USB-C FPRINT KEY,K64709WW,ACCO - TECHNOLOGY PRODUCTS,,AC - BIOMETRIC SECURITY,,,,0,0,124.45,124.45,,$194.97,0,,Y,N
ACK65610WW,KTG USB-A TO USB-C CHARGING CABLES 67862,KTG USB-A TO USB-C CHARGING CABLES 67862,K65610WW,ACCO - TECHNOLOGY PRODUCTS,,AC - CHARGING CABLES,,,,0,0,29.12,29.12,,$45.62,0,,Y,N
ACK66301WW,KTG COMBINATION LOCK FOR SURFACE,KTG COMBINATION LOCK FOR SURFACE,K66301WW,ACCO - TECHNOLOGY PRODUCTS,,AC - KEYED LOCKS,,,,0,0,51.78,51.78,,$81.12,0,,Y,N
ACK66302WW,KTG SERIALISED COMBO LOCK FOR SURFACE,KTG SERIALISED COMBO LOCK FOR SURFACE,K66302WW,ACCO - TECHNOLOGY PRODUCTS,,AC - COMBINATION LOCKS,,,,0,0,65.43,65.43,,$102.50,0,,Y,N
ACK66648EU,KTG MICROSAVER 2.0 TRIPLE HEAD LOCK MAS,KTG MICROSAVER 2.0 TRIPLE HEAD LOCK MAS,K66648EU,ACCO - TECHNOLOGY PRODUCTS,,AC - KEYED LOCKS,,,,0,0,109.53,109.53,,$171.60,0,,Y,N
ACK67917M,KTG IMAC CABLE LOCK MASTER KEY,KTG IMAC CABLE LOCK MASTER KEY,K67917M,ACCO - TECHNOLOGY PRODUCTS,,AC - KEYED LOCKS,,,,0,0,97.29,0,,$208.95,0,,Y,N
ACK68008WW,KTG N17 2.0 COMBINATION LOCK,KTG N17 2.0 COMBINATION LOCK,K68008WW,ACCO - TECHNOLOGY PRODUCTS,,AC - COMBINATION LOCKS,,,,0,0,59.94,59.94,,$93.90,5,,N,N
ACK68009WW,KTG N17 2.0 SERIALISED COMBINATION LOCK,KTG N17 2.0 SERIALISED COMBINATION LOCK,K68009WW,ACCO - TECHNOLOGY PRODUCTS,,AC - COMBINATION LOCKS,,,,0,0,65.56,65.56,,$102.72,0,,Y,N
ACK68100WW,KTG CLICKSAFE NANOSAVER ANCHOR,KTG CLICKSAFE NANOSAVER ANCHOR,K68100WW,ACCO - TECHNOLOGY PRODUCTS,,AC - LOCK ANCHOR POINTS/ACC.,,,,0,0,15.3,15.3,,$23.97,0,,Y,N
ACK68101WW,KTG CLICKSAFE 2.0 NANOSAVER KEYED LOCK,KTG CLICKSAFE 2.0 NANOSAVER KEYED LOCK,K68101WW,ACCO - TECHNOLOGY PRODUCTS,,AC - KEYED LOCKS,,,,0,0,69.07,69.07,,$108.22,0,,Y,N
ACK68102WW,KTG CLICKSAFE2.0 LOCK TBAR/NANO/N17,KTG CLICKSAFE2.0 LOCK TBAR/NANO/N17,K68102WW,ACCO - TECHNOLOGY PRODUCTS,,AC - KEYED LOCKS,,,,0,0,98.74,98.74,,$154.70,1,26-07-2023,N,N
ACK68103WW,KTG CLICKSAFE 2.0 NANOSAVER COMBO LOCK,KTG CLICKSAFE 2.0 NANOSAVER COMBO LOCK,K68103WW,ACCO - TECHNOLOGY PRODUCTS,,AC - COMBINATION LOCKS,,,,0,0,69.07,69.07,,$108.22,0,,Y,N
ACK68105WW,KTG CLICKSAFE2.0 COMBO LOCK TBARNANON17,KTG CLICKSAFE2.0 COMBO LOCK TBARNANON17,K68105WW,ACCO - TECHNOLOGY PRODUCTS,,AC - COMBINATION LOCKS,,,,0,0,96.04,96.04,,$150.47,0,,Y,N
ACK68106WW,KTG CLICKSAFE COMBO TBARNANON17 MAS.CODE,KTG CLICKSAFE COMBO TBARNANON17 MAS.CODE,K68106WW,ACCO - TECHNOLOGY PRODUCTS,,AC - COMBINATION LOCKS,,,,0,0,111.1,111.1,,$174.05,0,,Y,N
ACK68107M,KTG CLICKSAFE 2.0 NANOSAVER LOCK MASTER,KTG CLICKSAFE 2.0 NANOSAVER LOCK MASTER,K68107M,ACCO - TECHNOLOGY PRODUCTS,,AC - KEYED LOCKS,,,,0,0,64.71,64.71,,$101.38,0,,Y,N
ACK68108M,KTG CLICKSAFE COMBO TBAR/NANO/N17 MASTER,KTG CLICKSAFE COMBO TBAR/NANO/N17 MASTER,K68108M,ACCO - TECHNOLOGY PRODUCTS,,AC - COMBINATION LOCKS,,,,0,0,92.53,92.53,,$144.97,0,,Y,N
ACK68131WW,KTG COMBO LOCK FOR SURFACE PRO & GO,KTG COMBO LOCK FOR SURFACE PRO & GO,K68131WW,ACCO - TECHNOLOGY PRODUCTS,,AC - KEYED LOCKS,,,,0,0,55.1,55.1,,$86.32,0,,Y,N
ACK68132WW,KTG SERIAL COMBO LOCK SURFACE PRO & GO,KTG SERIAL COMBO LOCK SURFACE PRO & GO,K68132WW,ACCO - TECHNOLOGY PRODUCTS,,AC - KEYED LOCKS,,,,0,0,69.62,69.62,,$109.07,0,,Y,N
ACK68134WW,KTG KEYED LOCK SURFACE PRO AND GO,KTG KEYED LOCK SURFACE PRO AND GO,K68134WW,ACCO - TECHNOLOGY PRODUCTS,,AC - KEYED LOCKS,,,,0,0,62.7,62.7,,$98.23,0,,Y,N
ACK70315WW,KTG PROFIT WASHABLE WIRED MOUSE,KTG PROFIT WASHABLE WIRED MOUSE,K70315WW,ACCO - TECHNOLOGY PRODUCTS,,AC - MICE,,,,0,0,38.47,38.47,,$60.27,0,,Y,N
ACK70316US,KTG PROFIT WASHABLE DESKTOP SET,KTG PROFIT WASHABLE DESKTOP SET,K70316US,ACCO - TECHNOLOGY PRODUCTS,,AC - KEYBOARD AND MICE SETS,,,,0,0,74.99,75.8,,$117.48,0,,N,N
ACK72322,KTG KP400 MULTI DEVICE KEYBOARD,KTG KP400 MULTI DEVICE KEYBOARD,K72322,ACCO - TECHNOLOGY PRODUCTS,,AC - KEYBOARDS,,,,0,0,53.96,53.96,,$84.53,0,,N,N
ACK72344US,KTG SLIMTYPE FULL SIZE WIRELESS KEYBOARD,KTG SLIMTYPE FULL SIZE WIRELESS KEYBOARD,K72344US,ACCO - TECHNOLOGY PRODUCTS,,AC - KEYBOARDS,,,,0,0,76.15,76.15,,$119.30,0,,Y,N
ACK72362WW,KTG ORBIT FUSION WIRELESS TRACKBALL,KTG ORBIT FUSION WIRELESS TRACKBALL,K72362WW,ACCO - TECHNOLOGY PRODUCTS,,AC - TRACK BALLS,,,,0,0,124.45,124.45,,$194.97,1,,N,N
ACK72425,KTG RED LASER PRESENTER EXPERT,KTG RED LASER PRESENTER EXPERT,K72425,ACCO - TECHNOLOGY PRODUCTS,,AC - WIRELESS PRESENTATION REM,,,,0,0,61.81,61.81,,$96.83,4,,N,N
ACK72426,KTG GREEN LASER PRESENTER EXPERT,KTG GREEN LASER PRESENTER EXPERT,K72426,ACCO - TECHNOLOGY PRODUCTS,,AC - WIRELESS PRESENTATION REM,,,,0,0,84.61,84.61,,$132.55,0,,Y,N
ACK72427,KTG GREEN LASER PRESENTER EXPERT W/ MEMO,KTG GREEN LASER PRESENTER EXPERT W/ MEMO,K72427,ACCO - TECHNOLOGY PRODUCTS,,AC - WIRELESS PRESENTATION REM,,,,0,0,73.52,73.52,,$115.18,4,,N,N
ACK72450,KTG PRO FIT WIRELESS KEYBOARD,KTG PRO FIT WIRELESS KEYBOARD,K72450,ACCO - TECHNOLOGY PRODUCTS,,AC - KEYBOARDS,,,,0,0,36.37,36.37,,$56.98,0,,Y,N
ACK75223WW,KTG RECIEVER FOR ERGO KEYBOARDS & MICE B,KTG RECIEVER FOR ERGO KEYBOARDS & MICE B,K75223WW,ACCO - TECHNOLOGY PRODUCTS,,AC - KEYBOARD AND MICE SETS,,,,0,0,12.9,12.9,,$20.22,0,,Y,N
ACK75241WW,KTG POWERPOINTER PRESENTER,KTG POWERPOINTER PRESENTER,K75241WW,ACCO - TECHNOLOGY PRODUCTS,,AC - WIRELESS PRESENTATION REM,,,,0,0,78.78,78.78,,$123.42,0,,Y,N
ACK75298WW,KTG SURETRACK DUAL WIRELESS MOUSE BK,KTG SURETRACK DUAL WIRELESS MOUSE BK,K75298WW,ACCO - TECHNOLOGY PRODUCTS,,AC - MICE,,,,0,0,32.45,32.45,,$50.83,0,,N,N
ACK75350WW,KTG SURETRACK DUAL WIRELESS MOUSE BL,KTG SURETRACK DUAL WIRELESS MOUSE BL,K75350WW,ACCO - TECHNOLOGY PRODUCTS,,AC - MICE,,,,0,0,32.45,32.45,,$50.83,0,,N,N
ACK75351WW,KTG SURETRACK DUAL WIRELESS MOUSE GR,KTG SURETRACK DUAL WIRELESS MOUSE GR,K75351WW,ACCO - TECHNOLOGY PRODUCTS,,AC - MICE,,,,0,0,32.45,32.45,,$50.83,0,,N,N
ACK75352WW,KTG SURETRACK DUAL WIRELESS MOUSE RED,KTG SURETRACK DUAL WIRELESS MOUSE RED,K75352WW,ACCO - TECHNOLOGY PRODUCTS,,AC - MICE,,,,0,0,32.45,32.45,,$50.83,0,,N,N
ACK75353WW,KTG SURETRACK DUAL WIRELESS MOUSE WH,KTG SURETRACK DUAL WIRELESS MOUSE WH,K75353WW,ACCO - TECHNOLOGY PRODUCTS,,AC - MICE,,,,0,0,32.45,32.45,,$50.83,0,,N,N
ACK75370WW,KTG PROFIT WIRELESS VERTICAL TRACKBALL,KTG PROFIT WIRELESS VERTICAL TRACKBALL,K75370WW,ACCO - TECHNOLOGY PRODUCTS,,AC - TRACK BALLS,,,,0,0,109.93,109.93,,$172.22,0,,N,N
ACK75390WW,KTG WIRELESS HANDHELD KEYBOARD,KTG WIRELESS HANDHELD KEYBOARD,K75390WW,ACCO - TECHNOLOGY PRODUCTS,,AC - KEYBOARDS,,,,0,0,40.57,40.57,,$63.57,0,,Y,N
ACK75400US,KTG WIRED ERGO KEYBOARD,KTG WIRED ERGO KEYBOARD,K75400US,ACCO - TECHNOLOGY PRODUCTS,,AC - KEYBOARDS,,,,0,0,77.65,78.48,,$121.65,0,15-03-2023,N,N
ACK75401US,KTG DUAL WIRELESS ERGO KEYBOARD - BLACK,KTG DUAL WIRELESS ERGO KEYBOARD - BLACK,K75401US,ACCO - TECHNOLOGY PRODUCTS,,AC - KEYBOARDS,,,,0,0,99.86,100.94,,$156.45,-18,,N,N
ACK75402US,KTG DUAL WIRELESS ERGO KEYBOARD - GREY,KTG DUAL WIRELESS ERGO KEYBOARD - GREY,K75402US,ACCO - TECHNOLOGY PRODUCTS,,AC - KEYBOARDS,,,,0,0,99.86,99.86,,$156.45,0,,Y,N
ACK75403WW,KTG WIRED ERGO MOUSE,KTG WIRED ERGO MOUSE,K75403WW,ACCO - TECHNOLOGY PRODUCTS,,AC - MICE,,,,0,0,37.31,37.31,,$58.45,0,,Y,N
ACK75404WW,KTG DUAL WIRELESS ERGO MOUSE - BLACK,KTG DUAL WIRELESS ERGO MOUSE - BLACK,K75404WW,ACCO - TECHNOLOGY PRODUCTS,,AC - MICE,,,,0,0,77.73,77.73,,$102.12,7,,N,N
ACK75406US,KTG DUAL WIRELESS ERGO DESKTOP SET - BK,KTG DUAL WIRELESS ERGO DESKTOP SET - BK,K75406US,ACCO - TECHNOLOGY PRODUCTS,,AC - KEYBOARD AND MICE SETS,,,,0,0,145.46,147.02,,$227.88,-1,,N,N
ACK75407US,KTG DUAL WIRELESS ERGO DESKTOP SET - GY,KTG DUAL WIRELESS ERGO DESKTOP SET - GY,K75407US,ACCO - TECHNOLOGY PRODUCTS,,AC - KEYBOARD AND MICE SETS,,,,0,0,122.52,122.52,,$179.95,6,,N,N
ACK75501WW,KTG PROFIT VERTICAL WIRELESS MOUSE BLACK,KTG PROFIT VERTICAL WIRELESS MOUSE BLACK,K75501WW,ACCO - TECHNOLOGY PRODUCTS,,AC - MICE,,,,0,0,65.57,65.57,,$102.73,0,,N,N
ACK75502US,KTG DUAL WIRELESS COMPACT KEYBOARD BK,KTG DUAL WIRELESS COMPACT KEYBOARD BK,K75502US,ACCO - TECHNOLOGY PRODUCTS,,AC - KEYBOARDS,,,,0,0,74.7,74.7,,$117.03,12,,N,N
ACK75504US,KTG DUAL WIRELESS COMPACT KEYBOARD SL,KTG DUAL WIRELESS COMPACT KEYBOARD SL,K75504US,ACCO - TECHNOLOGY PRODUCTS,,AC - KEYBOARDS,,,,0,0,74.7,74.7,,$117.03,0,,Y,N
ACK75505US,KTG WIRED IPAD LIGHTNING KEYBOARD,KTG WIRED IPAD LIGHTNING KEYBOARD,K75505US,ACCO - TECHNOLOGY PRODUCTS,,AC - KEYBOARDS,,,,0,0,98.93,98.93,,$154.98,0,,Y,N
ACK75506US,KTG WIRED USB-C KEYBOARD,KTG WIRED USB-C KEYBOARD,K75506US,ACCO - TECHNOLOGY PRODUCTS,,AC - KEYBOARDS,,,,0,0,52.21,52.21,,$81.80,0,,Y,N
ACK75520WW,KTG PROFIT VERTICAL WIRELESS MOUSE GREY,KTG PROFIT VERTICAL WIRELESS MOUSE GREY,K75520WW,ACCO - TECHNOLOGY PRODUCTS,,AC - MICE,,,,0,0,65.57,65.57,,$102.73,6,,N,N
ACK79810WW,KTG WIRELESS ERGO MOUSE - LEFT HANDED,KTG WIRELESS ERGO MOUSE - LEFT HANDED,K79810WW,ACCO - TECHNOLOGY PRODUCTS,,AC - MICE,,,,0,0,75.09,75.09,,$117.63,0,,N,N
ACK79820WW,KTG WIRED NUMERIC KEYPAD,KTG WIRED NUMERIC KEYPAD,K79820WW,ACCO - TECHNOLOGY PRODUCTS,,AC - KEYBOARDS,,,,0,0,22.32,22.32,,$34.97,0,,Y,N
ACK80100AP,KTG MONO HEADSET WITH INLINE CONTROL,KTG MONO HEADSET WITH INLINE CONTROL,K80100AP,ACCO - TECHNOLOGY PRODUCTS,,AC - HEADPHONES,,,,0,0,30.54,30.54,,$47.85,0,,Y,N
ACK80250WW,KTG FIXED FOCUSED WEBCAM,KTG FIXED FOCUSED WEBCAM,K80250WW,ACCO - TECHNOLOGY PRODUCTS,,AC - WEBCAM,,,,0,0,56.4,57.01,,$66.67,2,,N,N
ACK81175WW,KTG W2000 1080P AUTO FOCUS WEBCAM,KTG W2000 1080P AUTO FOCUS WEBCAM,62682,ACCO - TECHNOLOGY PRODUCTS,,AC - WEBCAM,,,,0,0,89.82,89.82,,$140.72,0,,Y,N
ACK81175WW,KTG W2000 1080P AUTO FOCUS WEBCAM,KTG W2000 1080P AUTO FOCUS WEBCAM,K81175WW,ACCO - TECHNOLOGY PRODUCTS,,AC - WEBCAM,,,,0,0,89.82,89.82,,$140.72,0,,Y,N
ACK81176WW,KTG W2050 PRO 1080P AUTO FOCUS WEBCAM,KTG W2050 PRO 1080P AUTO FOCUS WEBCAM,K81176WW,ACCO - TECHNOLOGY PRODUCTS,,AC - WEBCAM,,,,0,0,155.71,155.71,,$243.95,0,,Y,N
ACK81176WW,KTG W2050 PRO 1080P AUTO FOCUS WEBCAM,KTG W2050 PRO 1080P AUTO FOCUS WEBCAM,62682,ACCO - TECHNOLOGY PRODUCTS,,AC - WEBCAM,,,,0,0,155.71,155.71,,$243.95,0,,Y,N
ACK83300WW,KTG 3 IN 1 PRO AUDIO HEADSET SWITCH,KTG 3 IN 1 PRO AUDIO HEADSET SWITCH,K83300WW,ACCO - TECHNOLOGY PRODUCTS,,AC - HEADPHONES,,,,0,0,170.51,170.51,,$267.13,0,,Y,N
ACK83450WW,H1000 USB-C HEADSET ON EAR,H1000 USB-C HEADSET ON EAR,K83450WW,ACCO - TECHNOLOGY PRODUCTS,,AC - HEADPHONES,,,,0,0,63.1,0,,$0.00,0,,Y,N
ACK83451WW,H2000 USB-C OVER EAR WIRED HEADSET BLACK,H2000 USB-C OVER EAR WIRED HEADSET BLACK,K83451WW,ACCO - TECHNOLOGY PRODUCTS,,AC - HEADPHONES,,,,0,0,99.26,0,,$0.00,2,,N,N
ACK83452WW,H3000 Bluetooth Over-Ear Headset Black,H3000 Bluetooth Over-Ear Headset,K83452WW,ACCO - TECHNOLOGY PRODUCTS,,AC - HEADPHONES,,,,0,0,128.77,0,,$0.00,8,,N,N
ACK87651WW,KTG A1010 TELESCOPING DESKTOP STAND,KTG A1010 TELESCOPING DESKTOP STAND,K87651WW,ACCO - TECHNOLOGY PRODUCTS,,AC - AV ACCESSORIES,,,,0,0,27.91,27.91,,$47.78,0,,Y,N
ACK87652WW,KTG A1020 PRO VC BOOM ARM,KTG A1020 PRO VC BOOM ARM,K87652WW,ACCO - TECHNOLOGY PRODUCTS,,AC - AV ACCESSORIES,,,,0,0,74.74,74.74,,$113.00,0,,Y,N
ACK87653WW,KTG L1000 PRO VC RING LIGHT,KTG L1000 PRO VC RING LIGHT,K87653WW,ACCO - TECHNOLOGY PRODUCTS,,AC - AV ACCESSORIES,,,,0,0,36.05,36.05,,$56.48,0,,Y,N
ACK87654WW,KTG A1000 C-CLAMP DESKTOP STAND,KTG A1000 C-CLAMP DESKTOP STAND,K87654WW,ACCO - TECHNOLOGY PRODUCTS,,AC - AV ACCESSORIES,,,,0,0,46.04,46.04,,$72.13,0,,Y,N
ACK97321WW,KTG RUGGED CASE FOR IPAD 10.2 inch  RETA,KTG RUGGED CASE FOR IPAD 10.2 inch  RETAIL,K97321WW,ACCO - TECHNOLOGY PRODUCTS,,AC - TABLET CASES AND HOLDERS,,,,0,0,71.77,71.77,,$112.43,0,,N,N
ACK97323WW,KTG RUGGED CASE FOR SURFACE PRO X RETAIL,KTG RUGGED CASE FOR SURFACE PRO X RETAIL,K97323WW,ACCO - TECHNOLOGY PRODUCTS,,AC - TABLET CASES AND HOLDERS,,,,0,0,75.16,75.16,,$117.75,0,,N,N
ACK97324WW,KTG RUGGED CASE FOR  SURFACE PRO X BULK,KTG RUGGED CASE FOR  SURFACE PRO X BULK,K97324WW,ACCO - TECHNOLOGY PRODUCTS,,AC - TABLET CASES AND HOLDERS,,,,0,0,67.72,67.72,,$106.10,0,,Y,N
ACK97454WW,KTG BLACKBELT RUGGED CASE FOR SURFACE GO,KTG BLACKBELT RUGGED CASE FOR SURFACE GO,K97454WW,ACCO - TECHNOLOGY PRODUCTS,,AC - TABLET CASES AND HOLDERS,,,,0,0,75.51,75.51,,$118.30,0,,Y,N
ACK97456WW,KTG HI-FI USB-C HEADPHONES,KTG HI-FI USB-C HEADPHONES,K97456WW,ACCO - TECHNOLOGY PRODUCTS,,AC - HEADPHONES,,,,0,0,39.71,39.71,,$62.22,7,,N,N
ACK97457WW,KTG HI-FI USB-C HEADPHONES WITH MIC,KTG HI-FI USB-C HEADPHONES WITH MIC,K97457WW,ACCO - TECHNOLOGY PRODUCTS,,AC - HEADPHONES,,,,0,0,38.21,38.21,,$59.85,0,,N,N
ACK97581WW,KTG BLACKBELT CASE FOR SURFACE PRO 8 BK,KTG BLACKBELT CASE FOR SURFACE PRO 8 BK,K97581WW,ACCO - TECHNOLOGY PRODUCTS,,AC - TABLET CASES AND HOLDERS,,,,0,0,58.67,58.67,,$91.92,0,,Y,N
ACK97583WW,KTG BLACKBELT CASE FOR SURFACE PRO 8 PLT,KTG BLACKBELT CASE FOR SURFACE PRO 8 PLT,K97583WW,ACCO - TECHNOLOGY PRODUCTS,,AC - TABLET CASES AND HOLDERS,,,,0,0,58.67,58.67,,$91.92,0,,Y,N
ACK97800WW,KTG CASE SURFACE PRO 7/6/5/4 COBALT BLUE,KTG CASE SURFACE PRO 7/6/5/4 COBALT BLUE,K97800WW,ACCO - TECHNOLOGY PRODUCTS,,AC - TABLET CASES AND HOLDERS,,,,0,0,44.49,0,,$69.70,0,,Y,N
ACK97801WW,KTG CASE SURFACE PRO 7/6/5/4 POPPY RED,KTG CASE SURFACE PRO 7/6/5/4 POPPY RED,K97801WW,ACCO - TECHNOLOGY PRODUCTS,,AC - TABLET CASES AND HOLDERS,,,,0,0,44.49,0,,$69.70,0,,Y,N
ACK97802WW,KTG CASE SURFACE PRO 7/6/5/4 PLATINUM,KTG CASE SURFACE PRO 7/6/5/4 PLATINUM,K97802WW,ACCO - TECHNOLOGY PRODUCTS,,AC - TABLET CASES AND HOLDERS,,,,0,0,49.38,49.38,,$77.37,0,,Y,N
ACK97950WW,KTG CASE FOR SURFACE PRO 7/6/5/4 RETAIL,KTG CASE FOR SURFACE PRO 7/6/5/4 RETAIL,K97950WW,ACCO - TECHNOLOGY PRODUCTS,,AC - TABLET CASES AND HOLDERS,,,,0,0,58.67,58.67,,$91.92,3,,N,N
ACK99071WW,KTG BLACKBELT CONNECT CASE SURFACE PRO 8,KTG BLACKBELT CONNECT CASE SURFACE PRO 8,K99071WW,ACCO - TECHNOLOGY PRODUCTS,,AC - TABLET CASES AND HOLDERS,,,,0,0,225.83,225.83,,$353.80,0,,Y,N
ACQTPWP1809A,QUARTET PENRITE SLIMLINE MAGNETIC WHITEB,QUARTET PENRITE SLIMLINE MAGNETIC WHITEBOARD PREMIUM 1800 X 900MM,QTPWP1809A,ACCO - TECHNOLOGY PRODUCTS,,AC - WINDFALL STANDS AND FRAME,,,,0,0,221.99,0,,$0.00,0,,N,N
ACUVLZ100001AU,TRUSENS Z1000 REPLACEMENT UV LAMP 1,TRUSENS Z1000 REPLACEMENT UV LAMP 1,UVLZ100001AU,ACCO - TECHNOLOGY PRODUCTS,,AC- AIR PURIFICATION CONS.,,,,0,0,17.53,0,,$32.99,0,,Y,N
ACUVLZ200001AU,TRUSENS Z2000 REPLACEMENT UV LAMP 1,TRUSENS Z2000 REPLACEMENT UV LAMP 1,UVLZ200001AU,ACCO - TECHNOLOGY PRODUCTS,,AC- AIR PURIFICATION CONS.,,,,0,0,26.32,0,,$49.49,0,,Y,N
ACUVLZ300001AU,TRUSENS Z3000 REPLACEMENT UV LAMP 1,TRUSENS Z3000 REPLACEMENT UV LAMP 1,UVLZ300001AU,ACCO - TECHNOLOGY PRODUCTS,,AC- AIR PURIFICATION CONS.,,,,0,0,37.04,0,,$69.95,0,,Y,N
ACZ2500AU,TRUSENS SMART AIR PURIFER Z2500 MED WITH,TRUSENS SMART AIR PURIFER Z2500 MED WITH SENSORPOD,Z2500AU,ACCO - TECHNOLOGY PRODUCTS,,AC - AIR PURIFIERS,,,,0,0,564.29,0,,$699.00,0,,Y,N
ACZ3500AU,TRUSENS SMART AIR PURIFIER Z3500 LRG ROO,TRUSENS SMART AIR PURIFIER Z3500 LRG ROOM WITH SENSORPOD,Z3500AU,ACCO - TECHNOLOGY PRODUCTS,,AC - AIR PURIFIERS,,,,0,0,739.31,0,,$879.00,0,,Y,N