Item Code,Item Description,RRP,Unit Price,Stock on Hand,Supplier Stock Code,GTIN
80002450,Mobling iPhone 11 Magnetic Wallet Case Black,39.90,15.65,0,,9420311509534
80002570,Mobling Samsung S20 Magnetic Wallet Case Black,39.90,17.39,0,,9420311510363
80002580,Mobling Samsung A51 Magnetic Wallet Case Black,39.90,17.39,0,,9420311510509
80002595,Mobling Samsung A71 Magnetic Wallet Case Black,39.90,17.39,0,,9420311510523
80002605,Mobling Samsung A71 Flex Case (with Inserts) - Clear,29.90,13.00,0,,9420311510608
80002620,Mobling Samsung A11 Magnetic Wallet Case Black,39.90,17.39,0,,9420311511124
80002635,Mobling Samsung A21S Magnetic Wallet Case Black,39.90,17.39,0,,9420311511148
80002645,Mobling Samsung A21S Flex Case (with Inserts) - Clear,29.90,13.00,0,,9420311511261
80002660,Mobling Samsung A31 Flex Case (with Inserts) - Clear,29.90,13.00,0,,9420311511285
80002680,Mobling Samsung A01 Magnetic Wallet Case Black,39.90,17.39,0,,9420311511360
80002690,Mobling Samsung A01 Flex Case (with Inserts) - Clear,29.90,13.00,0,,9420311511407
80002760,Mobling iPhone 12 Mini Leather Magnetic Wallet - Black,59.95,26.07,0,,9420311512268
80002765,Mobling iPhone 12/12 Pro Leather Magnetic Wallet - Black,59.95,23.45,0,,9420311512282
80002885,Mobling Samsung A12 Flex Case (with Inserts) - Clear,24.90,9.13,0,,9420311513500
80002900,Mobling Samsung A52 Flex Case (with Inserts) - Clear,24.90,9.13,0,,9420311513524
80003045,Mobling Samsung A32 4G Flex Case (with Inserts) - Clear,29.90,13.00,0,,9420311514538
80003080,Mobling Samsung A32 5G Flex Case (with Inserts) - Clear,29.90,13.00,0,,9420311514743
80003165,Mobling iPhone 13 Pro Max Leather Magnetic Wallet Black,49.95,21.72,0,,9420311515498
80003225,Mobling Samsung S22 Leather Magnetic Wallet Black,25.00,15.22,0,,9420311515962
80003240,Mobling Samsung S22+ Leather Magnetic Wallet Black,25.00,15.22,0,,9420311516105
80003250,Mobling Samsung S22 Drop Protection Case Clear,25.00,15.22,1,,9420311516143
80003255,Mobling Samsung S22+ Drop Protection Case Clear,25.00,15.22,0,,9420311516167
80003285,Mobling Samsung A33 Flex Case (with inserts) Clear,15.00,9.13,0,,9420311516594
80003315,Mobling Samsung A73 Flex Case (with inserts) Clear,15.00,9.13,0,,9420311516679
80003320,Mobling Oppo Find X5 Pro Leather Magnetic Wallet Black,25.00,15.22,0,,9420311517065
80003330,Mobling Oppo Find X5 Lite Leather Magnetic Wallet Black,25.00,15.22,0,,9420311517102
80003345,Mobling Oppo Find X5 Lite Drop Protection Case Clear,25.00,15.22,7,,9420311517164
80003360,Mobling Samsung A53 5G Magnetic Wallet Case Black,39.90,15.64,0,,9420311517324
80003425,Mobling iPhone 14/16e Silicone Magsafe Black,59.90,22.49,1,,9420311517669
80003440,Mobling iPhone 14 Pro Max Silicone Magsafe Black,59.90,22.49,0,,9420311517720
80003455,Mobling iPhone 14+/15+ Silicone Magsafe Blue,59.90,22.49,0,,9420311517782
80003465,Mobling iPhone 16e/14 Silicone Magsafe Purple,59.90,22.49,0,,9420311517829
80003505,Mobling iPhone 14/16e Drop Protection Magsafe Black,59.90,22.49,0,,9420311517980
80003510,Mobling iPhone 14 Pro Drop Protection Magsafe Black,59.90,22.49,0,,9420311518000
80003525,Mobling iPhone 16e/14 Leather Magnetic Wallet MS Black,49.90,30.73,0,,9420311518062
80003545,Mobling iPhone 14/16e Flex Case Magsafe Clear,34.90,17.05,0,,9420311518147
80003555,Mobling iPhone 14+/15+ Flex Case Magsafe Clear,34.90,13.53,0,,9420311518185
80003600,Mobling Samsung S23 Leather Magnetic Wallet Black,49.95,21.72,0,,9420311519489
80003605,Mobling Samsung S23 Drop Protection Case Clear,34.95,15.20,0,,9420311519540
80003690,Mobling Samsung S23 Silicone Black,49.90,29.94,0,,9420311519915
80003700,Mobling Samsung S23 Ultra Silicone Black,49.90,29.94,0,,9420311519960
80003705,Mobling Samsung A14 Flex Case with Inserts Clear,34.90,15.17,0,,9420311520003
80003715,Mobling Samsung A34 Flex Case with Inserts Clear,34.90,15.17,0,,9420311520041
80003720,Mobling Samsung A54 Flex Case with Inserts Clear,34.90,15.17,0,,9420311520065
80003765,Mobling iPhone 15 Vanguard Case - 1m Clear,39.95,17.37,0,,6009553000691
80003770,Mobling iPhone 15 Drop Case Magsafe - 3m Clear,59.95,26.07,0,,6009553000707
80003780,Mobling iPhone 15 Plus Drop Case Magsafe - 3m Clear,59.95,26.07,0,,6009553000745
80003790,Mobling iPhone 15 Pro Drop Case Magsafe - 3m Clear,59.95,26.07,0,,6009553000783
80003795,Mobling iPhone 15 Pro Silicone Case MagSafe Black,59.95,26.07,0,,6009553000790
80003800,Mobling iPhone 15 Pro Max Vanguard Case - 1m Clear,39.95,17.37,0,,6009553000837
80003805,Mobling iPhone 15 Pro Max Drop Case Magsafe - 3m Clear,59.95,26.07,0,,6009553000844
80003810,Mobling iPhone 15 Pro Max Silicone Case MagSafe Black,59.95,26.07,0,,6009553000851
80003835,Mobling Samsung A15 Vanguard Case - 1m Clear,39.95,17.37,0,,9420311521192
80003840,Mobling Samsung A15 Magnetic Wallet Case Black,39.95,17.37,0,,9420311521215
80003855,Mobling Samsung S24 Vanguard Case - 1m Clear,39.95,17.37,1,,9420311521277
80003860,Mobling Samsung S24 Leather Magnetic Wallet Black,59.95,26.07,0,,9420311521338
80003865,Mobling Samsung S24+ Vanguard Case - 1m Clear,39.95,17.37,0,,9420311521291
80003870,Mobling Samsung S24+ Leather Magnetic Wallet Black,59.95,26.07,0,,9420311521352
80003895,Mobling Samsung A55 Vanguard Case - 1m Clear,19.99,8.69,0,,9420311521666
80003905,Mobling iPhone 16 Drop Case Magsafe - 3m Clear,59.99,26.07,0,MOL-MIL4982,6009553001704
80003910,Mobling iPhone 16 Vanguard Case – 1m Clear,39.99,17.37,0,MOL-VAN4981,6009553001698
80003915,Mobling iPhone 16 Plus Drop Case Magsafe - 3m Clear,59.99,26.07,1,MOL-MIL4985,6009553001735
80003925,Mobling iPhone 16 Pro Drop Case Magsafe - 3m Clear,59.99,26.07,0,MOL-MIL4988,6009553001766
80003930,Mobling iPhone 16 Pro Vanguard Case – 1m Clear,39.99,17.37,214,MOL-VAN4987,6009553001759
80003945,Mobling iPhone 16 Pro Max Vanguard Case – 1m Clear,39.99,17.37,111,MOL-VAN4990,6009553001780
80004080,Mobling Samsung A26 Vanguard II Case 1m Clear,39.95,17.37,194,,9420311522489
80004085,Mobling Samsung A36 Vanguard II Case 1m Clear,39.95,17.37,130,,9420311522502
80004090,Mobling Samsung A56 Vanguard II Case 1m Clear,39.95,17.37,121,,9420311522519
80004095,Mobling Samsung A26 Folio Wallet Case Black,59.95,26.07,0,,9420311522526
80004100,Mobling Samsung A36 Folio Wallet Case Black,59.95,26.07,0,,9420311522533
80004105,Mobling Samsung A56 Folio Wallet Case Black,59.95,26.07,0,,9420311522540
80004130,Mobling iPhone 16e Drop Case Magnetic 3m Clear,59.95,26.07,1,,9420311522649
80004135,Mobling iPhone 16e Folio Wallet Case Black,59.95,26.07,4,,9420311522656
80004145,Mobling by ITSKINS S25 Hybrid with Magsafe Clear,59.95,26.07,0,SGZR-HMACR-TRSM,4894465112226
80004150,Mobling by ITSKINS S25+ Hybrid with Magsafe Clear,59.95,26.07,87,SGZP-HMACR-TRSM,4894465349172
80004155,Mobling by ITSKINS S25 Ultra Hybrid with Magsafe Clear,59.95,26.07,0,SGZU-HMACR-TRSM,4894465921477
80004175,Mobling iPhone 17 3m Eco Drop  Case Clear,59.95,26.07,13,,9420311522809
80004190,Mobling iPhone Air 3m Eco Drop  Case Clear,59.95,26.07,373,,9420311522816
80004205,Mobling iPhone 17 Pro 3m Eco Drop  Case Clear,59.95,26.07,228,,9420311522823
80004210,Mobling iPhone 17 Pro Silicone Eco Case Black,59.95,26.07,104,,9420311522861
80004220,Mobling iPhone 17 Pro Max 3m Eco Drop  Case Clear,59.95,26.07,280,,9420311522830
80004225,Mobling iPhone 17 Pro Max Silicone Eco Case Black,59.95,26.07,156,,9420311522878
80004270,Mobling iPhone 17 Wallet case with Magsafe Clear,69.95,30.41,64,,9420311523165
80004300,Mobling Samsung A07 1m Eco Drop Case Clear,39.95,17.39,665,,9420311523226
80004305,Mobling Samsung A17 1m Eco Drop Case Clear,39.95,17.39,337,,9420311523233
80004310,Mobling Samsung S25FE 3m Eco Drop Case Clear,59.95,26.07,37,,9420311523240
80004345,Mobling Magnetic Card Wallet Universal with Magsafe Black,49.99,26.50,0,,9420311523554
80004350,Mobling Magnetic Card Wallet Universal with Magsafe Tan,49.99,26.50,0,,9420311523561
80004410,Mobling iPhone 16e/15/14/13 Drop Case Magsafe - 3M Clear,59.95,26.07,495,,9420311523752
80004415,Mobling iPhone 16e/15/14/13 Folio Wallet Case Black,59.95,26.07,0,,9420311523769
90033325,In Touch iPhone 7/8/SE Milano Wallet Case Black,34.95,18.23,0,IT-MIL3496,6009707686801
90033330,In Touch iPhone 11 Milano Wallet Case Black,34.95,18.23,0,IT-MIL3537,6009707687211
90033335,In Touch iPhone 12 Mini Milano Wallet Case Black,34.95,18.23,0,IT-MIL3497,6009707686818
90033360,In Touch Samsung A01 Milano Wallet Case Black,34.95,18.23,0,IT-MIL3502,6009707686863
90033365,In Touch Samsung A11 Milano Wallet Case Black,34.95,18.23,0,IT-MIL3503,6009707686870
90033370,In Touch Samsung A21s Milano Wallet Case Black,34.95,18.23,0,IT-MIL3504,6009707686887
90033375,In Touch Samsung A31 Milano Wallet Case Black,34.95,18.23,0,IT-MIL3505,6009707686894
90033380,In Touch Smart V11 Milano Wallet Case Black,34.95,18.23,0,IT-MIL3506,6009707686900
90033385,In Touch Oppo A5 (2020) Milano Wallet Case Black,34.95,18.23,0,IT-MIL3507,6009707686917
90033410,In Touch Huawei Y9 Prime Milano Wallet Case Black,34.95,18.23,0,IT-MIL3512,6009707686962
90034955,In Touch Samsung A02s Milano Wallet Case Black,34.95,18.23,0,IT-MIL3582,6009707687709
90034965,In Touch Samsung A52 Milano Wallet Case Black,34.95,18.23,0,IT-MIL3584,6009707687723
90034970,In Touch Samsung A72 Milano Wallet Case Black,34.95,18.23,0,IT-MIL3585,6009707687730
90035020,In Touch Samsung S21 Plus Milano Wallet Case Black,34.95,18.23,0,IT-MIL3580,6009707687617
90041800,In Touch Samsung S22 Milano Wallet Case Black,34.95,18.23,0,IT-MIL4021,6009707688348
90041810,In Touch Samsung S22 Ultra Milano Wallet Case Black,34.95,18.23,0,IT-MIL4023,6009707688362
90043310,Samsung S21 FE Silicone with Strap Cover White,69.00,39.00,0,EF-GG990TWEGWW,8806094191837
90043315,Samsung S21 FE Silicone with Strap Cover Navy,69.00,39.00,0,EF-GG990TNEGWW,8806094191844
90043340,Samsung S21 FE Silicone Cover Coral,39.00,22.04,0,EF-PG990TPEGWW,8806092680906
90043355,Samsung S21 FE Slim Strap Cover White,39.00,22.04,0,EF-XG990CWEGWW,8806092653252
90043365,Samsung S21 FE Slim Strap Cover Lavender,39.00,22.04,0,EF-XG990CVEGWW,8806092653221
90043460,Samsung Galaxy S22 Clear Standing Cover Transparency,20.00,12.17,0,EF-JS901CTEGWW,8806092992719
90043545,Samsung Galaxy S22+ Silicone Cover Black,20.00,12.17,0,EF-PS906TBEGWW,8806092992580
90043560,Samsung Galaxy S22+ Silicone Cover Butter Yellow,39.00,22.04,0,EF-PS906TYEGWW,8806092992535
90043635,Samsung Galaxy S22 Ultra Silicone with Strap Cover Navy,69.00,39.00,0,EF-GS908TNEGWW,8806094025064
90044235,In Touch Samsung S21FE Milano Wallet Case Black,34.95,18.23,0,IT-MIL4056,6009707688867
90044325,Gear4 Denali iPhone 13 Case  Black,69.95,36.49,0,702008212,840056146655
90044855,Samsung A33 Smart S View Wallet Cover Black,69.00,45.00,0,EF-EA336PBEGWW,8806094237825
90044870,Samsung A33 Card Slot Cover Peach,29.00,13.87,0,EF-OA336TPEGWW,8806094237634
90044880,Samsung A53 5G Smart S View Wallet Cover Black,69.00,45.00,0,EF-EA536PBEGWW,8806094237801
90044896,Samsung A53 Silicone Cover Artic Blue,39.00,25.43,0,EF-PA536TLEGWW,8806094243567
90045995,ZAGG Keyboard Messenger Case 2 Folio iPad 10.2 / 10.5" Charcoal,109.95,66.93,0,103007169,840056136670
90046035,In Touch A13 4G Milano Wallet Case Black,34.95,15.20,0,IT-MIL4090,6009707689178
90046050,In Touch A23 4G Milano Wallet Case Black,34.95,15.20,0,IT-MIL4131,6009707689345
90046995,In Touch iPhone 14/15/16e Vanguard Drop Protection Case Clear,29.95,13.02,0,IT-VAN4145,6009707689420
90047000,In Touch iPhone 14 Pro/15 Pro Vanguard Drop Protection Case Clear,29.95,13.02,0,IT-VAN4146,6009707689437
90047005,In Touch iPhone 14+/15+/16+ Vanguard Drop Protection Case Clear,29.95,13.02,387,IT-VAN4147,6009707689444
90047010,In Touch iPhone 14/15 Pro Max Vanguard Drop Protection Case Clear,29.95,13.02,0,IT-VAN4424,6009707689499
90047015,In Touch iPhone 14 Milano Wallet Case Black,34.95,18.23,0,IT-MIL4148,6009707689451
90047020,In Touch iPhone 14/15 Pro Milano Wallet Case Black,34.95,18.23,0,IT-MIL4149,6009707689468
90047025,In Touch iPhone 14+/15+ Milano Wallet Case Black,34.95,18.23,0,IT-MIL4150,6009707689475
90047030,In Touch iPhone 14/15 Pro Max Milano Wallet Case Black,34.95,18.23,0,IT-MIL4425,6009707689505
90047095,Samsung Galaxy Watch5 D-Buckle Sport Band Black,119.00,77.61,0,ET-SFR92LBEGWW,8806094527865
90049180,Samsung A04 Soft Clear Cover Black,25.00,11.96,0,EF-QA045TBEGWW,8806094619164
90049630,ITSKINS Samsung S23 SPECTRUM R CLEAR Transparent,44.95,27.36,0,SGJO-SPECM-TRSP,4894465399948
90049650,ITSKINS Samsung S23 Ultra BALLISTIC R NYLON Dark Blue,69.95,42.58,0,SGCR-HYBFS-DABL,4894465696290
90050105,Samsung S23 Smart View Wallet Black,75.00,47.48,0,EF-ZS911CBEGWW,8806094772623
90050120,Samsung S23 Smart View Wallet Cream,75.00,47.48,0,EF-ZS911CUEGWW,8806094886825
90050125,Samsung S23 Silicone Navy,45.00,27.70,0,EF-PS911TNEGWW,8806094770803
90050135,Samsung S23 Silicone Cream,45.00,27.70,0,EF-PS911TUEGWW,8806094770797
90050140,Samsung S23 Silicone Lavender,45.00,27.70,0,EF-PS911TVEGWW,8806094770773
90050145,Samsung S23 Silicone Orange,45.00,27.70,0,EF-PS911TOEGWW,8806094770810
90050150,Samsung S23 Clear Case Transparent,39.00,24.87,0,EF-QS911CTEGWW,8806094768909
90050155,Samsung S23 Leather Black,89.00,55.96,0,EF-VS911LBEGWW,8806094770421
90050160,Samsung S23 Leather Camel,89.00,55.96,0,EF-VS911LAEGWW,8806094770438
90050165,Samsung S23 Leather Green,89.00,55.96,0,EF-VS911LGEGWW,8806094770414
90050170,Samsung S23 Silicone Grip Black,75.00,44.65,0,EF-GS911TBEGWW,8806094768893
90050180,Samsung S23 Gadget Case Transparent,85.00,53.13,0,EF-XS911CTEGWW,8806094771190
90050185,Samsung S23 Rugged Black,95.00,55.96,0,EF-RS911CBEGWW,8806094902037
90050200,Samsung S23+ Smart View Wallet Green,75.00,47.48,0,EF-ZS916CGEGWW,8806094772869
90050205,Samsung S23+ Smart View Wallet Lavender,75.00,47.48,0,EF-ZS916CVEGWW,8806094772852
90050210,Samsung S23+ Smart View Wallet Cream,75.00,47.48,0,EF-ZS916CUEGWW,8806094886795
90050215,Samsung S23+ Silicone Navy,45.00,27.70,0,EF-PS916TNEGWW,8806094770643
90050235,Samsung S23+ Silicone Orange,45.00,27.70,0,EF-PS916TOEGWW,8806094770629
90050240,Samsung S23+ Clear Case Transparent,39.00,24.87,0,EF-QS916CTEGWW,8806094768831
90050250,Samsung S23+ Leather Camel,89.00,55.96,0,EF-VS916LAEGWW,8806094770407
90050255,Samsung S23+ Leather Green,89.00,55.96,0,EF-VS916LGEGWW,8806094770445
90050260,Samsung S23+ Silicone Grip Black,75.00,44.65,0,EF-GS916TBEGWW,8806094768879
90050270,Samsung S23+ Gadget Case Transparent,85.00,53.13,0,EF-XS916CTEGWW,8806094771183
90050275,Samsung S23+ Rugged Black,95.00,55.96,0,EF-RS916CBEGWW,8806094902020
90050295,Samsung S23 Ultra Smart View Wallet Lavender,75.00,47.48,0,EF-ZS918CVEGWW,8806094772715
90050315,Samsung S23 Ultra Silicone Cream,45.00,27.70,0,EF-PS918TUEGWW,8806094770575
90050330,Samsung S23 Ultra Clear Case Transparent,39.00,24.87,0,EF-QS918CTEGWW,8806094768824
90050335,Samsung S23 Ultra Leather Black,89.00,55.96,0,EF-VS918LBEGWW,8806094770377
90050340,Samsung S23 Ultra Leather Camel,89.00,55.96,0,EF-VS918LAEGWW,8806094770384
90050345,Samsung S23 Ultra Leather Green,89.00,55.96,0,EF-VS918LGEGWW,8806094770360
90050350,Samsung S23 Ultra Silicone Grip Black,75.00,44.65,0,EF-GS918TBEGWW,8806094768848
90050355,Samsung S23 Ultra Silicone Grip White,75.00,44.65,0,EF-GS918TWEGWW,8806094768855
90051015,Zagg Samsung S23 Crystal Palace Clear,59.95,36.49,0,102011108,840056177512
90051020,Zagg Samsung S23 Rio Snap Black,69.95,42.58,0,102011126,840056177697
90051030,Zagg Samsung S23+ Crystal Palace Clear,59.95,36.49,0,102011109,840056177529
90051035,Zagg Samsung S23+ Rio Snap Black,69.95,42.58,0,102011127,840056177703
90051045,Zagg Samsung S23 Ultra Crystal Palace Clear,59.95,36.49,0,102011110,840056177536
90051050,Zagg Samsung S23 Ultra Rio Snap Black,69.95,42.58,0,102011128,840056177710
90051200,Samsung A54 Silicone Cover Black,45.00,27.39,0,EF-PA546TBEGWW,8806094919561
90051280,Samsung A14 Card Slot Cover Black,25.00,15.22,0,EF-OA146TBEGWW,8806094851489
90052555,Samsung Galaxy Z Fold5 ECO-Leather Case Graphite,119.00,77.61,0,EF-VF946PBEGWW,8806095084442
90052565,Samsung Galaxy Z Fold5 Clear Gadget Clear,69.00,45.00,0,EF-XF946CTEGWW,8806095062600
90052890,Samsung Tab S9/S10 Ultra Smart Book Cover White,159.00,103.70,0,EF-BX910PWEGWW,8806095110486
90052925,Samsung Tab S9+ FE/10+ Smart Book Cover Black,149.00,97.17,0,EF-BX810PBEGWW,8806095119229
90053610,Samsung Galaxy Z Fold5 Standing Case With Strap Graphite,99.00,46.27,0,EF-MF946CBEGWW,8806095062617
90054255,In Touch Samsung A04 Vanguard Clear Case Clear,29.95,13.02,0,IT-VAN4505,6009707689734
90054265,In Touch Samsung A14 Vanguard Clear Case Clear,29.95,13.02,0,IT-VAN4708,6009553000448
90054270,In Touch Samsung A24 Vanguard Clear Case Clear,29.95,13.02,0,IT-VAN4717,6009553000387
90054285,Samsung Fold5/6 S Pen  Black,89.00,58.04,0,EJ-PF946BBEGWW,8806095036205
90054590,Samsung Tab A9+ Book Cover White,99.00,60.26,3,EF-BX210TWEGWW,8806095300528
90054595,Samsung Tab A9+ Book Cover Blue,99.00,60.26,15,EF-BX210TLEGWW,8806095300474
90054615,Samsung S23 FE Smart View Wallet Case Black,59.00,33.35,0,EF-ZS711CBEGWW,8806095225975
90054620,Samsung S23 FE Smart View Wallet Case White,59.00,33.35,0,EF-ZS711CWEGWW,8806095244471
90054625,Samsung S23 FE Smart View Wallet Case Mint,59.00,33.35,0,EF-ZS711CMEGWW,8806095244495
90054630,Samsung S23 FE Silicone Case Graphite,49.00,27.70,0,EF-PS711TBEGWW,8806095227887
90054635,Samsung S23 FE Silicone Case Apricot,49.00,27.70,0,EF-PS711TOEGWW,8806095227863
90054640,Samsung S23 FE Silicone Case Mint,49.00,27.70,0,EF-PS711TMEGWW,8806095227870
90054645,Samsung S23 FE Silicone Case White,49.00,27.70,0,EF-PS711TWEGWW,8806095227856
90054650,Samsung S23 FE Clear Gadget Case Transparent,65.00,36.74,0,EF-XS711CTEGWW,8806095225524
90054655,Samsung S23 FE Clear Case Transparent,39.00,22.04,0,EF-QS711CTEGWW,8806095225968
90054665,Samsung A05 Clear Cover Clear,19.00,9.09,0,GP-FPA055VAATW,6976068910114
90055640,In Touch iPhone 15 Plus Vanguard Clear Case Clear,29.95,13.02,0,IT-VAN4875,6009553001070
90055660,In Touch iPhone 15 Pro Max Vanguard Clear Case Clear,29.95,13.02,0,IT-VAN4877,6009553001117
90055670,In Touch Samsung A05 Vanguard Clear Case Clear,29.95,13.02,0,IT-VAN4857,6009553001131
90055680,In Touch Samsung A05s Vanguard Clear Case Clear,29.95,13.02,0,IT-VAN4858,6009553001155
90055690,In Touch Samsung A15 Vanguard Clear Case Clear,29.95,13.02,0,IT-VAN4863,6009553001179
90055720,In Touch Samsung A05 Milano Wallet Case Black,34.95,15.20,0,IT-MIL4867,6009553001230
90055725,In Touch Samsung A05s Milano Wallet Case Black,34.95,15.20,0,IT-MIL4868,6009553001247
90055730,In Touch Samsung A15 Milano Wallet Case Black,34.95,15.20,90,IT-MIL4869,6009553001254
90055755,In Touch Samsung S24 Ultra Milano Wallet Case Black,34.95,15.20,0,IT-MIL4884,6009553001308
90055770,In Touch Samsung S24 Ultra Vanguard Clear Case Clear,29.95,13.02,0,IT-VAN4887,6009553001339
90056220,Samsung S24 Smart View Wallet Black,75.00,45.65,0,EF-ZS921CBEGWW,8806095354682
90056290,Samsung S24 Clear Case Clear,39.00,23.74,0,GP-FPS921SAATW,8809894143648
90056420,Samsung S24+ Smart View Wallet Black,75.00,45.65,3,EF-ZS926CBEGWW,8806095354644
90056425,Samsung S24+ Smart View Wallet Light Green,75.00,45.65,0,EF-ZS926CGEGWW,8806095354637
90056480,Samsung S24+ Shield Case Light Gray,59.00,35.91,0,GP-FPS926SACJW,8809894143785
90056490,Samsung S24+ Clear Case Clear,39.00,23.74,0,GP-FPS926SAATW,8809894143655
90056605,Samsung S24 Ultra Silicone Case Violet,45.00,27.39,0,EF-PS928TVEGWW,8806095426778
90056620,Samsung S24 Ultra Smart View Wallet Black,75.00,45.65,0,EF-ZS928CBEGWW,8806095354606
90056630,Samsung S24 Ultra Smart View Wallet Violet,75.00,45.65,1,EF-ZS928CVEGWW,8806095354590
90056660,Samsung S24 Ultra Flipsuit Case Yellow,69.00,42.00,0,EF-MS928CYEGWW,8806095498485
90056665,Samsung S24 Ultra Vegan Leather Case Taupe,59.00,35.91,0,GP-FPS928HCAAW,6974994161198
90056670,Samsung S24 Ultra Vegan Leather Case Black,59.00,35.91,0,GP-FPS928HCABW,6974994161136
90056680,Samsung S24 Ultra Shield Case Light Gray,59.00,35.91,0,GP-FPS928SACJW,8809894143808
90056685,Samsung S24 Ultra Shield Case Dark Violet,59.00,35.91,0,GP-FPS928SACVW,8809894143815
90056690,Samsung S24 Ultra Clear Case Clear,39.00,23.74,0,GP-FPS928SAATW,8809894143662
90057370,Samsung A15 Card Slot Cover Blue Black,29.00,17.65,0,EF-OA156TBEGWW,8806095450223
90057385,Samsung A25 Card Slot Cover Blue Black,29.00,17.65,39,EF-OA256TBEGWW,8806095236124
90058030,Samsung A55 Smart View Wallet Case Black,69.00,42.00,98,EF-ZA556CBEGWW,8806095546599
90058035,Samsung A55 Smart View Wallet Case White,69.00,42.00,0,EF-ZA556CWEGWW,8806095546575
90058040,Samsung A55 Smart View Wallet Case Lavender,69.00,42.00,0,EF-ZA556CVEGWW,8806095546582
90058045,Samsung A55 Silicone Case Black,39.00,23.74,91,EF-PA556TBEGWW,8806095542560
90058050,Samsung A55 Silicone Case Light Blue,39.00,23.74,7,EF-PA556TLEGWW,8806095542454
90058055,Samsung A55 Silicone Case Lime,39.00,23.74,0,EF-PA556TMEGWW,8806095542447
90058060,Samsung A55 Standing Grip Case Blue Black,79.00,48.09,0,EF-GA556TBEGWW,8806095542522
90058065,Samsung A55 Standing Grip Case Gray,79.00,48.09,0,EF-GA556TJEGWW,8806095542515
90058070,Samsung A55 Clear Case Transparancy,29.00,17.65,0,EF-QA556CTEGWW,8806095546636
90058080,Samsung A35 Smart View Wallet Case Black,69.00,42.00,125,EF-ZA356CBEGWW,8806095546629
90058085,Samsung A35 Smart View Wallet Case White,69.00,42.00,0,EF-ZA356CWEGWW,8806095546605
90058090,Samsung A35 Smart View Wallet Case Lavender,69.00,42.00,0,EF-ZA356CVEGWW,8806095546612
90058095,Samsung A35 Silicone Case Black,39.00,23.74,157,EF-PA356TBEGWW,8806095542508
90058100,Samsung A35 Silicone Case Light Blue,39.00,23.74,50,EF-PA356TLEGWW,8806095542478
90058105,Samsung A35 Silicone Case Lime,39.00,23.74,0,EF-PA356TMEGWW,8806095542461
90058110,Samsung A35 Card Slot Case Black,29.00,17.65,41,EF-OA356TBEGWW,8806095542492
90058115,Samsung A35 Card Slot Case Lime,29.00,17.65,0,EF-OA356TMEGWW,8806095542485
90058120,Samsung A35 Clear Case Transparancy,29.00,17.65,0,EF-QA356CTEGWW,8806095546643
90059020,In Touch Samsung A35 Vanguard Drop Protection Case Clear,29.95,13.02,110,IT-VAN4921,6009553001391
90059030,In Touch Samsung A35 Milano Wallet Case Black,34.95,15.20,92,IT-MIL4923,6009553001414
90059045,In Touch Samsung A55 Milano Wallet Case Black,34.95,15.20,231,IT-MIL4926,6009553001445
90059050,In Touch Samsung A55 Vanguard Drop Protection Case Clear,29.95,13.02,60,IT-VAN4924,6009553001421
90059480,Samsung Z Fold6 Silm S Pen Case Navy,159.00,96.78,59,EF-OF95PCNEGWW,8806095624198
90059500,Samsung Z Fold6 Clear Case with Strap Clear,69.00,42.00,16,EF-QF956CTEGWW,8806095613871
90059505,Samsung Z Fold6 Vegan Leather Case Grey,119.00,72.43,14,EF-VF956PJEGWW,8806095611860
90059510,Samsung Z Fold6 Vegan Leather Case Tan,119.00,72.43,1,EF-VF956PAEGWW,8806095611945
90059530,Samsung Z Fold6 Clear Case Clear,45.00,27.39,59,GP-FFF956YCATW,4897138060145
90059535,Samsung Z Flip6/7 FE Flipsuit Case Clear,69.00,42.00,1,EF-ZF741CTEGWW,8806095613895
90059545,Samsung Z Flip6/7 FE Flipsuit Case White,69.00,42.00,0,EF-ZF741CWEGWW,8806095705231
90059575,Samsung Z Flip6/7 FE Clear Case with Ring  Clear,59.00,35.91,18,EF-QF741CTEGWW,8806095613888
90060035,Samsung Z Flip6/7 FE Flipsuit Card Keith Haring Photo Yellow,25.00,15.22,4,GP-TOF741SBAYW,8800240236243
90061235,Samsung S24FE Smart View Wallet Case White,75.00,45.65,0,EF-ZS721CWEGWW,8806095768410
90061240,Samsung S24FE Smart View Wallet Case Mint,75.00,45.65,0,EF-ZS721CMEGWW,8806095768427
90061245,Samsung S24FE Smart View Wallet Case Blue,75.00,45.65,0,EF-ZS721CLEGWW,8806095768441
90061250,Samsung S24FE Silicone Case Black,45.00,27.39,79,EF-PS721CBEGWW,8806095769493
90061255,Samsung S24FE Silicone Case Gray,45.00,27.39,80,EF-PS721CJEGWW,8806095769486
90061260,Samsung S24FE Silicone Case Yellow,45.00,27.39,0,EF-PS721CYEGWW,8806095769462
90061265,Samsung S24FE Silicone Case Mint,45.00,27.39,0,EF-PS721CMEGWW,8806095769479
90061270,Samsung S24FE Silicone Case Blue,45.00,27.39,0,EF-PS721CLEGWW,8806095769509
90061280,Samsung S24FE Standing Grip Case Gray,79.00,48.09,0,EF-GS721CJEGWW,8806095765570
90061285,Samsung S24FE Standing Grip Case Yellow,79.00,48.09,0,EF-GS721CYEGWW,8806095765617
90061290,Samsung S24FE Flipsuit Case Yellow,75.00,45.65,0,EF-MS721CYEGWW,8806095772493
90061295,Samsung S24FE Flipsuit Case Red,75.00,45.65,0,EF-MS721CREGWW,8806095769967
90061360,Samsung Galaxy Tab S9 Book Cover Keyboard White,339.00,221.09,0,EF-DX725UWEGWW,8806095728926
90061365,Samsung Galaxy Tab S9 Book Cover Keyboard Slim Black,239.00,155.87,0,EF-DX720UBEGWW,8806095728940
90061370,Samsung Galaxy Tab S9 Smart Book Cover Blue,139.00,90.65,0,EF-BX710PLEGWW,8806095704722
90061375,Samsung Galaxy Tab S9 Smart Book Cover Orange,139.00,90.65,0,EF-BX710POEGWW,8806095704715
90062430,In Touch iPhone 16 Milano Wallet Case Black,34.95,18.23,0,IT-MIL4950,6009553001476
90062435,In Touch iPhone 16 Plus Milano Wallet Case Black,34.95,18.23,0,IT-MIL4953,6009553001506
90062440,In Touch iPhone 16 Pro Milano Wallet Case Black,34.95,18.23,0,IT-MIL4956,6009553001537
90062445,In Touch iPhone 16 Pro Max Milano Wallet Case Black,34.95,18.23,0,IT-MIL4959,6009553001568
90062470,In Touch iPhone 16 Vanguard Case Clear,29.95,13.02,0,IT-VAN4948,6009553002381
90062475,In Touch iPhone 16 Plus Vanguard Case Clear,29.95,13.02,49,IT-VAN4951,6009553002398
90062480,In Touch iPhone 16 Pro Vanguard Case Clear,29.95,13.02,255,IT-VAN4954,6009553002435
90062485,In Touch iPhone 16 Pro Max Vanguard Case Clear,29.95,13.02,50,IT-VAN4957,6009553002459
90062490,In Touch Samsung A16 Vanguard Case Clear,29.95,13.02,0,IT-VAN5089,6009553002480
90062495,In Touch Samsung A06 Vanguard Case Clear,29.95,13.02,0,IT-VAN5080,6009553002466
90062510,In Touch Samsung A16 Milano Wallet Case Black,34.95,15.20,0,IT-MIL5090,6009553002497
90062515,In Touch Samsung A06 Milano Wallet Case Black,34.95,15.20,0,IT-MIL5085,6009553002473
90062530,Samsung Galaxy A16 Clear Case Clear,29.00,17.65,0,EF-QA166CTEGWW,8806095811819
90062535,ITSKINS Samsung A06 Spectrum Clear Transparent,39.95,20.84,0,SG6O-SPECM-TRSP,4894465382513
90062540,ITSKINS Samsung A16 Spectrum Clear Transparent,39.95,20.84,0,SG1O-SPECM-TRSP,4894465453909
90062565,ITSKINS Samsung Galaxy S24FE Spectrum Clear Transparent,39.95,20.84,80,SG4F-SPECM-TRSP,4894465212438
90062585,Zagg Samsung A16 Bundle Glass SP and Case Clear,59.95,31.50,8,700517194,840390341358
90062980,In Touch iPhone 16 Silicone Case Black,34.95,18.23,0,IT-SIL5105,6009553001964
90062985,In Touch iPhone 16 Plus Silicone Case Black,34.95,18.23,0,IT-SIL5106,6009553001971
90062990,In Touch iPhone 16 Pro Silicone Case Black,34.95,18.23,0,IT-SIL5107,6009553001988
90062995,In Touch iPhone 16 Pro Max Silicone Case Black,34.95,18.23,0,IT-SIL5108,6009553002114
90063000,In Touch iPhone 16 Silicone Case with Magsafe Black,39.95,20.15,233,IT-SIL5111,6009553002350
90063005,In Touch iPhone 16 Plus Silicone Case with Magsafe Black,39.95,20.15,0,IT-SIL5112,6009553002138
90063010,In Touch iPhone 16 Pro Silicone Case with Magsafe Black,39.95,20.15,272,IT-SIL5113,6009553002404
90063015,In Touch iPhone 16 Pro Max Silicone Case with Magsafe Black,39.95,20.15,169,IT-SIL5114,6009553002442
90063085,In Touch Samsung S24FE Vanguard Case Clear,34.95,13.02,300,IT-VAN5081,6009553001995
90063090,In Touch Samsung S24FE Milano Wallet Case Black,39.95,18.23,300,IT-MIL5087,6009553002053
90063110,Samsung S25 Standing Grip Case Black,85.00,48.04,320,EF-GS931CBEGWW,8806095867786
90063115,Samsung S25 Standing Grip Case Grey,85.00,48.04,95,EF-GS931CJEGWW,8806095867779
90063125,Samsung S25 Silicone  Case Black,45.00,25.43,185,EF-PS931CBEGWW,8806095881348
90063135,Samsung S25 Silicone  Case Light Blue,45.00,25.43,65,EF-PS931CLEGWW,8806095881331
90063150,Samsung S25 Kindsuit  Case Black,95.00,53.70,19,EF-VS931PBEGWW,8806095850641
90063175,Samsung S25 Flipsuit  Case White,75.00,42.39,16,EF-MS931CWEGWW,8806095970615
90063185,Samsung S25 Rugged  Case Black,79.00,44.65,21,EF-RS931CBEGWW,8806095971933
90063200,Samsung S25 Clear Magnet Case Transparent,59.00,25.65,1,GP-FFS931YCATW,4897138060213
90063210,Samsung S25+ Standing Grip  Case Black,85.00,48.04,0,EF-GS936CBEGWW,8806095867762
90063225,Samsung S25+ Silicone  Case Black,45.00,25.43,3,EF-PS936CBEGWW,8806095881294
90063250,Samsung S25+ Kindsuit  Case Black,95.00,53.70,14,EF-VS936PBEGWW,8806095850610
90063300,Samsung S25+ Clear Magnet Case Transparent,59.00,25.65,5,GP-FFS936YCATW,4897138060220
90063310,Samsung S25 Ultra Standing Grip  Case Black,85.00,48.04,0,EF-GS938CBEGWW,8806095867809
90063315,Samsung S25 Ultra Standing Grip  Case Grey,85.00,48.04,0,EF-GS938CJEGWW,8806095867731
90063320,Samsung S25 Ultra Standing Grip  Case White,85.00,48.04,0,EF-GS938CWEGWW,8806095867724
90063325,Samsung S25 Ultra Silicone  Case Black,45.00,25.43,139,EF-PS938CBEGWW,8806095879482
90063330,Samsung S25 Ultra Silicone  Case Grey,45.00,25.43,1,EF-PS938CJEGWW,8806095879475
90063345,Samsung S25 Ultra Silicone  Case Red,45.00,25.43,4,EF-PS938CREGWW,8806095879451
90063365,Samsung S25 Ultra Kindsuit  Case Camel,95.00,53.70,13,EF-VS938PFEGWW,8806095850665
90063385,Samsung S25 Ultra Rugged  Case Black,79.00,44.65,0,EF-RS938CBEGWW,8806095971919
90063400,Samsung S25 Ultra Clear Magnet Case Transparent,59.00,25.65,32,GP-FPS938SAATW,8809894146663
90063415,In Touch Oppo A17 Vanguard Case Clear,24.95,13.02,0,IT-VAN5115,6009553002251
90063420,In Touch Oppo A17 Milano Wallet Case Black,29.95,15.20,0,IT-MIL5116,6009553002268
90063430,In Touch Oppo A18 Vanguard Case Clear,24.95,13.02,0,IT-VAN5118,6009553002282
90063435,In Touch Oppo A18 Milano Wallet Case Black,29.95,15.20,0,IT-MIL5119,6009553002299
90063440,In Touch Oppo A60 5G Vanguard Case Clear,24.95,13.02,292,IT-VAN5121,6009553002305
90063445,In Touch Oppo A60 5G Milano Wallet Case Black,29.95,15.20,1,IT-MIL5122,6009553002312
90063455,In Touch Oppo A60 4G Vanguard Case Clear,24.95,13.02,0,IT-VAN5124,6009553002336
90063460,In Touch Oppo A60 4G Milano Wallet Case Black,29.95,15.20,299,IT-MIL5125,6009553002343
90063495,Zagg Samsung S25 Folio Wallet Black,59.95,31.28,0,702317860,840390348135
90063500,Zagg Samsung S25+ Folio Wallet Black,59.95,31.28,20,702317861,840390348142
90063505,Zagg Samsung S25 Ultra Folio Wallet Black,59.95,31.28,0,702317862,840390348159
90063815,Zagg Samsung S25 Crystal Palace Snap Case Clear,59.95,38.16,1,702317276,840390342195
90064275,Samsung Magnetic Card Wallet  PU leather Black,49.00,25.57,120,GP-TOU024SAGBW,8809894146670
90064340,Samsung A56 Rugged Case Black,35.00,16.74,0,EF-RA566CBEGWW,8806097072065
90064380,Samsung A36 Rugged Case Black,35.00,16.74,7,EF-RA366CBEGWW,8806097099604
90064405,Samsung A26 Rugged Case Black,35.00,16.74,0,EF-RA266CBEGWW,8806097076018
90064420,Samsung A26 Clear Case Clear,29.00,13.87,0,EF-QA266CTEGWW,8806097076025
90064560,In Touch iPhone 16e Vanguard Case Clear,34.95,13.02,133,IT-VAN5035,6009553002565
90064565,In Touch iPhone 16e Milano Wallet Case Black,39.95,18.23,299,IT-MIL5036,6009553002572
90064575,In Touch Samsung A26 Vanguard Case Clear,34.95,13.02,161,IT-VAN5038,6009553002596
90064580,In Touch Samsung A26 Milano Wallet Case Black,39.95,18.23,0,IT-MIL5039,6009553002602
90064595,In Touch Samsung A36 Vanguard Case Clear,34.95,13.02,374,IT-VAN5041,6009553002626
90064600,In Touch Samsung A36 Milano Wallet Case Black,39.95,18.23,98,IT-MIL5042,6009553002633
90064610,In Touch Samsung A56 Vanguard Case Clear,34.95,13.02,0,IT-VAN5050,6009553002718
90064615,In Touch Samsung A56 Milano Wallet Case Black,39.95,18.23,0,IT-MIL5051,6009553002725
90064625,In Touch Samsung S25 Military Case - 3m Clear,34.95,13.02,555,IT-MIL5053,6009553002749
90064630,In Touch Samsung S25 Milano Wallet Case Black,39.95,18.23,299,IT-MIL5044,6009553002657
90064640,In Touch Samsung S25+ Military Case - 3m Clear,34.95,13.02,300,IT-MIL5054,6009553002756
90064645,In Touch Samsung S25+ Milano Wallet Case Black,39.95,18.23,300,IT-MIL5046,6009553002671
90064655,In Touch Samsung S25 Ultra Military Case - 3m Clear,34.95,13.02,99,IT-MIL5055,6009553002763
90064660,In Touch Samsung S25 Ultra Milano Wallet Case Black,39.95,18.23,300,IT-MIL5048,6009553002695
90064885,ITSKINS iPhone 15 Spectrum R Clear,49.95,22.70,2,AP5N-SPECM-TRSP,4894465385699
90064920,Zagg iPhone 16e/15/14/13 Crystal Palace Snap Case Clear,59.95,31.28,0,702318190,840390351562
90065690,Otterbox Samsung A36 React Black,49.95,28.40,0,77-97780,840304795321
90065695,Otterbox Samsung A36 React Clear,49.95,28.40,0,77-97785,840304795420
90065700,Otterbox Samsung A36 React & Glass SP Bundle Clear,69.95,39.50,0,78-81487,840304796069
90065710,Otterbox Samsung A56 Defender Black,109.95,57.80,0,77-97788,840304795482
90065715,Otterbox Samsung A56 React Black,49.95,28.40,0,77-97791,840304795543
90065720,Otterbox Samsung A56 React Clear,49.95,28.40,0,77-97796,840304795642
90065725,Otterbox Samsung A56 React Clear/Black,49.95,28.40,0,77-97793,840304795581
90065730,Otterbox Samsung A56 React + Glass Screen Protector Clear,69.95,39.50,0,78-81486,840304796045
90065740,Otterbox Samsung A26 React Black,49.95,28.40,0,77-97662,840304790241
90065745,Otterbox Samsung A26 React Clear,49.95,28.40,0,77-97665,840304790302
90065750,Otterbox Samsung A26 React & Glass SP Bundle Clear,69.95,39.50,0,78-81478,840304790463
90066485,Zagg Samsung Flip7 Bridgetown Case Clear,79.95,41.22,0,702319715,840390366658
90066490,Zagg Samsung Flip7 Bridgetown Snap Case Clear,89.95,46.43,0,702319745,840390366917
90066495,Zagg Samsung Flip7 Bridgetown+  Case Black,89.95,46.43,0,702319718,840390366672
90066510,Zagg Samsung Fold7 Bridgetown Case Clear,79.95,41.22,0,702319719,840390366689
90066515,Zagg Samsung Fold7 Bridgetown Snap Case Clear,89.95,46.43,5,702319746,840390366924
90066520,Zagg Samsung Fold7 Bridgetown+  Case Black,89.95,46.43,0,702319746,840390366702
90066670,Zagg iPhone 17 Pro Max Santa Cruz Snap Pink Sorbet,69.95,36.28,0,702320856,840390377982
90066800,Samsung Z Flip7 Silicone Case with Ring Navy,69.00,39.00,0,EF-PF766TNEGWW,8806097466543
90066815,Samsung Z Flip7 Clear Case with Ring Clear,69.00,39.00,41,EF-QF766CTEGWW,8806097466482
90066845,Samsung Z Flip7 Clear Magnet Case Clear,69.00,39.00,0,GP-FFF766YCATW,4897138060480
90066865,Samsung Z Flip7 Capella Magnet Case Frosted Black,129.00,72.91,3,GP-FPF766PGBTW,8800283303421
90066870,Samsung Z Flip7 ThinFit Magnet Case Black,129.00,72.91,0,GP-FPF766PGABW,8800283303346
90066875,Samsung Z Fold7 Carbon Shield Back Cover Black,139.00,78.57,97,EF-XF966SBEGWW,8806097469179
90066920,Samsung Z Fold7 Clear Magnet Case Clear,79.00,44.65,98,GP-FFF966YCATW,4897138060497
90066925,Samsung Z Fold7 Capella Magnet Case Frost Black,129.00,72.91,21,GP-FPF966PGBTW,8800283303582
90069305,Arc Pulse iPhone 17 Pro Aluminium Matte Black,139.95,85.19,84,AP-AL-MBK-APL-IP-17-PRO-R,8721202611710
90069310,Arc Pulse iPhone 17 Pro Max Aluminium Matte Black,139.95,85.19,58,AP-AL-MBK-APL-IP-17-MAX-R,8721202611819
90069315,Arc Pulse iPhone 17 Pro Max Aluminium Polished Silver,179.95,115.01,36,AP-AL-PSL-APL-IP-17-MAX-R,8721202611826
90070090,Samsung A17 Card Slot Case Black,29.00,16.39,14,EF-OA176TBEGWW,8806097679905
90070265,In Touch Samsung A07 Vanguard Case Clear,29.95,13.02,500,IT-VAN5130,6009553002770
90070270,In Touch Samsung A07 Glass Screen Protector Clear,29.95,13.02,600,IT-SPG5131,6009553002787
90070275,In Touch Samsung A07 Milano Wallet Case Black,34.95,18.23,0,IT-MIL5132,6009553002794
90070280,In Touch Samsung A17/A16 Vanguard Case Clear,29.95,13.02,500,IT-VAN5133,6009553002800
90070285,In Touch Samsung A17 Glass Screen Protector Clear,29.95,13.02,0,IT-SPG5134,6009553002817
90070290,In Touch Samsung A17 Milano Wallet Case Black,34.95,18.23,0,IT-MIL5135,6009553002824
90070375,UAG Samsung Tab A9 Scout Case Black,79.95,35.11,1,224456B14040,840283919596
90070450,ITSKINS Galaxy A56 Charge Case Black,149.95,51.23,0,SGC3-BATCM-BLCK,4894465344443
90073535,ITSKINS Samsung A56 Spectrum Clear,39.95,20.84,3,SG5O-SPECM-TRSP,4894465239350
80002775,Mobling iPhone 12 Mini Drop Protection Case - Clear,39.95,17.37,0,,9420311512329
80002780,Mobling iPhone 12/12 Pro Drop Protection Case - Clear,39.95,15.63,0,,9420311512343
80002785,Mobling iPhone 12 Pro Max Drop Protection Case - Clear,39.95,17.37,1,,9420311512367
90023100,OtterBox iPhone SE 2/3rd Gen Symmetry Case - Black,69.95,42.58,0,77-56669,660543425793
90023120,OtterBox iPhone SE 2/3rd Gen Symmetry Case - Clear,59.95,36.52,0,77-56719,660543426271
90026855,OtterBox iPhone SE 2/3rd Gen Symmetry Case Disney - Mickey Line,74.99,45.65,1,77-60262,660543476092
90028955,ITSKINS iPhone 11 SPECTRUM CLEAR Case - Transparent,39.99,24.34,0,APXI-SPECM-TRSP,4894465534486
90029200,Otterbox iPhone 11 Symmetry Case - Black,69.95,41.72,0,77-62467,660543511892
90029225,Otterbox iPhone 11 Symmetry Case - Clear,69.95,41.72,0,77-62474,660543511960
90029230,Otterbox iPhone 11 Symmetry Case - Stardust,69.95,41.72,0,77-62475,660543511977
90030340,Otterbox Samsung S20 Ultra Symmetry Case - Black,69.95,42.58,0,77-64219,840104202418
90030350,Otterbox Samsung S20 Ultra Symmetry Case - Stardust,69.95,42.58,0,77-64222,840104202449
90030395,Otterbox Samsung S20 Symmetry Case - Black,69.95,42.58,0,77-64194,840104202203
90030405,Otterbox Samsung S20 Symmetry Case - Stardust,69.95,42.58,0,77-64197,840104202234
90031095,ITSKINS Samsung A31 SPECTRUM CLEAR Case - Transparent,49.95,30.40,0,SG31-SPECM-TRSP,4894465719371
90031155,ITSKINS iPhone SE 2/3rd Gen Hybrid Folio Leather - Brown,69.95,41.72,0,APS2-HYBRF-BNRL,4894465123208
90031835,ITSKINS  iPhone 12 Mini SPECTRUM CLEAR Case - Transparent,49.95,30.40,0,AP2G-SPECM-TRSP,4894465438838
90031885,ITSKINS  iPhone 12/12 Pro SPECTRUM CLEAR Case - Transparent,49.95,28.66,0,AP3P-SPECM-TRSP,4894465740528
90031895,ITSKINS  iPhone 12/12 Pro Hybrid Folio Leather - Black,69.95,41.72,0,AP3P-HYBRF-BKRL,4894465640200
90031900,ITSKINS  iPhone 12/12 Pro Supreme Clear Case - Transparent,59.95,36.49,0,AP3P-SUPIC-TRSP,4894465332716
90031910,ITSKINS  iPhone 12 Pro Max SPECTRUM CLEAR Case - Transparent,49.95,30.40,5,AP4P-SPECM-TRSP,4894465947590
90033415,In Touch iPhone 7/8/SE Vanguard Drop Protection Case Clear,29.95,13.02,0,IT-VAN3513,6009707686979
90033430,In Touch iPhone 12 / 12 Pro Vanguard Drop Protection Case Clear,29.95,13.02,0,IT-VAN3515,6009707686993
90033450,In Touch Samsung A01 Vanguard Drop Protection Case Clear,29.95,13.02,0,IT-VAN3519,6009707687037
90034975,In Touch Samsung A02s Vanguard Drop Protection Case Clear,29.95,13.02,0,IT-VAN3589,6009707687747
90034985,In Touch Samsung A52 Vanguard Drop Protection Case Clear,29.95,13.02,0,IT-VAN3591,6009707687761
90034990,In Touch Samsung A72 Vanguard Drop Protection Case Clear,29.95,13.02,0,IT-VAN3592,6009707687778
90035035,In Touch Samsung S21 Plus Vanguard Drop Protection Case Clear,29.95,13.02,0,IT-VAN3587,6009707687648
90035040,In Touch Samsung S21 Ultra Vanguard Drop Protection Case Clear,29.95,13.02,0,IT-VAN3588,6009707687655
90038560,ITSKINS iPhone 13 Spectrum Clear Transparent,39.95,23.46,14,AP2R-SPECM-TRSP,4894465308803
90040140,Otterbox iPad 7/8th Gen Defender Case - Black,139.95,77.66,0,77-62032,660543503415
90041815,In Touch Samsung S22 Vanguard Drop Protection Case Clear,29.95,13.02,0,IT-VAN4028,6009707688379
90041825,In Touch Samsung S22 Ultra Vanguard Drop Protection Case Clear,29.95,13.02,0,IT-VAN4030,6009707688393
90044240,In Touch Samsung S21FE Vanguard Drop Protection Case Clear,29.95,13.02,0,IT-VAN4057,6009707688874
90046025,In Touch A53 5G Vanguard Drop Protection Case Clear,29.95,13.02,0,IT-VAN4088,6009707689154
90046040,In Touch A13 4G Vanguard Drop Protection Case Clear,29.95,13.02,0,IT-VAN4091,6009707689185
90046055,In Touch A23 4G Vanguard Drop Protection Case Clear,29.95,13.02,0,IT-VAN4132,6009707689352
90049665,Otterbox Samsung S23 Defender Black,109.95,66.93,0,77-91036,840304712182
90049670,Otterbox Samsung S23 Symmetry Black,79.95,48.67,0,77-91135,840304713172
90049680,Otterbox Samsung S23 Symmetry Clear,79.95,48.67,3,77-91213,840304713950
90049690,Otterbox Samsung S23+ Symmetry Black,79.95,48.67,43,77-91122,840304713042
90049710,Otterbox Samsung S23 Ultra Symmetry Black,79.95,48.67,33,77-91153,840304713356
90051885,Otterbox iPad 7-9th Gen React Folio Black,69.95,34.95,0,77-92194,840304725434
90051900,Otterbox iPad 10th Gen (A16) React Folio Black,69.95,42.50,7,77-92188,840304725373
90051905,Otterbox iPad 10th Gen (A16) React Folio Blue-Black,69.95,34.95,0,77-92189,840304725380
90051910,Otterbox iPad 10th Gen (A16) React Folio Red-Black,69.95,34.95,0,77-92190,840304725397
90051915,Otterbox iPad 10th Gen (A16) Defender Black,139.95,85.20,9,77-89953,840262399678
90052165,OtterBox iPhone 15 Defender XT Black,129.95,67.80,0,77-97534,840304783724
90052170,OtterBox iPhone 16e/15/14 Defender XT Clear,129.95,67.80,0,77-98196,840434707102
90052175,OtterBox iPhone 16e/15 Symmetry MagSafe Clear,89.95,46.93,0,77-93109,840304734849
90052185,OtterBox iPhone 16e/15/14/13 Symmetry MagSafe Black,89.95,46.95,36,77-92928,840304733071
90052285,OtterBox iPhone 15 Pro Symmetry MagSafe Black,89.95,46.93,1,77-92836,840304732180
90052335,OtterBox iPhone 15 Pro Max Symmetry MagSafe Clear,89.95,46.93,0,77-93081,840304734573
90052345,OtterBox iPhone 15 Pro Max Symmetry MagSafe Black,89.95,46.93,0,77-92897,840304732777
90052365,OtterBox iPhone 15 Pro Max Symmetry MagSafe Green,89.95,46.93,91,77-94040,840304744428
90054725,Otterbox Samsung S23 FE Symmetry Black,79.95,41.51,0,77-94860,840304754359
90054730,Otterbox Samsung S23 FE Symmetry Clear,79.95,41.51,0,77-94442,840304749973
90055075,OtterBox iPhone 15 Symmetry Black,79.95,48.67,0,77-92636,840304730278
90055155,OtterBox iPhone 15 Pro Strada MagSafe Black,119.95,73.01,0,77-93560,840304739196
90055505,Otterbox Samsung S24+ Symmetry Black,79.95,48.67,0,77-94545,840304751136
90055515,Otterbox Samsung S24+ Symmetry Clear Clear,79.95,48.67,3,77-94596,840304751648
90055580,Otterbox Samsung S24 Ultra Symmetry Black,79.95,48.67,0,77-94559,840304751273
90055590,Otterbox Samsung S24 Ultra Symmetry Clear Clear,79.95,48.67,0,77-94608,840304751761
90055600,Otterbox Samsung S24 Ultra Symmetry Clear Stardust Clear,79.95,48.67,0,77-94616,840304751846
90058765,Otterbox Sam Tab A9+ Defender Black,139.95,97.30,0,77-95006,840304755929
90058960,Otterbox Sam Tab A9+ React Folio Black,69.95,41.50,0,77-95385,840304760640
90059865,Otterbox iPad Air 11" (M2/M3) Defender Black,139.95,79.50,0,77-95220,840304758647
90059875,Otterbox iPad Air 11" (M2/M3) Symmetry Folio Black,99.95,56.50,0,77-95273,840304759194
90059880,Otterbox iPad Air 11" (M2/M3) Symmetry Folio Blue,99.95,56.50,0,77-95275,840304759217
90059885,Otterbox iPad Air 13" (M2/M3) Defender Black,169.95,96.70,0,77-95226,840304758708
90059895,Otterbox iPad Air 13" (M2/M3) Symmetry Folio Black,99.95,56.50,0,77-95264,840304759101
90059900,Otterbox iPad Air 13" (M2/M3) Symmetry Folio Blue,99.95,56.50,0,77-95266,840304759125
90059915,Otterbox iPad Pro 11" (M4) Symmetry Folio Purple,99.95,56.50,0,77-95256,840304759026
90059920,Otterbox iPad Pro 11" (M4/M5) Symmetry Folio Black,99.95,56.50,23,77-95257,840304759033
90059925,Otterbox iPad Pro 13" (M4) Defender Black,139.95,79.50,0,77-95232,840304758784
90059935,Otterbox iPad Pro 13" (M4) Symmetry Folio Purple,99.95,56.50,0,77-95260,840304759064
90059940,Otterbox iPad Pro 13" (M4) Symmetry Folio Black,99.95,56.50,24,77-95261,840304759071
90059960,Otterbox Flip6/7 FE Thin Flex Black,89.95,47.30,0,77-95816,840304766338
90059980,Otterbox Fold6 Defender Black,139.95,73.60,47,77-95803,840304766192
90059990,Otterbox Fold6 Thin Flex Black,99.95,52.50,107,77-95809,840304766260
90059995,Otterbox Fold6 Thin Flex Clear,99.95,52.50,98,77-95810,840304766277
90060520,Otterbox iPhone 16 Plus Defender MagSafe Black,109.99,57.80,0,77-95949,840304767854
90060525,Otterbox iPhone 16 Plus Defender XT Clear Clear/Black,129.99,67.80,0,77-96044,840304768721
90060530,Otterbox iPhone 16 Defender MagSafe Black,109.99,57.80,1,77-95961,840304767977
90060540,Otterbox iPhone 16 Fre MagSafe Black,139.99,85.19,0,77-96144,840304769681
90060560,Otterbox iPhone 16 Pro Defender MagSafe Black,109.99,57.80,0,77-95975,840304768110
90060565,Otterbox iPhone 16 Pro Defender MagSafe Green,109.99,57.80,0,77-95983,840304768196
90060575,Otterbox iPhone 16 Pro Fre MagSafe Black,139.99,85.19,0,77-96151,840304769759
90060580,Otterbox iPhone 16 Pro Symmetry MagSafe Clear,89.99,46.93,29,77-96393,840304772148
90060585,Otterbox iPhone 16 Pro Symmetry MagSafe Stardust,89.99,46.93,1,77-96405,840304772261
90060590,Otterbox iPhone 16 Pro Symmetry MagSafe Black,89.99,46.93,7,77-96561,840304773817
90060595,Otterbox iPhone 16 Pro Max Defender MagSafe Green,109.99,57.80,0,77-95997,840304768332
90060600,Otterbox iPhone 16 Pro Max Defender XT Clear Clear/Black,129.99,67.80,0,77-96124,840304769483
90060605,Otterbox iPhone 16 Pro Max Fre MagSafe Black,139.99,85.19,0,77-96158,840304769827
90060610,Otterbox iPhone 16 Pro Max Symmetry MagSafe Clear,89.99,46.93,0,77-96417,840304772377
90060625,Otterbox iPhone 16 Pro Max Defender MagSafe Black,109.99,57.80,1,77-95989,840304768257
90060630,Otterbox iPhone 16 Symmetry MagSafe Stardust,89.99,46.93,5,77-96381,840304772032
90060860,Otterbox iPhone 16 Plus Symmetry MagSafe Clear,89.99,46.93,0,77-96345,840304771684
90061380,Otterbox Samsung S24FE Defender Black,109.95,62.30,29,77-97095,840304780198
90061400,Otterbox Samsung S24FE React Clear/Black,49.95,28.40,0,77-97081,840304780068
90061405,Otterbox Samsung S24FE React Black,49.95,28.40,18,77-97080,840304780051
90061410,Otterbox Samsung S24FE React Clear,49.95,28.40,15,77-97082,840304780075
90061415,Otterbox Samsung S24FE React Starduct Clear,49.95,28.40,0,77-97083,840304780082
90061420,Otterbox Samsung S24FE React + Glass Clear,69.95,39.50,0,78-81470,840304781744
90061425,Otterbox Samsung S24FE Symmetry Black,79.95,41.51,157,77-97072,840304779970
90061430,Otterbox Samsung S24FE Symmetry Clear Clear,79.95,41.51,144,77-97076,840304780013
90061435,Otterbox Samsung S24FE Symmetry Clear Starduct Clear,79.95,41.51,0,77-97079,840304780044
90061555,Otterbox iPhone 16 Symmetry Cactus Leather Black,99.95,56.50,3,77-96301,840304771257
90061575,Otterbox iPhone 16 Plus Symmetry MagSafe Black,89.95,46.93,0,77-96523,840304773435
90061665,Otterbox iPhone 16 Pro MAX Defender XT Clear Brown/Clear,129.95,67.80,0,77-96128,840304769520
90061685,Otterbox iPhone 16 Pro MAX Fre MagSafe Purple,139.95,85.19,0,77-96160,840304769841
90061695,Otterbox iPhone 16 Symmetry MagSafe Rose,89.95,46.93,0,77-96538,840304773589
90063945,Otterbox Samsung S25+ Symmetry Clear Magnets Clear,89.95,46.93,0,77-97464,840304784509
90063980,Otterbox Samsung S25 Defender Black,109.95,57.80,15,77-97334,840304783168
90064000,Otterbox Samsung S25 Defender XT Clear Magnets Clear/Black,129.95,67.80,0,77-97580,840304788866
90064060,Otterbox Samsung S25 Symmetry Clear Magnets Clear,89.95,46.93,0,77-97403,840304786787
90064075,Otterbox Samsung S25 Symmetry Magnets Black,89.95,46.93,16,77-97396,840304784868
90064095,Otterbox Samsung S25 Ultra Defender Black,109.95,57.80,10,77-97479,840304786428
90064115,Otterbox Samsung S25 Ultra Defender XT Clear Magnets Clear/Black,129.95,67.80,0,77-97584,840304788941
90064175,Otterbox Samsung S25 Ultra Symmetry Clear Magnets Clear,89.95,46.93,0,77-97520,840304783823
90064180,Otterbox Samsung S25 Ultra Symmetry Clear Magnets Stardust,89.95,46.93,0,77-97524,840304783908
90064190,Otterbox Samsung S25 Ultra Symmetry Magnets Black,89.95,46.93,0,77-97513,840304786367
90067070,Otterbox iPhone 17 Pro Max Defender Pro Black,129.95,67.80,172,77-98392,840434711482
90067110,Otterbox iPhone 17 Defender Pro XT Black/Clear,129.95,67.80,8,77-98480,840434713240
90067125,Otterbox iPhone 17 Pro Max Defender Pro XT Black/Clear,129.95,67.80,547,77-98534,840434714322
90067140,Otterbox iPhone 17 Pro Defender Pro XT Black/Clear,129.95,67.80,529,77-98516,840434713967
90067295,Otterbox iPhone Air Symmetry Clear,89.95,46.93,240,77-98806,840434719761
90067325,Otterbox iPhone 17 Symmetry Clear,89.95,46.93,56,77-98781,840434719266
90067340,Otterbox iPhone 17 Symmetry Stardust,89.95,46.93,0,77-98788,840434719402
90067350,Otterbox iPhone 17 Pro Max Symmetry Black Tint,89.95,46.93,50,77-98876,840434721160
90067355,Otterbox iPhone 17 Pro Max Symmetry Clear,89.95,46.93,547,77-98856,840434720767
90067370,Otterbox iPhone 17 Pro Max Symmetry Stardust,89.95,46.93,0,77-98863,840434720903
90067380,Otterbox iPhone 17 Pro Symmetry Black Tint,89.95,46.93,75,77-98851,840434720668
90067385,Otterbox iPhone 17 Pro Symmetry clear,89.95,46.93,138,77-98831,840434720262
90067400,Otterbox iPhone 17 Pro Symmetry Stardust,89.95,46.93,95,77-98838,840434720408
90069900,Otterbox Samsung S25FE Symmetry Black,79.95,41.71,0,77-99258,840434728961
80002455,Mobling iPhone 11/XR Full Screen Glass Protector Clear,29.90,12.75,0,,9420311509558
80002545,Mobling Samsung A90 5G Full Screen Glass Protector - Clear,29.90,14.34,0,,9420311510295
80002615,Mobling iPhone SE 2/3rd Gen Full Screen Glass Protector - Clear,29.90,12.75,0,,9420311510875
80002625,Mobling Samsung A11 Full Screen Glass Protector - Clear,29.90,14.34,0,,9420311511186
80002640,Mobling Samsung A21S Full Screen Glass Protector - Clear,29.90,14.34,0,,9420311511209
80002655,Mobling Samsung A31 Full Screen Glass Protector - Clear,29.90,14.34,0,,9420311511223
80002685,Mobling Samsung A01 Full Screen Glass Protector - Clear,29.90,14.34,0,,9420311511384
80002790,Mobling iPhone 12 Mini Full Glass Screen Protector - Clear,39.95,17.37,0,,9420311512381
80002795,Mobling iPhone 12/12 Pro Full Glass Screen Protector - Clear,39.95,15.63,0,,9420311512404
80002880,Mobling Samsung A12 Full Screen Glass Protector - Clear,29.90,14.34,0,,9420311513425
80002895,Mobling Samsung A52 Full Screen Glass Protector - Clear,29.90,14.34,0,,9420311513449
80002910,Mobling Samsung A72 Full Screen Glass Protector - Clear,29.90,14.34,0,,9420311513463
80003100,Mobling Stick-On Card Holder - Black,9.95,3.46,144,,9420311514927
80003105,Mobling Samsung S21 FE Glass Screen Protector - Clear,39.95,15.60,0,,9420311514965
80003110,Mobling Samsung A22 5G Full Screen Glass Protector Clear,29.90,14.34,0,,9420311515023
80003155,Mobling iPhone 13/13 Pro Full Screen Glass Protector Clear,34.95,14.00,0,,9420311515450
80003160,Mobling iPhone 13 Pro Max Full Screen Glass Protector Clear,34.95,15.20,0,,9420311515474
80003190,Mobling Samsung Xcover 5 Glass Screen Protector Clear,29.90,14.34,0,,9420311515665
80003350,Mobling Samsung A53 5G Full Screen Glass Protector Clear,25.00,15.22,0,,9420311517249
80003565,Mobling iPhone 16e/14 Glass Screen Protector Clear,34.90,12.97,0,,9420311518222
80003580,Mobling iPhone 14 Pro Max Glass Screen Protector Clear,34.90,12.97,0,,9420311518284
80003655,Mobling Samsung S23 Glass Screen Protector Clear,34.95,17.48,0,,9420311519779
80003670,Mobling Smart V22 Screen Protector Clear,29.95,14.98,0,,9420311519830
80003725,Mobling Samsung A14 Glass Screen Protector Clear,34.90,15.17,0,,9420311520089
80003730,Mobling Samsung A24 Glass Screen Protector Clear,34.90,15.17,0,,9420311520102
80003740,Mobling Samsung A54 Glass Screen Protector Clear,34.90,15.17,0,,9420311520140
80004110,Mobling Samsung A26 Glass Screen Protector Clear,29.95,13.02,104,,9420311522601
80004120,Mobling Samsung A56 Glass Screen Protector Clear,29.95,13.02,0,,9420311522625
80004125,Mobling iPhone 16e/14/13 Glass Screen Protector Clear,29.95,13.02,159,,9420311522632
80004370,Mobling iPhone 17 Glass Screen Protector Clear,29.95,13.02,0,,9420311523653
80004375,Mobling iPhone Air Glass Screen Protector Clear,29.95,13.02,179,,9420311523660
80004380,Mobling iPhone 17 Pro Glass Screen Protector Clear,29.95,13.02,156,,9420311523677
80004385,Mobling iPhone 17 Pro Max Glass Screen Protector Clear,29.95,13.02,162,,9420311523684
80004390,Mobling Samsung A07 Glass Screen Protector Clear,29.95,16.93,449,,9420311523691
80004395,Mobling Samsung A17 / A26 Glass Screen Protector Clear,29.95,16.93,229,,9420311523707
80004400,Mobling Samsung S25FE Glass Screen Protector Clear,29.95,16.93,350,,9420311523714
90031110,Zagg Samsung S20 InvisibleShield Ultra - Screen Protector,39.95,20.84,0,200204858,840056115170
90031115,Zagg Samsung S20+ InvisibleShield Ultra - Screen Protector,39.95,20.84,0,200204859,840056115187
90031120,Zagg Samsung S20 Ultra InvisibleShield Ultra - Screen Protector,39.95,20.84,0,200204860,840056115194
90033460,In Touch iPhone 7/8/SE Glass Screen Protector Clear,29.95,13.02,0,IT-SPG3521,6009707687051
90033465,In Touch iPhone 11 Glass Screen Protector Clear,29.95,13.02,0,IT-SPG3543,6009707687273
90033475,In Touch iPhone 12 / 12 Pro Glass Screen Protector Clear,29.95,13.02,0,IT-SPG3523,6009707687075
90033495,In Touch Samsung A11 Glass Screen Protector Clear,29.95,13.02,0,IT-SPG3527,6009707687112
90033505,In Touch Samsung A31 Glass Screen Protector Clear,29.95,13.02,0,IT-SPG3529,6009707687136
90034995,In Touch Samsung A02s Glass Screen Protector Clear,29.95,13.02,0,IT-SPG3575,6009707687662
90035005,In Touch Samsung A52 Glass Screen Protector Clear,29.95,13.02,0,IT-SPG3577,6009707687686
90035010,In Touch Samsung A72 Glass Screen Protector Clear,29.95,13.02,0,IT-SPG3578,6009707687693
90035045,In Touch Samsung S21 Glass Screen Protector Clear,29.95,13.02,0,IT-SPG3572,6009707687570
90035050,In Touch Samsung S21 Plus Glass Screen Protector Clear,29.95,13.02,0,IT-SPG3573,6009707687587
90035055,In Touch Samsung S21 Ultra Glass Screen Protector Clear,29.95,13.02,0,IT-SPG3574,6009707687594
90040145,Otterbox iPad 7/8th Gen Alpha Glass Clear,89.95,46.93,0,77-62053,660543503934
90041685,Zagg iPhone 16e/13/13 Pro/14 Glass Elite Screen Protector Clear,49.95,26.06,0,200108728,840056148833
90041710,In Touch Samsung S22+ Glass Screen Protector Clear,29.95,13.02,0,IT-SPG4032,6009707688416
90041880,Zagg ISOD Vision Guard+ Smartphone Film Order in packs of 25,69.95,30.41,0,200208024,840056144354
90041890,Zagg ISOD Plotter ProCut M4 Replen Kit Store Kit,89.95,39.11,26,209908433,840056151666
90041895,Zagg ISOD Plotter ProCut M4 M4/M12 Machine - Blade Capsule Store Kit,14.95,8.67,5,209908435,840056151680
90043210,Zagg ISOD Ultra Vision Guard+ Tablet Film Order in packs of 10,99.95,43.46,0,200208026,840056144378
90043720,Zagg Samsung S22 Ultra InvisibleShield Fusion D30 Transparent,49.95,26.07,0,200309361,840056158887
90044245,In Touch Samsung S21FE Glass Screen Protector Clear,29.95,13.02,0,IT-SPG4058,6009707688881
90044370,Samsung Galaxy S22 Ultra Screen Protector Film Transparency,25.00,11.96,0,EF-US908CTEGWW,8806094289138
90045140,ZAGG Samsung A13 Glass+ Screen Protector Clear,20.00,12.17,0,100109668,840056167766
90045145,ZAGG Samsung A23 Glass+ Screen Protector Clear,20.00,12.17,0,100109695,840056162365
90045150,ZAGG Samsung A33 Glass+ Screen Protector Clear,20.00,12.17,0,100109669,840056167773
90045155,ZAGG Samsung A53 Glass+ Screen Protector Clear,20.00,12.17,0,100109670,840056167780
90045160,ZAGG Samsung A73 Glass+ Screen Protector Clear,20.00,12.17,0,100109671,840056167797
90045585,ZAGG Samsung Galaxy S22 Ultra InvisiShield Fusion XTR Clear,69.95,33.45,0,200309364,840056158917
90045615,ZAGG Apple iPhone 16e/14/13 InvisShield GLS ELT Vguard Clear,59.95,28.67,0,200108734,840056148895
90046000,Zagg ISOD M12 Large Cutting Mat 5PK,69.95,30.40,64,209908430,840056151635
90046015,In Touch A33 5G 2.5D Screen Protector Clear,29.95,13.02,0,IT-SPG4086,6009707689130
90046030,In Touch A53 5G 2.5D Screen Protector Clear,29.95,13.02,0,IT-SPG4089,6009707689161
90046045,In Touch A13 4G 2.5D Screen Protector Clear,29.95,13.02,0,IT-SPG4092,6009707689192
90046245,ZAGG ISOD Spray 4 Pack Liquid Spray Bottle 4 Pack,54.95,16.72,44,209904699,840056113190
90046985,In Touch iPhone 14 Plus Glass Screen Protector Clear,29.95,13.02,0,IT-SPG4144,6009707689413
90047740,Zagg iPhone 16e/14/13 Fusion Eco Glass SP Clear,69.95,42.58,42,200310159,840056166721
90047930,Zagg IS Samsung Fold 4 Glass Fusion ECO Clear,59.95,36.49,0,200310161,840056166745
90051060,Zagg Samsung S23 Glass Flex Clear,59.95,36.49,0,200310891,840056175204
90051065,Zagg Samsung S23+ Glass Flex Clear,59.95,36.49,0,200310892,840056175211
90051075,Zagg Samsung S23 Glass Flex XTR2 Clear,79.95,48.67,0,200310894,840056175235
90051080,Zagg Samsung S23+ Glass Flex XTR2 Clear,79.95,48.67,0,200310895,840056175242
90051150,Zagg IS iPad Pro 12.9" Glass Elite Clear,69.95,33.45,0,200110321,840056169029
90051160,Zagg ISOD Ultra Matte Smartphone 25pk,59.95,21.72,0,200209908,840056166776
90051165,Zagg ISOD Ultra Matte Phablet 10pk,59.95,26.07,890,200209909,840056164420
90051170,Zagg ISOD Ultra Matte Tablet 10pk,69.95,30.41,450,200209910,840056164437
90051780,Zagg Samsung A14 Bundle Case & Glass Screen Protector Clear,59.95,31.50,0,100511230,840056178649
90052585,Zagg Glass Elite iPhone 15 Screen Protector Clear,49.95,26.06,0,200111784,840056184893
90052595,Zagg Glass Elite iPhone 15Plus Screen Protector Clear,49.95,26.06,0,200111785,840056184909
90052600,Zagg Glass Elite iPh15 Pro Max Screen Protector Clear,49.95,26.06,1,200111787,840056184923
90052605,Zagg Glass iPhone 15 XTR3 Screen Protector Clear,79.95,41.71,0,200111800,840056185050
90052615,Zagg Glass iPhone 15 Pro XTR3 Screen Protector Clear,79.95,41.71,1,200111802,840056185074
90053530,Zagg iPhone 15/16 ISIM Glass+ Screen Protector Clear - 5pk,34.95,15.20,15,200113228,10811279030622
90053560,Zagg Privacy iPhone 15+/16+ Screen Protector,59.95,39.54,3,200111797,840056185029
90053625,Zagg ISIM Replen Kit,0.00,29.00,6,209912250,840056189737
90054260,In Touch Samsung A04 Glass Screen Protector Clear,29.95,13.02,0,IT-SPG4506,6009707689741
90054275,In Touch Samsung A14 Glass Screen Protector Clear,29.95,13.02,0,IT-SPG4711,6009553000455
90054280,In Touch Samsung A24 Glass Screen Protector Clear,29.95,13.02,0,IT-SPG4718,6009553000394
90054535,Zagg ISOD Wearable THP Take Home Packaging,0.01,0.01,390,200208130,840056145719
90054540,Zagg ISOD Mobile THP Take Home Packaging,0.01,0.01,979,200208131,840056145726
90054545,Zagg ISOD Tablet THP Take Home Packaging,0.01,0.01,289,200208132,840056145733
90054550,Zagg ISOD Tablet Large THP Take Home Packaging,0.01,0.01,490,200208133,840056145740
90054660,Samsung S23 FE Screen Protector Transparent,25.00,14.13,0,EF-US711CTEGWW,8806095225951
90054990,Zagg Samsung A05 ISIM Glass+ Screen Protector Clear - 5pk,34.95,15.20,0,100113450,840390302496
90055260,Zagg Samsung S24 ISIM XTR3 Glass Screen Protector Clear - 5pk,69.95,30.40,20,200314068,840390307644
90055280,Zagg Sam S24+ Glass Fusion Screen Protector,49.95,30.40,37,200313490,840390302786
90055285,Zagg Samsung S24 Ultra Glass Screen Protector,49.95,30.40,0,200313491,840390302793
90055635,In Touch iPhone 15 Glass Screen Protector Clear,29.95,13.02,0,IT-SPG4878,6009553001063
90055645,In Touch iPhone 15 Plus Glass Screen Protector Clear,29.95,13.02,0,IT-SPG4879,6009553001087
90055655,In Touch iPhone 15 Pro Glass Screen Protector Clear,29.95,13.02,0,IT-SPG4880,6009553001100
90055685,In Touch Samsung A05s Glass Screen Protector Clear,29.95,13.02,0,IT-SPG4860,6009553001162
90055705,In Touch Samsung A25 Glass Screen Protector Clear,29.95,13.02,0,IT-SPG4866,6009553001209
90055775,In Touch Samsung S24 Glass Screen Protector Clear,29.95,13.02,1,IT-SPG4888,6009553001346
90056185,Samsung S24 Screen Protector Clear,45.00,27.39,0,EF-US921CTEGWW,8806095452630
90056385,Samsung S24+ Screen Protector Clear,45.00,27.39,0,EF-US926CTEGWW,8806095452623
90056585,Samsung S24 Ultra Screen Protector Clear,45.00,27.39,0,EF-US928CTEGWW,8806095452616
90057845,Zagg ISOD Privacy Matte Smartphone 25pk,59.95,31.20,0,200211368,840056180338
90057850,Zagg ISOD Privacy Matte Medium 10pk,99.95,41.60,20,200211369,840056180345
90057855,Zagg ISOD Privacy Matte Large 10pk,149.95,57.30,700,200211370,840056180352
90058075,Samsung A55 Screen Protector Transparancy,25.00,15.22,0,EF-UA556CTEGWW,8806095542546
90058125,Samsung A35 Screen Protector Transparancy,25.00,15.22,0,EF-UA356CTEGWW,8806095542553
90058900,Zagg ISOD Elite Film Screen Protector - Wearable Order in qty of 25,29.95,13.02,0,200211364,840056180291
90058905,Zagg ISOD Elite Film Screen Protector -Smartphone Order in qty of 25,49.95,21.72,2450,200211365,840056180307
90058910,Zagg ISOD Elite Film Screen Protector -Medium Order in qty of 10,59.95,26.07,730,200211366,840056180314
90058915,Zagg ISOD Elite Film Screen Protector -Large Order in qty of 10,69.95,30.41,0,200211367,840056180321
90058920,Zagg ISOD Elite Matless Film Screen Protector -Wearable Order in qty of 25,29.95,13.02,0,200211433,840056181250
90058925,Zagg ISOD Elite Matless Film Screen Protector -Smartphone Order in qty of 25,49.95,21.72,0,200211434,840056181267
90058930,Zagg ISOD Extreme Film Screen Protector -Smartphone Order in qty of 25,59.95,26.07,0,200213414,840390301819
90058935,Zagg ISOD Extreme Matless Film Screen Protector -Smartphone Order in qty of 25,59.95,26.07,0,200213415,840390301826
90058940,Zagg ISOD Privacy Matte M-less Screen Protector -Smartphone Order in qty of 25,59.95,26.07,0,200213413,840390301802
90059025,In Touch Samsung A35 Glass Screen Protector Clear,29.95,13.02,1,IT-SPG4922,6009553001407
90059040,In Touch Samsung A55 Glass Screen Protector Clear,29.95,13.02,118,IT-SPG4925,6009553001438
90059445,Zagg ISOD Replacement Blade,0.00,6.95,155,209808756,840056149038
90059465,Zagg ISOD Defence Matless Wearables Order in qty's of 25,19.95,7.15,0,200211431,840056181236
90059470,Zagg ISOD Defence Matless Small (Mobile) Order in qty's of 25,29.95,13.02,0,200211432,840056181243
90059515,Samsung Z Fold6 Film Screen Protector - Front Clear 2pk,35.00,21.30,15,EF-UF956CTEGWW,8806095620084
90059890,Otterbox iPad Air 13" (M2/M3) Premium Glass Screen Protector Clear,49.95,21.70,0,77-95292,840304759385
90059910,Otterbox iPad Pro 11" (M4) Premium Glass Screen Protector Clear,49.95,21.70,0,77-95296,840304759422
90060085,Zagg Z Fold6 Glass Elite Front Screen Protector Clear,49.95,26.00,47,200114461,840390312907
90060090,Zagg Z Flip6/7 FE Glass Elite Front Screen Protector Clear,39.95,21.00,182,200114460,840390312891
90060635,Zagg iPhone 16/15 Glass Elite Screen Protector Clear,49.95,23.89,266,200114858,840390317063
90060640,Zagg iPhone 16/15 Plus Glass Elite Screen Protector Clear,49.95,23.89,0,200114859,840390317070
90060645,Zagg iPhone 16 Pro Glass Elite Screen Protector Clear,49.95,23.89,1,200114860,840390317087
90060655,Zagg iPhone 16/15 Privacy 360 Glass Screen Protector Clear,59.95,28.67,0,200114874,840390317223
90060660,Zagg iPhone 16/15 Plus Privacy 360 Glass Screen Protector Clear,59.95,28.67,0,200114875,840390317230
90060670,Zagg iPhone 16 Pro Max Privacy Glass Screen Protector Clear,59.95,28.67,0,200114877,840390317254
90060680,Zagg iPhone 16 Plus XTR4 Screen Protector Clear,69.95,33.45,1,200114879,840390317278
90060685,Zagg iPhone 16 Pro XTR4 Screen Protector Clear,69.95,33.45,1,200114880,840390317285
90060715,Zagg iPhone 15/16 Glass+ ISIM Screen Protector Clear - 5pk,34.95,15.20,85,200115649,840390324795
90060725,Zagg iPhone 16 Pro Glass+ ISIM Screen Protector Clear - 5pk,34.95,15.20,0,200115651,840390324818
90060730,Zagg iPhone 16 Pro Max Glass+ ISIM Screen Protector Clear - 5pk,34.95,15.20,5,200115652,840390324825
90060735,Zagg iPhone 16 XTR4 ISIM Screen Protector Clear - 5pk,69.95,33.45,0,200115657,840390324870
90060740,Zagg iPhone 16 Plus XTR4 ISIM Screen Protector Clear - 5pk,69.95,33.45,15,200115658,840390324887
90060745,Zagg iPhone 16 Pro XTR4 ISIM Screen Protector Clear - 5pk,69.95,33.45,188,200115659,840390324894
90060755,Zagg Samsung A06/A07 Glass+ ISIM Screen Protector Clear - 5pk,34.95,15.20,40,100116459,840390333162
90060760,Zagg Samsung S24FE Glass Elite Screen Protector Clear,49.95,23.89,42,200116577,840390334244
90061300,Samsung S24FE A/R Screen Protector Transparency,35.00,21.30,0,EF-US721CTEGWW,8806095761886
90061390,Otterbox Samsung S24FE Glass Clear,49.95,17.20,12,77-97114,840304780419
90061395,Otterbox Samsung S24FE Premium Glass Clear,69.95,24.60,0,77-97116,840304780433
90061480,Zagg Samsung S24FE Glass+ ISIM Screen Protector Clear - 5pk,34.95,15.20,135,200116951,840390338044
90061550,Otterbox iPhone 16 Glass Clear,49.95,21.70,6,77-96167,840304769919
90061570,Otterbox iPhone 16 Plus Glass Clear,49.95,21.70,0,77-96163,840304769872
90061635,Otterbox iPhone 16 Pro MAX Glass Clear,49.95,21.70,0,77-96175,840304769995
90062450,In Touch iPhone 15/16 Glass Screen Protector Clear,29.95,13.02,0,IT-SPG4949,6009553001469
90062455,In Touch iPhone 15 Plus/16Plus Glass Screen Protector Clear,29.95,13.02,0,IT-SPG4952,6009553001490
90062460,In Touch iPhone 16 Pro Glass Screen Protector Clear,29.95,13.02,0,IT-SPG4955,6009553001520
90062465,In Touch iPhone 16 Pro Max Glass Screen Protector Clear,29.95,13.02,0,IT-SPG4958,6009553001551
90062500,In Touch Samsung A16 Glass Screen Protector Clear,29.95,13.02,0,IT-SPG5091,6009553002510
90062505,In Touch Samsung A06 Glass Screen Protector Clear,29.95,13.02,0,IT-SPG5086,6009553002503
90062580,Zagg Samsung A16/A17 Glass+ ISIM Screen Protector Clear - 5pk,34.95,15.20,95,200117185,840390341266
90063095,In Touch Samsung S24FE Glass Screen Protector Clear,29.95,13.02,0,IT-SPG5088,6009553002060
90063425,In Touch Oppo A17/A18 Glass Screen protector Clear,24.95,13.02,0,IT-SPG5127,6009553002275
90063450,In Touch Oppo A60 4G/5G Glass Screen protector Clear,24.95,13.02,295,IT-SPG5128,6009553002329
90063525,Zagg Samsung S25 Glass+ ISIM Screen Protector Clear - 5pk,34.95,15.20,0,200117982,840390349439
90063530,Zagg Samsung S25+ Glass+ ISIM Screen Protector Clear - 5pk,34.95,15.20,0,200117983,840390349446
90063535,Zagg Samsung S25 Ultra Glass+ ISIM Screen Protector Clear - 5pk,34.95,15.20,0,200117984,840390349453
90063545,Zagg Samsung S25+ XTR ISIM Screen Protector Clear - 5pk,79.95,34.76,55,200117980,840390349415
90063795,Zagg Samsung S25 Ultra Privacy Screen Protector Privacy,59.95,38.16,0,200317224,840390341709
90063800,Zagg Samsung S25 XTR Screen Protector Clear,69.95,40.81,0,200117234,840390341808
90063810,Zagg Samsung S25 Ultra XTR Screen Protector Clear,69.95,40.81,0,200117236,840390341822
90064525,Zagg Samsung A26 Glass+ ISIM Screen Protector Clear - 5pk,34.95,15.20,0,200118339,840390352262
90064535,Zagg Samsung A36 Glass+ ISIM Screen Protector Clear - 5pk,34.95,15.20,20,200118103,840390350664
90064545,Zagg Samsung A56 Glass+ ISIM Screen Protector Clear - 5pk,34.95,15.20,0,200118104,840390350671
90064570,In Touch iPhone 16e/14/13 Glass Screen Protector Clear,29.95,13.02,145,IT-SPG5037,6009553002589
90064585,In Touch Samsung A26/A17 Glass Screen Protector Clear,29.95,13.02,125,IT-SPG5040,6009553002619
90064605,In Touch Samsung A36/A56/S24FE Glass Screen Protector Clear,29.95,13.02,0,IT-SPG5043,6009553002640
90064620,In Touch Samsung A56 Glass Screen Protector Clear,29.95,13.02,0,IT-SPG5052,6009553002732
90064635,In Touch Samsung S25 Glass Screen Protector Clear,29.95,13.02,20,IT-SPG5045,6009553002664
90064650,In Touch Samsung S25+ Glass Screen Protector Clear,29.95,13.02,299,IT-SPG5047,6009553002688
90064665,In Touch Samsung S25 Ultra Glass Screen Protector Clear,29.95,13.02,372,IT-SPG5049,6009553002701
90064715,Zagg iPhone 16e/13/14 Glass+ ISIM Screen Protector 5pk,34.95,15.20,0,200118557,840390355133
90064880,ITSKINS iPhone 15 Supreme Glass Clear,39.95,17.37,2,AP5N-SUGLS-TRSP,4894465373610
90065705,Otterbox Samsung A36 Glas Screen Protector Clear,49.95,17.20,0,77-97787,840304795468
90065735,Otterbox Samsung A56 Glass Screen Protector Clear,49.95,17.20,0,77-97798,840304795680
90065755,Otterbox Samsung A26 Glas Screen Protector Clear,49.95,17.20,0,77-97718,840304791606
90066500,Zagg Samsung Flip7 Glass Elite Screen Protector Clear,39.95,20.84,0,200119725,840390366733
90066525,Zagg Samsung Fold7 Glass Elite Screen Protector Clear,49.95,26.06,62,200119732,840390366795
90067585,Zagg iPhone 17 Pro Max Privacy Glass Screen Protector,59.95,28.67,0,200118666,840390356376
90067605,Zagg iPhone 17 Glass+ Screen Protector Bulk 5pk,34.95,15.20,0,200120495,840390374400
90067610,Zagg iPhone Air Glass+ Screen Protector Bulk 5pk,34.95,15.20,195,200120496,840390374417
90067615,Zagg iPhone 17 Pro Glass+ Screen Protector Bulk 5pk,34.95,15.20,0,200120497,840390374424
90067630,Zagg iPhone Air Glass XTR Screen Protector Bulk 5pk,69.95,30.41,0,200120500,840390374455
90067640,Zagg iPhone 17 Pro Max Glass XTR Screen Protector Bulk 5pk,69.95,30.41,0,200120502,840390374479
90067645,Zagg iPhone 17 Pro Max Glass+ Screen Protector Bulk 5pk,34.95,15.20,123,200120498,840390374431
90069785,Zagg Samsung S25FE Glass+ ISIM Glass Screen Protector Clear - 5pk,34.95,15.20,0,200120904,840390378460
90073805,Otterbox iPad A16 10th Gen Glass Screen Protector Clear,69.95,24.95,0,77-93950,840304743520
90094775,UAG Samsung Galaxy Tab A8 Scout Black,0.00,32.50,1,90094775,810070369279
90055330,Zagg Samsung S24 Lens Protector,24.95,15.10,0,100113971,840390306623
90055335,Zagg Samsung S24 Ultra Lens Protector,24.95,15.10,1,100113973,840390306647
90056820,Zagg Samsung S24+ Lens Protector,24.95,15.10,0,100113972,840390306630
90060705,Zagg iPhone 16/16 Plus Lux Lens Protector Clear,34.99,18.30,0,100115474,840390322869
90061075,Zagg iPhone 16/16 Plus Glass Camera Lens Protector Clear,24.95,15.19,0,200114886,840390317346
90061080,Zagg iPhone 16 Pro/Pro Max Camera Lens Protector Clear,24.95,15.19,0,200114888,840390317360
90063465,Zagg Samsung S25 Premium Lens Protector Clear,34.95,21.27,0,200117240,840390341860
90063470,Zagg Samsung S25+ Premium Lens Protector Clear,34.95,21.27,17,200117241,840390341877
90063475,Zagg Samsung S25 Ultra Premium Lens Protecor Clear,34.95,21.27,188,200117242,840390341884
90063555,Zagg Samsung S24FE Lens Protector - Black Ring Clear,34.95,21.27,179,200116584,840390334312
90066505,Zagg Samsung Flip7 Camera Rings Black,29.95,15.63,0,200119739,840390366856
90066530,Zagg Samsung Fold7 Camera Rings Black,29.95,15.63,0,200119741,840390366870
90067535,Zagg iPhone 17 Glass Camera Rings Black,29.95,18.23,0,200118678,840390356499
90067555,Zagg iPhone Air Glass Camera Rings Black,29.95,18.23,186,200118679,840390356505
90067575,Zagg iPhone 17 Pro/Pro Max Glass Camera Rings Black,29.95,18.23,67,200118680,840390356512
90058230,Creative Live!Cam Sync 4K Webcam Black,149.95,95.19,0,73VF092000000,5390660195570
90068290,Creative Live!Cam 4K Webcam Black,119.95,76.14,26,73VF092000000,5390660196706
90024915,Creative Pebble 2.0 Speaker USB - Black,54.95,34.88,60,51MF1680AA000,054651192027
90024920,Creative Pebble 2.0 Speaker USB - White,54.95,34.88,34,51MF1680AA001,054651192133
90027660,Creative Pebble Plus 2.1 Speaker USB Black,99.95,60.84,58,51MF0480AA000,054651192454
90032875,Creative Pebble V2 USB-C Powered Speaker Black,69.95,44.40,12,51MF1695AA000,54651192935
40034640,Samsung Buds Core  Black,0.00,66.11,0,SM-R410NZKAASA,8806097406631
40034645,Samsung Buds Core  White,0.00,66.11,0,SM-R410NZWAASA,8806097406624
40034650,Samsung Buds Core  Black,0.00,66.11,0,SM-R410NZKAASA,8806097406631
40034655,Samsung Buds Core  White,0.00,66.11,0,SM-R410NZWAASA,8806097406624
90034580,Samsung Earphones USB-C Version Black,45.00,29.35,0,EO-IC100BBEGWW,8806090270079
90035080,Samsung Earphones USB-C Version White,45.00,29.35,0,EO-IC100BWEGWW,8806090270031
90059430,Creative Zen Hybrid 2 Over Ear Headset Black,159.95,76.50,0,51EF1140AA001,5390660196003
40035710,Samsung Buds3 FE  Black,0.00,137.00,10,SM-R420NZKAASA,8806097621089
40035715,Samsung Buds3 FE  Grey,0.00,137.00,0,SM-R420NZAAASA,8806097621294
40035740,Samsung Buds3 FE  Black,0.00,137.00,0,SM-R420NZKAASA,8806097621089
40035745,Samsung Buds3 FE  Grey,0.00,137.00,0,SM-R420NZAAASA,8806097621294
90048690,Galaxy Buds2  Bora Purple,279.00,181.96,0,SM-R177NLVAASA,8806092612822
90048700,Galaxy Buds2  Graphite,279.00,181.96,0,SM-R177NZKAASA,
90062910,Creative Zen Air Pro In Ear ANC Headphones Black,139.95,66.93,5,51EF1090AA001,5390660196256
90062925,Creative Zen Air 2 In Ear Headphones Black,89.95,43.02,0,51EF1190AA000,5390660196218
90062930,Creative Outlier Go Open Ear Headphones Blue,139.95,66.93,0,51EF1210AA001,5390660196270
90021865,Audioengine HD6 Powered Speakers - Walnut,1199.00,834.09,2,HD6-INT-WAL,819955270143
90021870,Audioengine HD6 Powered Speakers - Satin Black,1199.00,834.09,6,HD6-INT-BLK,819955270167
90021895,Audioengine HD3 Powered Desktop Speakers - Walnut,599.00,416.70,3,HD3-WAL(115/230V),852225007032
90021900,Audioengine HD3 Powered Desktop Speakers - Satin Black,599.00,416.72,1,HD3-BLK (115/230V),852225007056
90021905,Audioengine 5+ Classic Powered Bookshelf Speakers - Satin Black,699.00,486.26,0,A5+INT-BLK (230V),819955230048
90021910,Audioengine 5+ Classic Powered Bookshelf Speakers - Hi-Gloss White,699.00,486.26,1,A5+INT-WHT,819955230024
90021955,Audioengine B2 Bluetooth Speaker - Walnut,349.00,242.78,0,B2+WAL (230V),819955270129
90022005,Audioengine S8 Powered Subwoofer - Hi-Gloss White,649.00,451.48,0,S8W (230V),819955120028
90022010,Audioengine S8 Powered Subwoofer - Satin Black,649.00,451.48,0,S8-INT-BLK (230V),819955110029
90023800,Audioengine HD3 Powered Desktop Speakers - Gloss White,599.00,416.70,2,HD3-WHT,852225007094
90023805,Audioengine 5+ Wireless Powered Speakers (pair) - Satin Black,849.00,590.61,21,A5+BT-INT-BLK,852225007063
90023810,Audioengine 5+ Wireless Powered Speakers (pair) - Gloss White,849.00,590.61,7,A5+BT-INT-WHT,852225007070
90023815,Audioengine 5+ Wireless Powered Speakers (pair) - Solid Bamboo,999.00,694.96,4,A5+BT - BAM,852225007087
90027125,Audioengine 2+ Wireless Desktop Speakers - Satin Black,499.00,347.13,16,A2+BT-BLK,852225007162 
90027130,Audioengine 2+ Wireless Desktop Speakers - Gloss White,499.00,347.13,7,A2+BT-INT-WHT,852225007179 
90027135,Audioengine 2+ Wireless Desktop Speakers - Gloss Red,429.00,312.00,8,A2+BT-RED,852225007186 
90032920,Audioengine A1 Wireless Speaker System,359.00,249.74,0,A1,852225007285
90039545,Creative T60 Premium 2.0 Speakers with BT,179.95,114.23,11,51MF1705AA002,054651194809
90048380,Creative Stage Air V2 Under Monitor Soundbar Black,129.95,82.49,53,51MF8395AA000,54651195059
90054250,Audioengine N22 (Gen2) Desktop Power Amplifier Satin Black,429.00,298.43,0,N22,852225007346
90057745,Audioengine 2+ Wireless Desktop Speakers - Blue,499.00,347.13,0,,852225007544
90057750,Audioengine HD6 Powered Speakers - White,1199.00,834.09,0,HD6-INT-WHT,852225007100
90062935,Audioengine S6 Powered Subwoofer Black,549.00,381.91,0,,860011449560
90062940,Audioengine S6 Powered Subwoofer White,549.00,381.91,0,,852225007575
90062945,Audioengine 5+ Wireless Powered Speakers (pair) - Blue,849.00,590.71,0,A5+BT-INT-BLK,860011449577
90064965,Audioengine B2 Bluetooth Speaker - White,349.00,242.73,0,B2+WHT (230V),852225007391
90064970,Audioengine 2+ (Next Gen) Wireless Desktop Speakers Green,499.00,347.13,0,A2+BT-INT-GRN,860011449584
90068960,Audioengine 2+ (Next Gen) Wireless Desktop Speakers Satin Black,499.00,347.13,0,A2+BT-BLK,852225007162 
90068965,Audioengine 2+ (Next Gen) Wireless Desktop Speakers Gloss White,499.00,347.13,0,A2+BT-INT-WHT,852225007179 
90068970,Audioengine 2+ (Next Gen) Wireless Desktop Speakers Blue,499.00,347.13,0,,852225007544
90022515,Creative Sound Blaster Play! 3 USB DAC Amp and Sound Card,49.95,32.58,20,70SB173000000,054651191273
90026910,Creative Sound BlasterX G6 Gaming Sound Card,269.95,187.79,6,70SB177000000,054651192249
90073790,Creative G6 USB-C Gaming Sound Card Black,269.95,187.79,0,70SB177000000,5390660196744
90021945,Audioengine B1 (Next Gen) Bluetooth Music Receiver Grey,299.00,208.00,0,B1,819955270099
90021970,Audioengine D1 32-Bit (Gen2) DAC/Headphone Amp Grey,299.00,208.00,7,D1,819955250039
90058845,Audioengine D1P 32Bit Portable DAC/AMP Grey,299.00,208.00,2,D1P,852225007384
80002245,Mobling Braided Cable USB-A to Lightning - 1.2m Black,24.95,10.87,0,S-DC-002-1.2M,9420311507882
80002255,Mobling Braided Cable USB-A to USB-C - 1.2m Black,24.90,10.87,1,S-TY-001-1.2M,9420311507905
80002425,Mobling Braided Cable USB-C to Lightning - 1.2m Black,24.95,10.87,1,S-TY-002-1.2M,9420311509299
80002430,Mobling Braided Cable USB-C to USB-C - 1.2m Black,24.95,10.87,0,S-TY-003-1.2M,9420311509312
80004030,Mobling Magnetic Cable USB-C to USB-C - 1.2m White,39.95,17.39,91,,9420311522267
80004035,Mobling GRS Braided Cable USB-C to USB-C - 1.2m Black,29.95,13.04,1744,,9420311522274
80004040,Mobling GRS Braided Cable USB-C to Lightning - 1.2m Black,44.95,19.56,787,,9420311522281
80004165,Mobling GRS Braided Cable USB-A to USB-C - 1.2m Black,29.95,13.04,63,,9420311522731
80004275,Mobling Magnetic Cable USB-C to USB-C - 1.2m Black,39.95,17.37,311,,9420311523172
80004280,Mobling Magnetic Cable USB-C to USB-C - 1.2m Pink,39.95,17.37,990,,9420311523189
90018542,Samsung Data/Charge Cable Combo USB Type C to Micro USB White,19.95,13.01,0,EP-DG930DWEGWW,8806088571447
90032590,Samsung Data/Charge Cable USB-C to USB-C (3A) Black,19.95,13.01,0,EP-DA705BBEGWW,8801643993566
90043270,Samsung Charging 1.8m Cable (3A) Black,35.00,19.78,0,EP-DX310JBEGWW,8806094043716
90043280,Samsung Charging 1.8m Cable (5A) Black,45.00,25.43,0,EP-DX510JBEGWW,8806094293500
90053305,Otterbox 2m Premium Pro Cable Lightning to C 60W Black,59.95,31.28,0,78-80890,840262378871
90063105,Mophie Essentials Cable 1m Braided 60W USB C to C Black,24.95,13.04,0,409912236,840056189560
80002235,Mobling Wall Charger Dual Port USB-C PD20W + 2.4A USB Black,34.95,15.23,0,,9420311507868
80002240,Mobling Car Charger Dual Port USB-C 20W + QC 3.0 18W Black,29.95,13.05,0,,9420311507875
80002965,Mobling USB-C PD20W Wall Charger White,29.95,13.03,0,,9420311513807
80002970,Mobling USB-C PD20W Wall Charger Black,29.95,13.03,0,,9420311513821
80003815,Mobling Wall Charger 25W USB-C Black,29.95,13.03,1,TCU4851,9420311521062
80003820,Mobling Wall Charger 25W USB-C White,29.95,13.03,6,TCU4852,9420311521086
80004010,Mobling Wall Charger 20W USBC White,24.95,10.85,0,,9420311522229
80004015,Mobling Wall Charger 20W USBC Black,24.95,10.85,0,,9420311522236
80004020,Mobling Wall Charger 30W USBC White,34.95,15.20,6,,9420311522243
80004025,Mobling Wall Charger 30W USBC Black,34.95,15.20,0,,9420311522250
80004045,Mobling Wireless Charger Qi2 Wireless Charging Pad White,59.95,31.25,0,,9420311522298
80004320,Mobling Car Charger Dual Port USB-C 45W + QC 3.0 Black,39.95,19.13,498,,9420311523455
80004325,Mobling Wall Charger 30W USBC Black,34.99,15.20,1957,S-TR-151R-1C30-AU,9420311523462
80004330,Mobling Wall Charger 30W USBC White,34.99,15.20,2582,S-TR-151R-1C30-AU,9420311523479
90021770,Samsung Charging Dual Car Charger USB-C White,49.95,32.58,1,113127,8806088592510
90028585,Samsung Charging Travel Adapter - 25W - USB-C Black,49.95,32.58,0,EP-TA800XBEGAU,8801643998974
90031065,In Touch Alarm Clock with Wireless Charger - Black,79.95,31.29,21,IT-WCC3038-BK,6009707685910
90033230,Samsung Charging Wireless Trio - Black,159.95,104.32,23,EP-P6300TBEGAU,8806090703782
90038385,Samsung 65W Charger Power Adapter Trio Black,99.00,64.57,0,EP-T6530NBEGAU,8806092673892
90038430,mophie Snap+ Wireless Vent Mount Black,99.95,52.15,0,401307636,840056140103
90043235,Samsung Charging Wireless Duo 15W Black,149.00,97.17,0,EP-P5400TBEGAU,8806092978720
90043240,Samsung Charging Wireless Single Pad 15W Black,99.00,64.57,2,EP-P2400TBEGAU,8806092978652
90043265,Samsung Charging Fast Car Charger Duo 40W Black,49.00,31.96,0,EP-L4020NBEGWW,8806094000764
90055620,Samsung 25W Charger Type C (no cable) Compact Black,35.00,22.83,0,EP-T2510NBEGAU,8806094912135
90055625,Samsung 25W Compact Charger Type C (no cable) White,35.00,22.83,0,EP-T2510NWEGAU,8806094912098
90058328,Samsung Charging Dual Car Charger MicroUSB Black,49.95,30.40,2,113017,8806088426402
90058965,Samsung 45W Charger With Cable Black,74.00,48.26,112,EP-T4511XBEGAU,8806095611921
90059075,Mophie 30W Charger & Cable Type C to C White,49.95,24.10,0,409912208,840056189300
90059080,Mophie 30W Charger & Cable Type C to C Black,49.95,20.95,0,409912212,840056189348
90060765,Mophie 45W GaN Wall Charger 2 x USB-C White,54.95,23.50,279,409912228,840056189508
90060770,Mophie 67W GaN Wall Charger 2 x USB-C White,89.95,50.00,146,409909306,840056158054
90060775,Mophie 120W GaN Wall Charger 3 x USB-C + USB A White,159.95,89.00,15,409909311,840056158108
90060780,Mophie 3 in 1 MS Travel Kit Phone- Watch-Pods Black,249.95,160.00,5,401311506,840056182561
90060785,Mophie 3 in 1 Qi2 Stand Apple/Android Compatible White,249.95,160.00,5,401314106,840390307941
90060790,Mophie 3 in 1 MS Ext Stand Phone- Watch-Pods Grey,279.95,179.00,3,401311463,840056181663
90064280,Samsung Qi2 Wireless Charger Single Pad Black,49.00,25.57,0,GP-PWU024WIBBW,8800289130007
90064290,Samsung Qi2 Wireless Car Charger Black,109.00,56.87,0,GP-PWU024WICBW,8800289130021
90064295,Samsung 45W SFC Charger USB C Without cable Black,59.00,35.91,746,EP-T4511NBEGAU,8806097078227
90065280,Otterbox Car Charger 25W - USB C Black,39.95,22.73,0,77-98234,840434707867
90065285,Otterbox Car Charger 32W - 20W USB C & 12W USB A Black,49.95,28.43,0,77-98235,840434707881
90065290,Otterbox Car Charger 65W - 2 x USB C Black,79.95,45.51,0,77-98236,840434707904
90065295,Otterbox Car Charger 100W - 2 x USB C Black,119.95,68.29,0,77-98237,840434707928
90065300,Otterbox Wall Charger 20W - USB C White,39.95,22.73,0,78-81352,840304749744
90065305,Otterbox Wall Charger 100W - 2 x USB C & 2 x USB A Black,199.95,113.86,0,78-81355,840304749775
90065310,Otterbox Wall Charger 30W - USB C White,49.95,28.43,0,78-81353,840304749751
90065315,Otterbox Wall Charger 30W - USB C Black,49.95,28.43,0,78-81351,840304749737
90065320,Otterbox Wall Charger 20W - USB C Black,39.95,22.73,0,78-81350,840304749720
90065325,Otterbox Wall Charger 65W - 2 x USB C (45W/25W) Black,99.95,56.90,0,78-81354,840304749768
90066415,Samsung Qi2 Wireless Stand 3 in 1 Charging Stand Black,229.00,119.48,0,GP-PWU024WIABA,8800289130298
90070015,Mophie Wireless Charging Stand 15W - Apple/Samsung Watch adp Black,139.95,89.87,8,401305844,840056125728
90070020,Mophie Snap+ Multi Device Travel Charger Black,199.95,119.23,16,401309743,840056162846
90058970,Samsung 20k mAh Battery Pack SFC 45W Beige,99.00,64.57,0,EB-P4520XUEGWW,8806095287263
90058975,Samsung 10k mAh Battery Pack Wireless SFC 25W Beige,79.00,51.52,0,EB-U2510XUEGWW,8806095287256
90060275,Samsung 10k mAh Battery Pack Wireless SFC 25W Beige,79.00,51.52,0,EB-U2510XUEGWW,BUNDLE
90060795,Mophie Powerbank 10k mAh 20W 2A1C Black,64.95,33.89,0,401112176,840056188983
90060800,Mophie Powerbank 10k mAh 20W 2A1C White,64.95,33.89,0,401112177,840056188990
90060805,Mophie Powerbank 20k mAh 20W 2A1C Black,84.95,44.32,0,401112178,840056189003
90060810,Mophie Powerbank 20k mAh 20W 2A1C White,84.95,44.32,0,401112179,840056189010
90065335,Otterbox Wireless Powerbank Magsafe 5K - 7.5W USB-C White,79.95,45.50,0,78-81463,840304781201
90065340,Otterbox Wireless Powerbank Magsafe 5K - 7.5W USB-C Black,79.95,45.50,0,78-81461,840304781188
90068580,Mophie Powerstation XL 20K 45W - Laptop Black,129.95,77.49,7,401114331,840390311641
90070025,Mophie Powerstation Mini 5K Red Bull,69.95,38.50,28,401118113,840390350763
90070030,Mophie Powerstation 10K Red Bull,99.95,55.02,0,401118114,840390350770
90024291,Emtec MicroSD Memory Card 16GB Class 10 With SD Adapter Gold,12.99,6.48,5,ECMSDM16GHC10GP,3126170112910
90024392,Emtec MicroSD Memory Card 32GB Class 10 With SD Adapter Gold,19.99,9.97,0,ECMSDM32GHC10GP,3126170112941
90024493,Emtec MicroSD Memory Card 64GB Class 10 With SD Adapter Gold,34.99,17.46,9,ECMSDM64GXC10GP,3126170142276
90027565,Emtec 256GB MicroSDXC with SD and USB Adapter Gold,0.00,52.15,2,90027565,3126170165008
90039729,Emtec SD Memory Card 16GB Class 10 - Gold,14.99,10.96,0,ECMSD16GHC10GP,3126170142078
90064994,Emtec MicroSD Memory Card128GB Class 10 With SD Adapter Gold,64.99,36.73,44,ECMSDM128GXC10GP,3126170142283
90023320,Emtec 32GB USB 30 Pack Refill Mixed Colours,29.99,12.85,7530,ECMMD32GC410BAG,3126170141880
90026495,Emtec Flashdrive 64GB C350 Brick USB 3.1 - Grey,22.99,14.92,0,ECMMD64GC353,3126170160003
90026500,Emtec Flashdrive 128GB C350 Brick USB 3.1 - Grey,44.99,29.29,0,ECMMD128GC353,3126170160034
90026920,Emtec Flashdrive 16GB C350 Brick USB 3.1 - Grey,8.77,5.87,0,ECMMD16GC353,3126170159946
90026930,Emtec Flashdrive 256GB C350 Brick USB 3.1 - Grey,74.81,50.04,0,ECMMD256GC353,3126170160065
90039687,Emtec Flashdrive 16GB C410 2 Pack - Blue/Red,27.99,11.43,0,ECMMD16GC410P2CB,3126170122452
90039712,Emtec USB 3.0 Flashdrive 32GB Click B100,22.99,15.37,0,ECMMD32GB103,3126170127846
90039713,Emtec USB 3.0 Flashdrive 64GB Click B100,32.99,21.24,0,ECMMD64GB103,3126170127877
90049955,Emtec 64GB USB 30 Pack Refill Mixed Colours,19.95,7.95,0,ECMMD64G2C410BAG,3126170141897
80004315,Mobling 2 in 1 Car Cradle Window Dash Mount Black,49.95,23.89,193,,9420311523257
90073596,Strike Universal Smartphone Alpha Vehicle Mount,99.00,68.87,0,AL-STK UNI,9342900002717
40034205,Samsung Watch8 Classic BT  Black,0.00,681.00,0,SM-L500NZKAXNZ,8806097433989
40034210,Samsung Watch8 Classic BT  White,0.00,681.00,0,SM-L500NZWAXNZ,8806097433804
40034215,Samaung Watch8 44mm BT  Dark Gray,0.00,517.00,0,SM-L330NDAAXNZ,8806097434283
40034220,Samaung Watch8 44mm BT  Silver,0.00,517.00,0,SM-L330NZSAXNZ,8806097434115
40034225,Samsung Watch8 40mm BT  Dark Gray,0.00,476.00,0,SM-L320NDAAXNZ,8806097434641
40034230,Samsung Watch8 40mm BT  Silver,0.00,476.00,0,SM-L320NZSAXNZ,8806097434467
40034300,Samsung 2025 Watch Ultra  Gray,0.00,887.00,0,SM-L705FZA1XNZ,8806097606000
40034305,Samsung Watch8 Classic BT  Black,0.00,681.00,0,SM-L500NZKAXNZ,8806097433989
40034310,Samsung Watch8 Classic BT  White,0.00,681.00,0,SM-L500NZWAXNZ,8806097433804
40034315,Samsung Watch8 44mm BT  Dark Gray,0.00,517.00,0,SM-L330NDAAXNZ,8806097434283
40034320,Samsung Watch8 44mm BT  Silver,0.00,517.00,0,SM-L330NZSAXNZ,8806097434115
40034325,Samsung Watch8 40mm BT  Dark Gray,0.00,476.00,0,SM-L320NDAAXNZ,8806097434641
40034330,Samsung Watch8 40mm BT  Silver,0.00,476.00,0,SM-L320NZSAXNZ,8806097434467
90048560,Samsung Galaxy Watch5 Pro LTE Black,849.00,553.70,0,SM-R925FZKAXNZ,8806094558142
90048635,Samsung Galaxy Watch5 40mm BT Silver,449.00,331.87,0,SM-R900NZSAXNZ,8806094543506
80004240,Mobling iPhone 17 Ess  Bundle(3MC\SP\30W\Cable) Clear,139.95,60.85,34,,9420311522908
80004245,Mobling iPhone Air Ess  Bundle(3MC\SP\30W\Cable) Clear,139.95,60.85,0,,9420311522915
80004250,Mobling iPhone 17 Pro Ess  Bundle(3MC\SP\30W\Cable) Clear,139.95,60.85,0,,9420311522922
80004255,Mobling iPhone 17 Pro Max Ess  Bundle(3MC\SP\30W\Cable) Clear,139.95,60.85,1,,9420311522939
90048465,ITSKINS iPhone 14 Pro Max Spec Spectrum + Glass Transparent,49.95,30.40,0,AP4M-SPTDC-TRSP,4894465384821
90048475,ITSKINS iPhone 14 PlusSpectrum Spectrum + Glass Transparent,49.95,30.40,0,AP4R-SPTDC-TRSP,4894465670214
90060280,Samsung Z Flip6/7 FE Accessory Bundle Case, 25W Charger, SmartTag2,139.00,84.61,0,ESAQ9UMBA38,9420311521949
90061175,Zagg Samsung A06 Bundle Glass SP and Case Clear,59.95,31.50,5,100516458,840390333155
90061180,Zagg Samsung S24FE Bundle Glass SP, Case, Charger Clear,129.95,73.20,0,100616665,840390335104
90063020,In Touch iPhone 16 Bundle Vanguard Case and SP Black,44.95,22.67,113,IT-VSP5099,6009553002367
90063025,In Touch iPhone 16 Plus Bundle Vanguard Case and SP Black,44.95,22.67,0,IT-VSP5100,6009553002176
90063030,In Touch iPhone 16 Pro Bundle Vanguard Case and SP Black,44.95,22.67,226,IT-VSP5101,6009553002411
90063035,In Touch iPhone 16 Pro Max Bundle Vanguard Case and SP Black,44.95,22.67,0,IT-VSP5102,6009553002190
90063040,In Touch iPhone 16 Bundle Vanguard Case and SP Clear,44.95,22.67,178,IT-VSP5093,6009553002374
90063045,In Touch iPhone 16 Plus Bundle Vanguard Case and SP Clear,44.95,22.67,0,IT-VSP5094,6009553002213
90063050,In Touch iPhone 16 Pro Bundle Vanguard Case and SP Clear,44.95,22.67,298,IT-VSP5095,6009553002428
90063055,In Touch iPhone 16 Pro Max Bundle Vanguard Case and SP Clear,44.95,22.67,0,IT-VSP5096,6009553002237
90063060,In Touch iPhone 16 Bundle 3m Drop Case and SP Clear,59.95,27.25,0,IT-CSP5082,6009553002008
90063065,In Touch iPhone 16 Plus Bundle 3m Drop Case and SP Clear,59.95,27.25,0,IT-CSP5092,6009553002244
90063070,In Touch iPhone 16 Pro Bundle 3m Drop Case and SP Clear,59.95,27.25,0,IT-CSP5083,6009553002015
90063080,In Touch iPhone 16 Pro Max Bundle 3m Drop Case and SP Clear,59.95,27.25,0,IT-CSP5084,6009553002022
90064520,Zagg Samsung A26 Case and Glass SP Bundle Clear,59.95,31.80,64,700518341,840390352286
90064530,Zagg Samsung A36 Case and Glass SP Bundle Clear,59.95,31.80,45,100618107,840390350701
90064540,Zagg Samsung A56 Case and Glass SP Bundle Clear,59.95,31.80,4,100618108,840390350718
90067690,Zagg iPhone 17 Pro Premium Smart Bundle Clear,264.00,156.68,27,700619333,840390362636
90067695,Zagg iPhone 17 Pro Max Premium Smart Bundle Clear,264.00,156.68,0,700619334,840390362643
90067700,Zagg iPhone 17 Pro Essential Bundle Clear,140.00,76.70,0,700619345,840390362759
90067705,Zagg iPhone 17 Pro Max Essential Bundle Clear,140.00,76.70,0,700619346,840390362766
80002845,Mobling Precision Universal Stylus Silver,9.95,4.33,0,,9420311512787
90022015,Audioengine DS1 (Small) Desktop Speaker Stands - Black,59.00,38.48,23,DS1,819955200010
90022020,Audioengine DS2 (Med-Large) Desktop Speaker Stands - Black,69.00,45.00,5,DS2,819955240016
90025015,Audioengine Replacement Part A2+ Power Supply,35.00,18.00,0,A2+ POWER SUPPLY,9420311507110
90032925,Audioengine B-Fi Multiroom Music Streamer,349.00,242.78,2,B-FI,852225007292
90039595,Samsung Galaxy Watch4 -Classic Sport Band (20mm, M/L) Green,59.00,38.48,0,ET-SFR87LGEGWW,8806092631625
90041205,Audioengine DS1M Desktop Speaker Stands (Small) Black,79.00,51.52,11,DS1M,852225007322
90045760,ZAGG Apple iPad 10.2" Keyboard Pro Keys Black,189.95,99.10,40,103407134,840056136151
90048365,ZAGG Apple iPad Air 13' (M2) Pro Keys Black,169.99,103.47,0,103407963,840056143562
90048370,ZAGG Apple iPad 10.2 Pro Keys Touch Black,139.99,85.21,1,103407950,840056143432
90053290,Samsung SmartTag2 1 Pack Black,49.00,31.96,0,EI-T5600BBEGWW,8806095031415
90053295,Samsung SmartTag2 1 Pack White,49.00,31.96,0,EI-T5600BWEGWW,8806095031408
90053300,Samsung SmartTag2 4 Pack Black 2 + White 2,159.00,103.70,0,EI-T5600KWEGWW,8806095031392
90056785,Samsung S24 Ultra S Pen Black,89.00,54.17,0,EJ-PS928BBEGWW,8806095483504
90056795,Samsung S24 Ultra S Pen Yellow,89.00,54.17,0,EJ-PS928BYEGWW,8806095483474
90058850,Audioengine DS2M Desktop Speaker Stands (Large) Black,89.00,58.04,0,DS2M,852225007582
90060865,Samsung X2 Watch Strap Marine Band Dark Gray,129.00,78.52,0,ET-SNL70MBEGWW,8806095617381
90060870,Samsung X2 Watch Strap Marine Band White Sand,129.00,78.52,0,ET-SNL70MWEGWW,8806095617367
90060875,Samsung X2 Watch Strap Marine Band Orange,129.00,78.52,0,ET-SNL70MOEGWW,8806095617350
90060880,Samsung X2 Watch Strap Marine Band Khaki,129.00,78.52,0,ET-SNL70MKEGWW,8806095617374
90060885,Samsung X2 Watch Strap Trial Band Dark Gray,129.00,78.52,0,ET-SVL70MBEGWW,8806095610054
90060890,Samsung X2 Watch Strap Trial Band White Sand,129.00,78.52,0,ET-SVL70MWEGWW,8806095609935
90060895,Samsung X2 Watch Strap Trial Band Orange,129.00,78.52,0,ET-SVL70MOEGWW,8806095609942
90060900,Samsung X2 Watch Strap PeakForm Band Dark Gray,129.00,78.52,0,ET-SBL70MBEGWW,8806095604862
90060905,Samsung X2 Watch Strap PeakForm Band White Sand,129.00,78.52,0,ET-SBL70MWEGWW,8806095604855
90060910,Samsung X2 Watch Strap PeakForm Band Orange,129.00,78.52,0,ET-SBL70MOEGWW,8806095604879
90060915,Samsung Watch 7 Strap Sports Band (S/M) Khaki,79.00,48.09,0,ET-SNL30SKEGWW,8806095610030
90060920,Samsung Watch 7 Strap Sports Band (S/M) Silver,79.00,48.09,0,ET-SNL30SSEGWW,8806095610016
90060925,Samsung Watch 7 Strap Sports Band (S/M) Cream,79.00,48.09,0,ET-SNL30SWEGWW,8806095610009
90060930,Samsung Watch 7 Strap Sports Band (S/M) Dark Gray,79.00,48.09,0,ET-SNL30SBEGWW,8806095610047
90060935,Samsung Watch 7 Strap Sports Band (S/M) Orange,79.00,48.09,0,ET-SNL30SOEGWW,8806095610023
90060940,Samsung Watch 7 Strap Sports Band (M/L) Khaki,79.00,48.09,0,ET-SNL31LKEGWW,8806095609973
90060945,Samsung Watch 7 Strap Sports Band (M/L) Silver,79.00,48.09,0,ET-SNL31LSEGWW,8806095609966
90060950,Samsung Watch 7 Strap Sports Band (M/L) Cream,79.00,48.09,0,ET-SNL31LWEGWW,8806095609959
90060955,Samsung Watch 7 Strap Sports Band (M/L) Dark Gray,79.00,48.09,0,ET-SNL31LBEGWW,8806095609997
90060960,Samsung Watch 7 Strap Sports Band (M/L) Orange,79.00,48.09,0,ET-SNL31LOEGWW,8806095609980
90060965,Samsung Watch 7 Strap Fabric Band (S/M) Khaki,79.00,48.09,0,ET-SVL30SKEGWW,8806095605449
90060970,Samsung Watch 7 Strap Fabric Band (S/M) Burgundy,79.00,48.09,0,ET-SVL30SEEGWW,8806095605463
90060975,Samsung Watch 7 Strap Fabric Band (S/M) White Sand,79.00,48.09,0,ET-SVL30SWEGWW,8806095605432
90060980,Samsung Watch 7 Strap Fabric Band (M/L) Khaki,79.00,48.09,0,ET-SVL31LKEGWW,8806095605456
90060985,Samsung Watch 7 Strap Fabric Band (M/L) Navy,79.00,48.09,0,ET-SVL31LNEGWW,8806095715391
90060990,Samsung Watch 7 Strap Fabric Band (M/L) White Sand,79.00,48.09,0,ET-SVL31LWEGWW,8806095605425
90060995,Samsung Watch 7 Strap Athlesure (S/M) Khaki,109.00,66.35,0,ET-SOL30SKEGWW,8806095647289
90061000,Samsung Watch 7 Strap Athlesure (S/M) Cream,109.00,66.35,0,ET-SOL30SWEGWW,8806095617329
90061005,Samsung Watch 7 Strap Athlesure (S/M) Pink,109.00,66.35,0,ET-SOL30SPEGWW,8806095617336
90061010,Samsung Watch 7 Strap Athlesure (M/L) Khaki,109.00,66.35,0,ET-SOL31LKEGWW,8806095647227
90061015,Samsung Watch 7 Strap Athlesure (M/L) Silver,109.00,66.35,0,ET-SOL31LSEGWW,8806095647180
90061020,Samsung Watch 7 Strap Athlesure (M/L) Sky Blue,109.00,66.35,0,ET-SOL31LLEGWW,8806095617305
90061035,Samsung Watch 7 Strap Milanese Band (M.L) Black,129.00,78.52,0,GP-TYL315SAABW,8809894145338
90061040,Samsung Watch 7 Strap Milanese Band (M.L) Silver,129.00,78.52,0,GP-TYL315SAASW,8809894145345
90069580,Otterbox Tumbler With Lid Black,49.95,7.76,0,77-63279,660543518471
90069585,Otterbox Tumbler With Lid Eggshell Blue,49.95,7.76,16,77-63280,660543518495
90069590,Otterbox Tumbler With Lid Blue,49.95,7.76,0,77-63281,660543518518
90069595,Otterbox Tumbler With Lid Lavender,49.95,9.00,0,77-63282,660543518532
90069600,Otterbox Tumbler With Lid White,49.95,7.76,0,77-63283,660543518556
40032190,Samsung A26 Rugged Case  Black,0.00,16.85,0,EF-RA266CBEGWW,8806097076018
40035750,Samsung Tab A9 Book Cover  Black,0.00,37.00,0,EF-BX110TBEGWW,8806095300511
40035755,Samsung Tab A9 Book Cover  Blue,0.00,37.00,0,EF-BX110TLEGWW,8806095300498
40035760,Samsung Tab A9 Book Cover  White,0.00,37.00,0,EF-BX110TWEGWW,8806095300504
40035765,Samsung Tab A11 Book Cover  Black,0.00,35.58,19,EF-BX130PBEGWW,
40035770,Samsung Tab A11 Book Cover  White,0.00,35.58,0,EF-BX130PWEGWW,
40035775,Samsung S25FE Standing Grip Cover Black,0.00,45.46,0,EF-GS731CBEGWW,8806097679554
40035780,Samsung S25FE Silicone Cover  Black,0.00,23.72,0,EF-PS731CBEGWW,8806097670117
40035785,Samsung S25FE Screen Protector  Transparent,0.00,19.76,0,EF-US731CTEGWW,8806097670025
40036105,Samsung A17 Card Slot Case  Black,0.00,5.88,0,EF-OA176TBEGWW,8806097679905
40036110,Samsung A17 Card Slot Case  Blue,0.00,5.88,0,EF-OA176TLEGWW,8806097679875
40036115,Samsung A17 Clear Case  Transparent,0.00,5.88,0,EF-QA176CTEGWW,8806097679868
40036120,Samsung S25FE Rugged  Black,0.00,15.44,0,EF-RS731CBEGWW,8806097670049
40028435,Samsung Buds3 Pro  Black,0.00,234.00,0,SM-R630NZAAASA,8806095661537
40004740,Samsung EU - Corded AC Plug NO COMMERCIAL VALUE White,0.00,1.00,0,,
40007625,Samsung Adapter - GH44-02981A NO COMMERCIAL VALUE,1.15,1.00,0,GH44-02981A,GH44-02981A
40010650,Samsung Adapter - GH44-02856A NO COMMERCIAL VALUE,1.15,1.00,780,GH44-02856A,GH44-02856A
40013385,Samsung GH44-03052A (NZ) NO COMMERCIAL VALUE White / Black,0.00,1.00,89,GH44-03052A,
40013390,Samsung GH44-03080A (NZ) NO COMMERCIAL VALUE White,0.00,1.00,20,GH44-03080A,
