Inventory Group,Product Name, RRP Incl GST , List Price ,Product Description,Long Description,Colour,EAN Number,Panasonic URL,
5170 PROJECTORS,PT-VMZ72," $9,060.00 "," $5,515.00 ",7.3K LM Laser LCD Projector,7.3K LM Laser LCD Projector,WHITE,9419690057705,,
5170 PROJECTORS,PT-VMZ72B," $9,060.00 "," $5,515.00 ",7.3K LM Laser LCD Projector BLK,7.3K LM Laser LCD Projector BLK,BLACK,9419690057712,,
5170 PROJECTORS,PT-MZ782W," $10,619.00 "," $6,464.00 ",7500lm 3LCD LASER PROJECTOR WHITE,7500lm 3LCD LASER PROJECTOR WHITE,WHITE,9419690057194,,
5170 PROJECTORS,PT-VMZ82B," $10,432.00 "," $6,350.00 ",8K LM Laser LCD Projector BLK,8K LM Laser LCD Projector BLK,BLACK,9419690057736,,
5170 PROJECTORS,PT-VMZ62," $7,564.00 "," $4,604.00 ",6.5K LM Laser LCD Projector,6.5K LM Laser LCD Projector,WHITE,9419690057682,,
5170 PROJECTORS,PT-VMZ62B," $7,564.00 "," $4,604.00 ",6.5K LM Laser LCD Projector BLK,6.5K LM Laser LCD Projector BLK,BLACK,9419690057699,,
5170 PROJECTORS,PT-VMZ82," $10,432.00 "," $6,350.00 ",8K LM Laser LCD Projector,8K LM Laser LCD Projector,WHITE,9419690057729,,
5170 PROJECTORS,PT-VMZ51," $5,441.00 "," $3,643.00 ",LCD LASER PROJECTOR 5.2K LM,"5,200 Lumens, WUXGA Laser Projector White",WHITE,9419690054483,https://oc.connect.panasonic.com/nz/en/pt-vmz71-series,
5170 PROJECTORS,PT-VMZ6ST," $9,498.00 "," $6,649.00 ",6.2K LM Short Throw Laser LCD Projector,6.2K LM Short Throw Laser LCD Projector,WHITE,9419690057767,,
5170 PROJECTORS,PT-VMZ7ST," $11,270.00 "," $7,889.00 ",7K LM Short Throw Laser LCD Projector,7K LM Short Throw Laser LCD Projector,WHITE,9419690057774,,
4800 AV ACCESSORIES,RZ-B110WDE-W, $84.99 , $32.17 ,True Wireless Earphones,"Ergonomic fit, 10mm Driver Unit, XBS, Touch Sensor, IPX4 Rated, Voice Assistant, USB C Charging, 6Hrs Playtime, 26Hrs with Case",WHITE,5025232920822,https://www.panasonic.com/nz/consumer/home-entertainment/headphones/true-wireless-earbuds/rz-b110w.html,
4800 AV ACCESSORIES,RZ-B110WDE-K, $84.99 , $32.17 ,True Wireless Earphones,"Ergonomic fit, 10mm Driver Unit, XBS, Touch Sensor, IPX4 Rated, Voice Assistant, USB C Charging, 6Hrs Playtime, 26Hrs with Case",BLACK,5025232920815,https://www.panasonic.com/nz/consumer/television-audio/headphones/wireless-earbuds/rz-b110w.html,
4800 AV ACCESSORIES,EAH-AZ40M2ES, $319.99 , $126.08 ,Technics True wireless Noise-Cancelling Earphones,"Active NoiseCancelling, 6mm Driver, Acoustic Control Chamber, Ambient Sound (Attention & Natural sound modes ), 3 Device Multipoint, Beamforming Mics for Clear Voice Calls, Voice Assistant Activation,",SILVER,5025232944194,https://www.technics.com/nz/products/headphones/true-wireless-earbuds/eah-az40m2.html,
4800 AV ACCESSORIES,EAH-AZ40M2EN, $319.99 , $126.08 ,Technics True wireless Noise-Cancelling Earphones,"Active NoiseCancelling, 6mm Driver, Acoustic Control Chamber, Ambient Sound (Attention & Natural sound modes ), 3 Device Multipoint, Beamforming Mics for Clear Voice Calls, Voice Assistant Activation,",ROSE GOLD,5025232944200,https://www.technics.com/nz/products/headphones/true-wireless-earbuds/eah-az40m2.html,
4800 AV ACCESSORIES,EAH-AZ40M2EK, $319.99 , $126.08 ,Technics True wireless Noise-Cancelling Earphones,"Active NoiseCancelling, 6mm Driver, Acoustic Control Chamber, Ambient Sound (Attention & Natural sound modes ), 3 Device Multipoint, Beamforming Mics for Clear Voice Calls, Voice Assistant Activation,",BLACK,5025232944187,https://www.technics.com/nz/products/headphones/true-wireless-earbuds/eah-az40m2.html,
4800 AV ACCESSORIES,EAH-AZ80E-S, $499.99 , $173.90 ,Technics Flagship True Wireless Noise Cancelling Earphones - Silver,"JustMyVoice Technology, Industryleading DualHybrid NoiseCancelling, 10mm Driver, Qi Wireless Charging, Acoustic Control Chamber, Ambient Sound (Attention & Natural sound modes ), 3 Device Multipoint,",SILVER,5025232929139,https://www.technics.com/nz/products/headphones/true-wireless-earbuds/eah-az80e.html,
4800 AV ACCESSORIES,EAH-AZ80E-K, $499.99 , $173.90 ,Technics Flagship True Wireless Noise Cancelling Earphones - Black,"JustMyVoice Technology, Industryleading DualHybrid NoiseCancelling, 10mm Driver, Qi Wireless Charging, Acoustic Control Chamber, Ambient Sound (Attention & Natural sound modes ), 3 Device Multipoint,",BLACK,5025232929122,https://www.technics.com/nz/products/headphones/true-wireless-earbuds/eah-az80e.html,
4800 AV ACCESSORIES,RZ-B310WDE-K, $159.99 , $54.77 ,True Wireless Earphones with Noise Cancelling,"Ergonomic fit, 10mm Driver Unit, Hybrid Noise Cancelling, XBS, Touch Sensor, IPX4 Rated, Voice Assistant, USB C Charging, 5Hrs Playtime, 20Hrs with Case ANC On",BLACK,5025232946846,https://www.panasonic.com/nz/consumer/home-entertainment/headphones/true-wireless-earbuds/rz-b310w.html,
4800 AV ACCESSORIES,EAH-AZ100E-N, $529.99 , $347.82 ,Technics Flagship True Wireless Noise Cancelling Earphones,"10mm Mag-Fluid Driver, Adaptive Noise Cancelling, Spatial Audio, Dolby Atmos, Voice Focused AI Speech, Qi Wireless Charging, 3 Device Multipoint,",CHAMPAGNE,5025232982790,https://www.technics.com/nz/products/headphones/true-wireless-earbuds/eah-az80e.html,
4800 AV ACCESSORIES,RB-M600BE-K, $209.99 , $78.25 ,Noise Cancelling Overear Headphone - Black,Noise Cancelling Overear M600 Headphone,BLACK,5025232963751,,
4800 AV ACCESSORIES,RB-M600BE-C, $209.99 , $78.25 ,Noise Cancelling Overear Headphone - Concrete,Noise Cancelling Overear M600 Headphone,WHITE,5025232963768,,
4800 AV ACCESSORIES,RB-HF630BE-W, $94.99 , $43.47 ,Wireless On Ear Headphone - White,Wireless On Ear,WHITE,5025232963812,https://www.panasonic.com/nz/consumer/television-audio/headphones/wireless-headphones/rb-hf630be.html,
4800 AV ACCESSORIES,RB-HF630BE-K, $94.99 , $43.47 ,Wireless On Ear Headphone - Black,Wireless On Ear Headphone,BLACK,5025232963799,https://www.panasonic.com/nz/consumer/television-audio/headphones/wireless-headphones/rb-hf630be.html,
4800 AV ACCESSORIES,RB-HF630BE-A, $94.99 , $43.47 ,Wireless On Ear Headphone - Blue,Wireless On Ear Headphone,BLUE,5025232963805,https://www.panasonic.com/nz/consumer/television-audio/headphones/wireless-headphones/rb-hf630be.html,
4800 AV ACCESSORIES,RP-TCM115E-W, $29.99 , $20.86 ,In Ear Wired Earphone with In-Line Mic,,WHITE,5025232882366,,
4800 AV ACCESSORIES,RP-HT161E-K, $42.99 , $9.56 ,Wired Over Ear Headphone,"30mm Driver unit, Full Size AV Style Band Headphones Black",BLACK,5025232476329,https://www.panasonic.com/nz/consumer/home-entertainment/headphones/over-ear-headphones/rp-ht161e.html,
4800 AV ACCESSORIES,RP-HV094GU-K, $11.99 , $4.34 ,In Ear Wired Earphone,"14.8mm Driver unit, 1.2m cord, Entry Level bud Style Earphone Black",,5025232483716,https://www.panasonic.com/nz/consumer/home-entertainment/headphones/in-ear-and-clip-earphones/rp-hv094gu.html,
4800 AV ACCESSORIES,RP-HJE125E-W, $21.99 , $6.95 ,In Ear Wired Earphone,"Canal Styled Ergo Fit Earphone, Changeable Earpads (3 sizes) White",WHITE,5025232711734,https://www.panasonic.com/nz/consumer/home-entertainment/headphones/in-ear-and-clip-earphones/rp-hje125e.html,
4800 AV ACCESSORIES,RP-HJE125E-A, $21.99 , $6.95 ,In Ear Wired Earphone,"Canal Styled Ergo Fit Earphone, Changeable Earpads (3 sizes) Blue",BLUE,5025232711741,https://www.panasonic.com/nz/consumer/home-entertainment/headphones/in-ear-and-clip-earphones/rp-hje125e.html,
4800 AV ACCESSORIES,RP-HJE125E-K, $21.99 , $6.95 ,In Ear Wired Earphone,"Canal Styled Ergo Fit Earphone, Changeable Earpads (3 sizes) Black",BLACK,5025232678129,https://www.panasonic.com/nz/consumer/home-entertainment/headphones/in-ear-and-clip-earphones/rp-hje125e.html,
4800 AV ACCESSORIES,RZ-B120WDE-K, $84.99 , $32.17 ,True Wireless Earphones - Earbud,"Slim design, 7mm Driver Unit, XBS, Touch Sensor, IPX4 Rated, Voice Assistant, USB C Charging, 6.5Hrs Playtime, 26Hrs with Case",BLACK,5025232965809,,
4800 AV ACCESSORIES,EAH-AZ100E-K, $529.99 , $260.86 ,Technics Flagship True Wireless Noise Cancelling Earphones,"10mm Mag-Fluid Driver, Adaptive Noise Cancelling, Spatial Audio, Dolby Atmos, Voice Focused AI Speech, Qi Wireless Charging, 3 Device Multipoint,",BLACK,5025232966301,https://www.technics.com/nz/products/headphones/true-wireless-earbuds/eah-az80e.html,
4800 AV ACCESSORIES,EAH-AZ100E-S, $529.99 , $260.86 ,Technics Flagship True Wireless Noise Cancelling Earphones,"10mm Mag-Fluid Driver, Adaptive Noise Cancelling, Spatial Audio, Dolby Atmos, Voice Focused AI Speech, Qi Wireless Charging, 3 Device Multipoint,",SILVER,5025232966318,https://www.technics.com/nz/products/headphones/true-wireless-earbuds/eah-az80e.html,
4800 AV ACCESSORIES,EAH-DJ1200EK, $329.99 , $147.82 ,Technics DJ On-Ear Stereo Headphones,"Technics DJ Wired HIFI Onear Stereo Headphones. Lightweight Design, Locking Detachable 1.2m cord, Stretchable Coiled Cord, 40mm Driver, Free Style Monitoring with Swing Arm Mechanism, 270 degree swing",BLACK,5025232899043,https://www.technics.com/nz/products/headphones/eah-dj1200.html,
4800 AV ACCESSORIES,EAH-AZ100E-A, $529.99 , $347.82 ,Technics Flagship True Wireless Noise Cancelling Earphones,"10mm Mag-Fluid Driver, Adaptive Noise Cancelling, Spatial Audio, Dolby Atmos, Voice Focused AI Speech, Qi Wireless Charging, 3 Device Multipoint,",BLUE,5025232985036,https://www.technics.com/nz/products/headphones/true-wireless-earbuds/eah-az80e.html,
4800 AV ACCESSORIES,EAH-A800E-S, $549.99 , $234.77 ,Technics Flagship Hi-Res Wireless Noise Cancelling Ovear Ear Headphones,"Industryleading Dual Hybrid Noise Cancelling, Superior Call Quality, 40mm driver, Acoustic Chamber Control, Bluetooth 5.2, HiRes Audio, LDAC, Ambient Sound (Attention & Natural sound modes ), Bluetoot",SILVER,5025232919215,https://www.technics.com/nz/products/headphones/eah-a800e.html,
4800 AV ACCESSORIES,EAH-A800E-K, $549.99 , $234.77 ,Technics Flagship Hi-Res Wireless Noise Cancelling Ovear Ear Headphones,"J108leading Dual Hybrid Noise Cancelling, Superior Call Quality, 40mm driver, Acoustic Chamber Control, Bluetooth 5.2, HiRes Audio, LDAC, Ambient Sound (Attention & Natural sound modes ), Bluetooth Mu",BLACK,5025232919208,https://www.technics.com/nz/products/headphones/eah-a800e.html,
4800 AV ACCESSORIES,RB-F10DE-C, $169.99 , $104.34 ,Open Ear True Wireless Headphones with IPX4,Open Ear True Wireless Headphones with IPX4,CONCRETE,5025232974528,https://www.panasonic.com/nz/consumer/television-audio/headphones/wireless-earbuds/rb-f10de.html,
4800 AV ACCESSORIES,RB-F10DE-K, $169.99 , $104.34 ,Open Ear True Wireless Headphones with IPX4,Open Ear True Wireless Headphones with IPX4,BLACK,5025232974511,https://www.panasonic.com/nz/consumer/television-audio/headphones/wireless-earbuds/rb-f10de.html,
4208 GAMING SPEAKER,SC-GNW10E, $499.99 , $260.86 ,Wireless Gaming Neck Speaker,"Industry first 4 channel Wireless neck speaker for gaming, : 3 Gaming Sound Modes (RPG / FPS / Voice) plus Music & Cinema Modes, Ai Noise and Echo Cancelling Dual Microphones, USB 3.0, Compatible with",BLACK,5025232953776,https://www.panasonic.com/nz/consumer/television-audio/audio/gaming-speakers/sc-gnw10e.html,
4208 GAMING SPEAKER,SC-GN01E, $299.99 , $136.95 ,4 Channel Wearable Gaming Speaker,"Industry first 4 channel neck speaker for gaming, FINAL FANTASY? XIV Online Recommends: 3 Gaming Sound Modes (RPG / FPS / Voice) plus Music & Cinema Modes, Noise and Echo Cancelling Dual Microphones,",,5025232921195,https://www.panasonic.com/nz/consumer/home-entertainment/gaming/sc-gn01e.html,
4206 MICRO COMPO,SC-PMX802GNK, $949.99 , $460.86 ,120W Micro Stereo with Chromecast,"120W JENO Engine, Chromecast, Air Play 2, HiRes Audio Playbck, CD, USB, Bluetooth, AUX in Auto Play",BLACK,8887549854330,https://www.panasonic.com/nz/consumer/home-entertainment/micro-systems/sc-pmx802gn-k.html,
4206 MICRO COMPO,SC-HC2020GNK, $529.99 , $260.86 ,40W Micro System with Chromecast,"40W, 2ch Lincs DAmp, Google Chromecast built in, WiFi, Bluetooth, CD, USB, FM Radio, DAB+, D. Bass, Surround Mode, Wall Mountable",BLACK,8887549709005,https://www.panasonic.com/nz/consumer/home-entertainment/micro-systems/sc-hc2020gnk.html,
4206 MICRO COMPO,SC-PM250GN-S, $299.99 , $173.90 ,20W Micro System with CD - Silver,"20W ,CD, Full Digital Amplifier System, XBS Master, Bluetooth, Bluetooth ReMaster, USB, FM, AM",SILVER,8887549555800,https://www.panasonic.com/nz/consumer/home-entertainment/micro-systems/sc-pm250gn-s.html,
4206 MICRO COMPO,SC-PMX92GN-S, $649.99 , $313.03 ,120W Micro System with CD,"120W, HiRes Audio Playbck, CD, USB, Lincs DAmp , Bluetooth, AUX in Auto Play",SILVER,8887549728785,https://www.panasonic.com/nz/consumer/home-entertainment/micro-systems/sc-pmx92gn-s.html,
4206 MICRO COMPO,SC-HC200GN-K, $279.99 , $121.73 ,20W Micro System with CD,"20W, 2ch, Bluetooth, Bluetooth Remaster, CD, USB, AM/FM Radio, D. Bass, Surround Sound Mode",BLACK,8887549707964,https://www.panasonic.com/nz/consumer/home-entertainment/micro-systems/sc-hc200gn-k.html,
4206 MICRO COMPO,SC-PM700GN-S, $469.99 , $199.99 ,80W Micro System,"80 Watts RMS, 2 way bass reflex speakers, CD, USB, Wireless Connectivity with Bluetooth",SILVER,8887549847486,https://www.panasonic.com/nz/consumer/home-entertainment/micro-systems/sc-pm700gns.html,
4204 MINI COMPO,SC-TMAX15GSK, $529.99 , $260.86 ,300W Party Speaker,"300W Compact Double woofer Audio system with Bluetooth, USB, Mic & Guitar inputs, Optical in. & coulor LED Lighting with patterns. Horizontal and vertical placement plus carry handle.",,8887549853418,https://www.panasonic.com/nz/consumer/television-audio/audio/bluetooth-speakers/sc-tmax15.html,
4204 MINI COMPO,SC-TMAX45GSK, $949.99 , $434.77 ,1000W Party Speaker,"1000W High Power Double woofer Audio system with Bluetooth, USB, Mic & Guitar inputs, Optical in. & coulor LED Lighting with patterns. Horizontal and vertical placement plus carry handle.",,8887549853395,https://www.panasonic.com/nz/consumer/television-audio/audio/bluetooth-speakers/sc-tmax45.html,
4204 MINI COMPO,SC-AKX710GSK, $749.99 , $304.34 ,2000W Mini System,"2000W 2 ChannelBT/CD/USB Minisystem with Airquake Bass, 180 Deg Sound, DJ JukeBox, DJ Sampler, MaxDJ Effect, Full Karaoke, 2 Mic Jacks, 4GB Internal Memory, Dual 20cm Subwoofers, Optical Input, BT Rec",,8887549716010,https://www.panasonic.com/nz/consumer/home-entertainment/mini-system-party-speaker/SC-AKX710GSK.html,
4204 MINI COMPO,SC-AKX320GNK, $499.99 , $173.90 ,450W Mini System,"450W (RMS), 2ch, CD, USB 2.0 x2 (play only), FM/AM Tuner, Bluetooth, MAX Juke app, Digital Amp, DJ Jukebox, Rotary music selection while playback, 3 way 3 speakers, Woofer 16cm cone type, Tweeter 6cm",BLACK,8887549731587,https://www.panasonic.com/nz/consumer/home-entertainment/mini-system-party-speaker/sc-akx320gnk.html,
4204 MINI COMPO,SC-BMAX5WW-K, $449.99 , $260.86 ,75W Party Box Speaker with Battery,"Panasonic Battery powered Party box, 75W, 9hr Playback, Bluetooth, USB, Aux, Mic & Guitar input,",,9419690057330,https://www.panasonic.com/nz/consumer/television-audio/audio/bluetooth-speakers/sc-bmax5.html,
4204 MINI COMPO,SC-BMAX10WWK, $599.99 , $347.82 ,150W Party Box Speaker with Battery,"Panasonic Battery powered Party box, 150W, 15hr Playback, Bluetooth, USB, Aux, Mic & Guitar input,",,9419690057347,https://www.panasonic.com/nz/consumer/television-audio/audio/bluetooth-speakers/sc-bmax10.html,
4204 MINI COMPO,SC-UX100GN-K, $349.99 , $156.51 ,300W Mini System,"300W RMS, Bluetooth, 2 channel digital amplifiers, Large 13cm woofer, Compatible Max Jukebox App, Blue Illumination",BLACK,8887549653469,https://www.panasonic.com/nz/consumer/home-entertainment/mini-system-party-speaker/sc-ux100gn.html,
4202 SOUND BAR,SC-HTB900GNK," $1,799.99 ", $608.69 ,3.1ch 505w Dolby Atmos Soundbar with Wifi & Chromecast,"505w, 3.1ch, Dolby Atmos, Wifi, Chromecast Built In, Works with Google Assistant, Bluetooth, Dolby Digital, Dolby True HD, DTS Digital Surround, DTS : X, HDMI Input, HDMI ARC, Wall Mountable",BLACK,8887549729270,https://www.panasonic.com/nz/consumer/home-entertainment/soundbars/sc-htb900gn.html,
4202 SOUND BAR,SC-HTB100GNK, $219.99 , $74.34 ,45W 2ch Soundbar with HDMI ARC,"45W, 2ch, Bluetooth, Optical Input, HDMI ARC, Dolby Digital",,8887549820076,https://www.panasonic.com/nz/consumer/home-entertainment/soundbars/sc-htb100gnk.html,
4201 PORTABLE AUDIO,SC-NA07GN-A, $89.99 , $30.56 ,Portable Bluetooth Speaker - Blue,Portable Bluetooth Speaker with Aux,BLUE,8887549772955,https://www.panasonic.com/nz/consumer/home-entertainment/bluetooth-speakers/sc-na07gn.html,
4201 PORTABLE AUDIO,SC-NA07GN-H, $89.99 , $30.56 ,Portable Bluetooth Speaker - Charcoal,Portable Bluetooth Speaker with Aux,GREY,8887549772931,https://www.panasonic.com/nz/consumer/home-entertainment/bluetooth-speakers/sc-na07gn.html,
4201 PORTABLE AUDIO,SC-NA07GN-R, $89.99 , $30.56 ,Portable Bluetooth Speaker - Red,Portable Bluetooth Speaker with Aux,RED,8887549772962,https://www.panasonic.com/nz/consumer/home-entertainment/bluetooth-speakers/sc-na07gn.html,
4201 PORTABLE AUDIO,RC-800GN-K, $79.99 , $38.35 ,Clock Radio with FM Tuner,"Clock Radio with FM Tuner, Orange LED, Dual Alarm Clock, Snooze Function, 10 Station Presets",BLACK,8887549831041,https://www.panasonic.com/nz/consumer/home-entertainment/portable-radio-clock-radio/rc-800gn-k.html,
4201 PORTABLE AUDIO,RF-P50DGC-R, $42.99 , $20.44 ,Portable AM/FM Radio,"AM/FM Pocket Radio, Earphone Jack, DC Red",,8887549672682,https://www.panasonic.com/nz/consumer/home-entertainment/portable-radio-clock-radio/rf-p50gc9.html,
4201 PORTABLE AUDIO,RF-P50DGC-S, $42.99 , $20.44 ,Portable AM/FM Radio,"AM/FM Pocket Radio, Earphone Jack, DC Silver",,8887549672675,https://www.panasonic.com/nz/consumer/home-entertainment/portable-radio-clock-radio/rf-p50gc9.html,
4201 PORTABLE AUDIO,RX-D550GS-K, $329.99 , $148.68 ,Portable CD System,"Portable radio with CD, Bluetooth and USB, 20w, 5 presets for radio, Remote control, AC or Battery power",,8887549783265,https://www.panasonic.com/nz/consumer/television-audio/audio/portable-radios-clock-radios/rx-d550gs.html,
4201 PORTABLE AUDIO,RF-2400DGN-S, $79.99 , $36.51 ,Portable Mantle AM/FM Radio,"AM/FM Mantle Radio, AC/DC, Earphone Jack, 10 cm Speaker",,8887549672538,https://www.panasonic.com/nz/consumer/home-entertainment/portable-radio-clock-radio/rf-2400gn9-s.html,
4137 BLU RAY PLAYER,DMP-BD84GN-K, $189.99 , $94.99 ,Blu-ray Player,"Full HD Blu-ray Disc™  Playback, DVD/CD Playback, USB/HDD Playback, Netflix, VOD in HD quality, Internet Apps (simple), LAN Port, HDMI x1",,8887549621512,https://www.panasonic.com/nz/consumer/home-entertainment/blu-ray-dvd-players-all/dmp-bd84gn.html,
4137 BLU RAY PLAYER,DP-UB9000GN1," $2,199.99 "," $1,239.12 ",4k HDR Blu-ray Player with Hifi Components,"4K Bluray playback, HCX Processor, HiRes Audio, HDR10+, Dolby Vision, THX Certified, Twin HDMI, 4K Netflix, 4K YouTube, WiFi, DA Converter, Gold Plated Analogue Audio LR, Analogue Audio 7.1ch, Coaxial",BLACK,8887549798764,https://www.panasonic.com/nz/consumer/home-entertainment/blu-ray-dvd-players-all/dp-ub9000gnk.html,
4137 BLU RAY PLAYER,DP-UB820GNK, $849.99 , $437.82 ,4K HDR Smart Blu-ray Player,"4K Bluray playback, HCX Processor, HiRes Audio, HDR10+, Dolby Vision, Twin HDMI, 4K Netflix, 4K YouTube, WiFi, DA Converter, Analogue Audio LR, Analogue Audio 7.1ch",BLACK,8887549708718,https://www.panasonic.com/nz/consumer/home-entertainment/blu-ray-dvd-players-all/dp-ub820.html,
4137 BLU RAY PLAYER,DP-UB150GN-K, $369.99 , $189.99 ,4K HDR Blu-ray Player,"4K BluRay Playback, HCX Processor, HiRes Audio, LAN Connection",BLACK,8887549732805,https://www.panasonic.com/nz/consumer/home-entertainment/blu-ray-dvd-players-all/dp-ub150gn-k.html,
4137 BLU RAY PLAYER,DP-UB450GN-K, $599.99 , $231.30 ,4K HDR Blu-ray Player with Dolby Vision,"4K BluRay Playback, HDR10+, 3D Playback, HiRes Audio, HDMI CEC",,8887549732669,https://www.panasonic.com/nz/consumer/home-entertainment/blu-ray-dvd-players-all/dp-ub450gn-k.html,
4130 DVD PLAYER,DVD-S500GN-K, $109.99 , $57.82 ,DVD Player,"USB Playback , CD Archiving via USB, Power Resume, Multi Format Playback (CD/DVD) Black",BLACK,8887549519390,https://www.panasonic.com/nz/consumer/home-entertainment/blu-ray-dvd-players-all/dvd-s500gn-k.html,
4128 OLED,TV-42Z85AGZ," $3,399.99 "," $1,502.60 ","42"" OLED with Fire TV OS","42"" 4K OLED, Fire TV, Dolby Atmos, SAT & UHF Tuners, HDMI 2.1 (ALLM/VRR/HFR/eARC), 4K/144hz Gaming, Dolby Vision 144hz Gaming, Alexa Built In",BLACK,8887549865947,https://www.panasonic.com/nz/consumer/television-audio/televisions/4k-oled-tvs/tv-42z85agz.html,
4128 OLED,TV-48Z85AGZ," $3,799.99 "," $1,586.08 ","48"" OLED with Fire TV OS","48"" 4K OLED, Fire TV, Dolby Atmos, SAT & UHF Tuners, HDMI 2.1 (ALLM/VRR/HFR/eARC), 4K/120hz Gaming, Dolby Vision 120hz Gaming, Alexa Built In",BLACK,8887549865978,https://www.panasonic.com/nz/consumer/television-audio/televisions/4k-oled-tvs/tv-48z85agz.html,
4128 OLED,TV-65Z85AGZ," $5,199.99 "," $2,147.82 ","65"" OLED with Fire TV OS","65"" 4K OLED, Fire TV, Dolby Atmos, SAT & UHF Tuners, HDMI 2.1 (ALLM/VRR/HFR/eARC), 4K/120hz Gaming, Dolby Vision 120hz Gaming, Alexa Built In",BLACK,8887549866159,https://www.panasonic.com/nz/consumer/television-audio/televisions/4k-oled-tvs/tv-65z85agz.html,
4128 OLED,TV-55Z85AGZ," $4,099.99 "," $1,669.56 ","55"" OLED with Fire TV OS","55"" 4K OLED, Fire TV, Dolby Atmos, SAT & UHF Tuners, HDMI 2.1 (ALLM/VRR/HFR/eARC), 4K/120hz Gaming, Dolby Vision 120hz Gaming, Alexa Built In",BLACK,8887549866050,https://www.panasonic.com/nz/consumer/television-audio/televisions/4k-oled-tvs/tv-55z85agz.html,
4128 OLED,TV-55Z95AGZ," $4,999.99 "," $2,156.51 ","55"" MLA OLED with Fire TV OS","55"" 4K MLA MASTER OLED ULTIMATE Panel, Fire TV, 160w Line Array Front, Up & Side Firing Dolby Atmos Speakers, SAT & UHF Tuners, HDMI 2.1 (ALLM/VRR/HFR/eARC) 4K/144Hz Gaming, Far Field Mic with Alexa",BLAKC,8887549866081,https://www.panasonic.com/nz/consumer/television-audio/televisions/4k-oled-tvs/tv-55z95agz.html,
4128 OLED,TV-65Z95AGZ," $6,299.99 "," $3,255.64 ","65"" MLA OLED with Fire TV OS","65"" 4K MLA MASTER OLED ULTIMATE Panel, Fire TV, 160w Line Array Front, Up & Side Firing Dolby Atmos Speakers, SAT & UHF Tuners, HDMI 2.1 (ALLM/VRR/HFR/eARC) 4K/144Hz Gaming, Far Field Mic with Alexa",BLACK,8887549866180,https://www.panasonic.com/nz/consumer/television-audio/televisions/4k-oled-tvs/tv-65z95agz.html,
4128 OLED,TV-77Z93AGZ," $9,499.99 "," $4,591.30 ","77"" OLED with Fire TV OS","77"" Professional Edition 4K OLED Panel, Fire TV, 170w Line Array Front, Up & Side Firing Dolby Atmos Speakers, SAT & UHF Tuners, HDMI 2.1 (ALLM/VRR/HFR/eARC), 4K/144hz Gaming, Far Field Mic with Alexa",BLACK,8887549866234,https://www.panasonic.com/nz/consumer/television-audio/televisions/4k-oled-tvs/tv-77z93agz.html,
4128 OLED,TV-55Z95BGZ," $5,999.99 "," $3,347.82 ","55"" Flagship OLED with Fire TV OS","55"" 4K Flagship OLED, Fire TV, 160w Line Array Front, Up & Side Firing Dolby Atmos Speakers, SAT & UHF Tuners, HDMI 2.1 (ALLM/VRR/HFR/eARC) 4K/144Hz Gaming, Far Field Mic with Alexa",BLACK,8887549885525,https://www.panasonic.com/nz/consumer/television-audio/televisions/4k-oled-tvs/tv-55z95bgz.html,
4128 OLED,TV-77Z95BGZ," $12,499.99 "," $7,913.04 ","77"" Flagship OLED with Fire TV OS","77"" Flagship 4K OLED, Fire TV, 180w Line Array Front, Up & Side Firing Dolby Atmos Speakers, SAT & UHF Tuners, HDMI 2.1 (ALLM/VRR/HFR/eARC), 4K/144hz Gaming, Far Field Mic with Alexa",BLACK,8887549885501,https://www.panasonic.com/nz/consumer/television-audio/televisions/4k-oled-tvs/tv-77z95bgz.html,
4128 OLED,TV-77Z90BGZ," $10,499.99 "," $5,478.25 ","77"" OLED with Fire TV OS","77"" 4K Master OLED Pro, Fire TV, Front Firing Dolby Atmos Speakers, SAT & UHF Tuners, HDMI 2.1 (ALLM/VRR/HFR/eARC), 4K/144hz Gaming, Far Field Mic with Alexa",BLACK,8887549885532,https://www.panasonic.com/nz/consumer/television-audio/televisions/4k-oled-tvs/tv-77z90bgz.html,
4128 OLED,TV-65Z95BGZ," $7,499.99 "," $3,965.52 ","65"" Flagship OLED with Fire TV OS","65"" 4K Flagship OLED, Fire TV, 170w Line Array Front, Up & Side Firing Dolby Atmos Speakers, SAT & UHF Tuners, HDMI 2.1 (ALLM/VRR/HFR/eARC) 4K/144Hz Gaming, Far Field Mic with Alexa",BLACK,8887549885518,https://www.panasonic.com/nz/consumer/television-audio/televisions/4k-oled-tvs/tv-65z95bgz.html,
4127 LCD OTHER,TN-65W68BGZ," $1,949.99 "," $1,186.95 ","65"" 4K LCD TV with Google TV & Chromecast","65"" 4K LED, Google TV, Chromecast, Hey Google, HDMI 2.1 (eARC), HDR Bright Panel, HDR10, Filmmaker Mode, 4K Studio Colour Engine, UHF Freeview Tuner, Bluetooth Audio Link",SILVER,8887549893780,,
4127 LCD OTHER,TN-55W70AGZ," $1,499.99 ", $626.08 ,"55"" 4K LCD TV with Google TV & Chromecast","55"" 4K LED, Google TV, Chromecast, Hey Google, HDMI 2.1 (eARC),  HDR Bright Panel, HDR10, Filmmaker Mode, 4K Studio Colour Engine,  UHF & SAT Freeview Tuners, Bluetooth Audio Link",BLACK,8887549861611,https://www.panasonic.com/nz/consumer/television-audio/televisions/4k-led-tvs/tn-55w70agz.html,
4127 LCD OTHER,TN-50W70AGZ," $1,299.99 ", $584.34 ,"50"" 4K LCD TV with Google TV & Chromecast","50"" 4K LED, Google TV, Chromecast, Hey Google, HDMI 2.1 (eARC),  HDR Bright Panel, HDR10, Filmmaker Mode, 4K Studio Colour Engine,  UHF & SAT Freeview Tuners, Bluetooth Audio Link",BLACK,8887549861628,https://www.panasonic.com/nz/consumer/television-audio/televisions/4k-led-tvs/tn-50w70agz.html,
4127 LCD OTHER,TN-65W70AGZ," $1,999.99 ", $859.81 ,"65"" 4K LCD TV with Google TV & Chromecast","65"" 4K LED, Google TV, Chromecast, Hey Google, HDMI 2.1 (eARC),  HDR Bright Panel, HDR10, Filmmaker Mode, 4K Studio Colour Engine,  UHF & SAT Freeview Tuners, Bluetooth Audio Link",BLACK,8887549861604,https://www.panasonic.com/nz/consumer/television-audio/televisions/4k-led-tvs/tn-65w70agz.html,
4127 LCD OTHER,TN-75W70AGZ," $2,999.99 "," $1,197.82 ","75"" 4K LCD TV with Google TV & Chromecast","75"" 4K LED, Google TV, Chromecast, Hey Google, HDMI 2.1 (eARC),  HDR Bright Panel, HDR10, Filmmaker Mode, 4K Studio Colour Engine,  UHF & SAT Freeview Tuners, Bluetooth Audio Link",BLACK,8887549861598,https://www.panasonic.com/nz/consumer/television-audio/televisions/4k-led-tvs/tn-75w70agz.html,
4127 LCD OTHER,TN-85W80AGZ," $4,599.99 "," $1,652.91 ","85"" 4K LCD TV with Google TV & Chromecast","85"" 4K LED, Google TV, Chromecast, Hey Google, Farfield Microphone, HDMI 2.1 (eARC), HDR BrightPanel Plus, Dolby Vision, HDR10+, Filmmaker Mode, 4K Studio Colour Engine, Dolby Atmos,  UHF & SAT",BLACK,8887549861581,https://www.panasonic.com/nz/consumer/television-audio/televisions/4k-led-tvs/tn-85w80agz.html,
4127 LCD OTHER,TN-43W70AGZ, $999.99 , $442.43 ,"43"" 4K LCD TV with Google TV & Chromecast","43"" 4K LED, Google TV, Chromecast, Hey Google, HDMI 2.1 (eARC), HDR Bright Panel, HDR10, Filmmaker Mode, 4K Studio Colour Engine, UHF & SAT Freeview Tuners, Bluetooth Audio Link",BLACK,8887549861635,https://www.panasonic.com/nz/consumer/television-audio/televisions/4k-led-tvs/tn-43w70agz.html,
4127 LCD OTHER,TN-65W70BGZ," $1,999.99 ", $895.64 ,"65"" 4K LCD TV with Google TV & Chromecast","65"" 4K LED, Google TV, Chromecast, Hey Google, HDMI 2.1 (eARC), HDR Bright Panel, Dolby Vision, Dolby Atmos, HDR10, Filmmaker Mode, 4K Studio Colour Engine, UHF Freeview Tuner, Bluetooth Audio Link",BLACK,8887549893735,https://www.panasonic.com/nz/consumer/television-audio/televisions/4k-led-tvs/tn-65w70bgz.html,
4127 LCD OTHER,TV-75W95BGZ," $4,199.99 "," $2,347.82 ","75"" 4K Mini LED with Fire OS","75"" 4K Mini LED, Fire TV, Dolby Atmos Audio, HDMI 2.1 (ALLM / VRR / 4K HFR / eARC), AMD FreeSync Premium, 4K/144hz Gaming, Dolby Vision IQ, HDR10+ Adaptive, SAT & UHF Freeview Tuners, HCX PRO AI MKII",BLACK,8887549883842,https://www.panasonic.com/nz/consumer/television-audio/televisions/mini-led-full-array-tvs/tv-75w95bgz.html,
4127 LCD OTHER,TV-55W95BGZ," $2,499.99 "," $1,391.30 ","55"" 4K Mini LED with Fire OS","55"" 4K Mini LED, Fire TV, Dolby Atmos Audio, HDMI 2.1 (ALLM / VRR / 4K HFR / eARC), AMD FreeSync Premium, 4K/144hz Gaming, Dolby Vision IQ, HDR10+ Adaptive, SAT & UHF Freeview Tuners, HCX PRO AI MKII",,8887549883866,https://www.panasonic.com/nz/consumer/television-audio/televisions/mini-led-full-array-tvs/tv-55w95bgz.html,
4127 LCD OTHER,TV-65W95BGZ," $3,199.99 "," $2,173.90 ","65"" 4K Mini LED with Fire OS","65"" 4K Mini LED, Fire TV, Dolby Atmos Audio, HDMI 2.1 (ALLM / VRR / 4K HFR / eARC), AMD FreeSync Premium, 4K/144hz Gaming, Dolby Vision IQ, HDR10+ Adaptive, SAT & UHF Freeview Tuners, HCX PRO AI MKII",,8887549883859,https://www.panasonic.com/nz/consumer/television-audio/televisions/mini-led-full-array-tvs/tv-65w95bgz.html,
4127 LCD OTHER,TV-85W95BGZ," $5,499.99 "," $2,608.69 ","85"" 4K Mini LED with Fire OS","85"" 4K Mini LED, Fire TV, Dolby Atmos Audio, HDMI 2.1 (ALLM / VRR / 4K HFR / eARC), AMD FreeSync Premium, 4K/144hz Gaming, Dolby Vision IQ, HDR10+ Adaptive, SAT & UHF Freeview Tuners, HCX PRO AI MKII",,8887549883835,https://www.panasonic.com/nz/consumer/television-audio/televisions/mini-led-full-array-tvs/tv-85w95bgz.html,
4127 LCD OTHER,TN-43W68BGZ, $949.99 , $578.25 ,"43"" 4K LCD TV with Google TV & Chromecast","43"" 4K LED, Google TV, Chromecast, Hey Google, HDMI 2.1 (eARC), HDR Bright Panel, HDR10, Filmmaker Mode, 4K Studio Colour Engine, UHF Freeview Tuner, Bluetooth Audio Link",SILVER,8887549893810,,
4127 LCD OTHER,TN-55W68BGZ," $1,449.99 ", $882.60 ,"55"" 4K LCD TV with Google TV & Chromecast","55"" 4K LED, Google TV, Chromecast, Hey Google, HDMI 2.1 (eARC), HDR Bright Panel, HDR10, Filmmaker Mode, 4K Studio Colour Engine, UHF Freeview Tuner, Bluetooth Audio Link",SILVER,8887549893797,,
4127 LCD OTHER,TN-75W70BGZ," $2,999.99 "," $1,197.82 ","75"" 4K LCD TV with Google TV & Chromecast","75"" 4K LED, Google TV, Chromecast, Hey Google, HDMI 2.1 (eARC), HDR Bright Panel, Dolby Vision, Dolby Atmos, HDR10, Filmmaker Mode, 4K Studio Colour Engine, UHF Freeview Tuner, Bluetooth Audio Link",BLACK,8887549893728,https://www.panasonic.com/nz/consumer/television-audio/televisions/4k-led-tvs/tn-75w70bgz.html,
4127 LCD OTHER,TN-43W70BGZ, $999.99 , $478.25 ,"43"" 4K LCD TV with Google TV & Chromecast","43"" 4K LED, Google TV, Chromecast, Hey Google, HDMI 2.1 (eARC), HDR Bright Panel, Dolby Vision, Dolby Atmos, HDR10, Filmmaker Mode, 4K Studio Colour Engine, UHF Freeview Tuner, Bluetooth Audio Link",BLACK,8887549893766,https://www.panasonic.com/nz/consumer/television-audio/televisions/4k-led-tvs/tn-43w70bgz.html,
4127 LCD OTHER,TH-50MX940Z," $2,299.99 ", $956.51 ,"50"" 4K Full Array LED with 200hz Motion","50"" 4K Full Array LED, Dolby Atmos Audio, HDMI 2.1 (ALLM / VRR / 4K HFR / eARC), 4k/120hz, AMD FreeSync Premium, Dolby Vision IQ, HDR10+ Adaptive, Filmmaker Mode, 200hz Smooth Motion, 2Way Bluetooth A",Black,8887549848438,https://www.panasonic.com/nz/consumer/televisions/premium-ultra-hd-tvs/th-50mx940z.html,
4127 LCD OTHER,TN-75W68BGZ," $2,949.99 "," $1,795.65 ","75"" 4K LCD TV with Google TV & Chromecast","75"" 4K LED, Google TV, Chromecast, Hey Google, HDMI 2.1 (eARC), HDR Bright Panel, HDR10, Filmmaker Mode, 4K Studio Colour Engine, UHF Freeview Tuner, Bluetooth Audio Link",SILVER,8887549893773,,
4127 LCD OTHER,TN-43S60BGZ, $899.99 , $392.34 ,"43"" HD LED Android TV & Chromecast","43"" HD LED TV, Google TV, Chromecast, YouTube, Google Assistant, Freeview UHF & SAT Tuners, Media Player, 2 x HDMI, 1 x USB, Black",BLACK,8887549889363,https://www.panasonic.com/nz/consumer/television-audio/televisions/full-hd-hd-led-tvs/tn-43s60bgz.html,
4127 LCD OTHER,TN-32S60BGZ, $599.99 , $260.86 ,"32"" HD LED Android TV & Chromecast","32"" HD LED TV, Google TV, Chromecast, YouTube, Google Assistant, Freeview UHF & SAT Tuners, Media Player, 2 x HDMI, 1 x USB, Black",BLACK,8887549889370,https://www.panasonic.com/nz/consumer/television-audio/televisions/full-hd-hd-led-tvs/tn-32s60bgz.html,
4127 LCD OTHER,TH-32MS600Z, $599.99 , $250.43 ,"32"" HD LED Android TV & Chromecast","32"" HD LED TV, Android TV, Chromecast, Youtube, Google Assistant, Freeview UHF & SAT Tuners, Media Player, 3 x HDMI, 2 x USB, RCA Input Black",BLACK,8887549848537,https://www.panasonic.com/nz/consumer/television-audio/televisions/full-hd-hd-led-tvs/th-32ms600z.html,
4127 LCD OTHER,TH-43MS600Z, $899.99 , $392.34 ,"43"" FHD LED Android TV & Chromecast","43"" FHD LED TV, Android TV, Chromecast, Youtube, Google Assistant, Freeview UHF & SAT Tuners, Media Player, 3 x HDMI, 2 x USB, RCA Input Black",BLACK,8887549848544,https://www.panasonic.com/nz/consumer/television-audio/televisions/full-hd-hd-led-tvs/th-43ms600z.html,
4127 LCD OTHER,TN-50W70BGZ," $1,299.99 ", $608.69 ,"50"" 4K LCD TV with Google TV & Chromecast","50"" 4K LED, Google TV, Chromecast, Hey Google, HDMI 2.1 (eARC), HDR Bright Panel, Dolby Vision, Dolby Atmos, HDR10, Filmmaker Mode, 4K Studio Colour Engine, UHF Freeview Tuner, Bluetooth Audio Link",BLACK,8887549893759,https://www.panasonic.com/nz/consumer/television-audio/televisions/4k-led-tvs/tn-50w70bgz.html,
4127 LCD OTHER,TN-55W70BGZ," $1,499.99 ", $652.17 ,"55"" 4K LCD TV with Google TV & Chromecast","55"" 4K LED, Google TV, Chromecast, Hey Google, HDMI 2.1 (eARC), HDR Bright Panel, Dolby Vision, Dolby Atmos, HDR10, Filmmaker Mode, 4K Studio Colour Engine, UHF Freeview Tuner, Bluetooth Audio Link",BLACK,8887549893742,https://www.panasonic.com/nz/consumer/television-audio/televisions/4k-led-tvs/tn-55w70bgz.html,
4127 LCD OTHER,TV-65W95AGZ," $3,399.99 "," $1,669.56 ","65"" 4K Mini LED with Fire OS","65"" 4K Mini LED, Fire TV, Dolby Atmos Audio, HDMI 2.1 (ALLM / VRR / 4K HFR / eARC), AMD FreeSync Premium, 4K/144hz Gaming, Dolby Vision IQ, HDR10+ Adaptive, SAT & UHF Freeview Tuners, HCX PRO AI MKII",BLACK,8887549866128,https://www.panasonic.com/nz/consumer/television-audio/televisions/mini-led-full-array-tvs/tv-65w95agz.html,
4127 LCD OTHER,TV-75W95AGZ," $4,999.99 "," $1,734.78 ","75"" 4K Mini LED with Fire OS","75"" 4K Mini LED, Fire TV, Dolby Atmos Audio, HDMI 2.1 (ALLM / VRR / 4K HFR / eARC), AMD FreeSync Premium, 4K/144hz Gaming, Dolby Vision IQ, HDR10+ Adaptive, SAT & UHF Freeview Tuners, HCX PRO AI MKII",BLACK,8887549866203,https://www.panasonic.com/nz/consumer/television-audio/televisions/mini-led-full-array-tvs/tv-75w95agz.html,
4127 LCD OTHER,TV-55W95AGZ," $2,699.99 "," $1,252.17 ","55"" 4K Mini LED with Fire OS","55"" 4K Mini LED, Fire TV, Dolby Atmos Audio, HDMI 2.1 (ALLM / VRR / 4K HFR / eARC), AMD FreeSync Premium, 4K/144hz Gaming, Dolby Vision IQ, HDR10+ Adaptive, SAT & UHF Freeview Tuners, HCX PRO AI MKII",BLACK,8887549866029,https://www.panasonic.com/nz/consumer/television-audio/televisions/mini-led-full-array-tvs/tv-55w95agz.html,
4127 LCD OTHER,TN-50W68BGZ," $1,249.99 ", $760.86 ,"50"" 4K LCD TV with Google TV & Chromecast","50"" 4K LED, Google TV, Chromecast, Hey Google, HDMI 2.1 (eARC), HDR Bright Panel, HDR10, Filmmaker Mode, 4K Studio Colour Engine, UHF Freeview Tuner, Bluetooth Audio Link",SILVER,8887549893803,,
4126 LCD TV,SCL02, $279.99 , $166.39 ,"15""-37"" Cantilever & Tilt Wall Bracket",Cantilever TV Bracket to suit 22” – 37” – up to 35kgs with +/- 15 degree tilt – Mount pattern compatible up to 100 x 100mm  up to 200x200 - Black,,9419690010359,,
4126 LCD TV,SF01, $99.99 , $69.56 ,"19""-32"" Flat to Wall TV Bracket",Flat To Wall TV Bracket to suit 19”-32” – up to 35kgs – Mount pattern compatible up to 200 x 200mm - Black,,9419690015125,,
4126 LCD TV,SF02, $99.99 , $69.56 ,"32""-40"" Flat to Wall TV Bracket","Flat To Wall TV Bracket to suit 40"" 60"" up to 60kgs "" - Mount pattern compatible up to 600 x 400mm Black",,9419690015002,,
4126 LCD TV,SF03, $129.99 , $90.43 ,"40""-60"" Flat to Wall TV Bracket",Flat To Wall TV Bracket to suit 40” – 60” – up to 60kgs – Mount pattern compatible up to 600 x 400mm - Black,,9419690014937,,
4126 LCD TV,SCLSS01, $399.99 , $287.79 ,"40""-55"" Slimline Cantilever & Tilt TV Bracket",Cantilever TV Bracket to suit 32” – 55” – up to 20kgs with +/- 15 degree tilt – Mount pattern compatible up to 600x400 - Black,,9419690016771,,
4126 LCD TV,SCLSS07, $369.99 , $217.02 ,"40""-65"" Cantilever & Tilt TV Bracket",Cantilever TV Bracket to suit 40” – 65” – up to 50kgs with +/- 12 degree tilt – Mount pattern compatible up to 100 x 100mm  up to 600x400 - Black,,,,
4126 LCD TV,SFSS05, $249.99 , $173.90 ,"65""-95"" Slimline Wall Bracket",Slimline Flat To Wall TV Bracket to suit 65” – 95” – up to 100kgs – Mount pattern compatible up to 1200 x 800mm - Black,,,,
4126 LCD TV,SLP69, $199.99 , $139.12 ,37?-80? Articulating TV Wall Mount,37?-80? Articulating TV Wall Mount,,,,
4126 LCD TV,ST02, $199.99 , $121.73 ,"32""-40"" Tilt Wall Bracket",Tilt TV Bracket to suit 32” – 40” – up to 45kgs with +/- 15 degree tilt – Mount pattern compatible up to 400 x 400mm - Black,,9419690016627,,
4126 LCD TV,ST03, $199.99 , $108.51 ,"40""-60"" Tilt Wall Bracket",Tilt TV Bracket to suit 40” – 60” – up to 60kgs with +/- 15 degree tilt – Mount pattern compatible up to 600 x 400mm - Black,,9419690016252,,
4126 LCD TV,ST04, $229.99 , $139.99 ,"46""-85"" Tilt Wall Bracket",Tilt TV Bracket to suit 46” – 85” – up to 100kgs with +/- 15 degree tilt – Mount pattern compatible up to 600 x 400mm - Black,,,,
4124 DISPLAY COMM,SR86AA," $6,999.99 "," $3,956.52 ","86"" 4K Digital Signage Monitor 700nit Android RS232","86"" 4K Digital Signage Monitor 700nit Android RS232",,9419690025407,https://www.panasonic.com/nz/consumer/television-audio/commercialpanels/24-7-panel/sr86aa.html,
4124 DISPLAY COMM,GM98A-M," $17,999.99 "," $9,391.30 ","98"" Digital Monitor","4K 98"" Monitor, 500 Nit",,,https://www.panasonic.co.nz/commercialpanels,
4124 DISPLAY COMM,VE49L-A," $2,999.99 "," $1,826.08 ","49"" FHD Video Wall Monitor","FHD 49"" Video Wall Monitor - 3.5mm Bezel, 500 Nit",,,https://www.panasonic.co.nz/commercialpanels,
4124 DISPLAY COMM,SR55AA," $2,499.99 "," $1,413.04 ","55"" 4K Digital Signage Panel - 24/7","55"" 4K LED Digital Signage Panel, 24/7 usage, 700nit brightness, Android SoC, RS232 Control, Video Wall Mode, Landscape or Portrait Installation, 178deg Viewing Angle, HDMI CEC Compatibility, Super Sl",,9419690025377,https://www.panasonic.com/nz/consumer/television-audio/commercialpanels/24-7-4k-panel/sr55aa.html,
4124 DISPLAY COMM,SR43AA," $1,799.99 ", $939.13 ,"43"" 4K Digital Signage Panel - 24/7","43"" 4K LED Digital Signage Panel, 24/7 usage, 700nit brightness, Android SoC, RS232 Control, Video Wall Mode, Landscape or Portrait Installation, 178deg Viewing Angle, HDMI CEC Compatibility, Super Sl",,9419690025353,https://www.panasonic.com/nz/consumer/television-audio/commercialpanels/24-7-4k-panel/sr43aa.html,
4124 DISPLAY COMM,SR75AA," $4,299.99 "," $2,430.43 ","75"" 4K Digital Signage Panel - 24/7","75"" 4K LED Digital Signage Panel, 24/7 usage, 700nit brightness, Android SoC, RS232 Control, Video Wall Mode, Landscape or Portrait Installation, 178deg Viewing Angle, HDMI CEC Compatibility, Super Sl",,9419690025391,https://www.panasonic.com/nz/consumer/television-audio/commercialpanels/24-7-4k-panel/sr75aa.html,
4124 DISPLAY COMM,SR65AA," $3,199.99 "," $1,808.69 ","65"" 4K Digital Signage Panel - 24/7","65"" 4K LED Digital Signage Panel, 24/7 usage, 700nit brightness, Android SoC, RS232 Control, Video Wall Mode, Landscape or Portrait Installation, 178deg Viewing Angle, HDMI CEC Compatibility, Super Sl",,9419690025384,https://www.panasonic.com/nz/consumer/television-audio/commercialpanels/24-7-4k-panel/sr65aa.html,
4124 DISPLAY COMM,SR49AA," $2,099.99 "," $1,095.64 ","49"" 4K Digital Signage Panel - 24/7","49"" 4K LED Digital Signage Panel, 24/7 usage, 700nit brightness, Android SoC, RS232 Control, Video Wall Mode, Landscape or Portrait Installation, 178deg Viewing Angle, HDMI CEC Compatibility, Super Sl",,9419690025360,https://www.panasonic.com/nz/consumer/television-audio/commercialpanels/24-7-4k-panel/sr49aa.html,
4124 DISPLAY COMM,GM110B-M," $39,999.99 "," $22,608.69 ","110"" 4K Digital Monitor","4K 110"" Monitor, 700 Nit, RS232 Control",,,https://www.panasonic.co.nz/commercialpanels,
4124 DISPLAY COMM,SL32AP-PBMA," $1,149.99 ", $619.56 ,"32"" 24x7 Digital Signage Panel with Android SoC & 500nits","32"" FHD LED Digital Signage Panel, 24/7 usage, 500nit brightness, Android SoC, RS232 Control, Video Wall Mode, Landscape or Portrait Installation, 178deg Viewing Angle",BLACK,9419690008134,,
Total,131,,,,,,,,
,,,,,,,,,
,,,,,,,,,
